origen,destino,tipo,servicio_directo_confirmado,numeros_ava_confirmados,numeros_ava_observados,movimientos_observados
SKBO,SKIP,domestica,si,4812 5200 9401,4812 5200 9401,15
SKIP,SKBO,domestica,si,4811 5201 8598,4811 5201 8598,15
SKBO,SKUC,domestica,si,4872,4872,15
SKBO,SKUI,domestica,si,4855,4855,12
SKUC,SKBO,domestica,si,4871,4871,11
SKUI,SKBO,domestica,si,4854,4854,14
SKBG,SKCL,domestica,no,,4805 4813 4875 8411 8421 8447 8463 8469 8523 8563 8567 9201 9203 9205 9211 9221 9227 9248 9371 9431 9465 9527 9533 9545 9711,137
SKCL,SKBG,domestica,no,,4804 4814 5216 8416 8418 8454 8522 8562 8564 9204 9218 9220 9224 9228 9366 9466 9470 9472 9544 9566 9710 9712 9726 9816,116
SKCL,SKMR,domestica,no,,8416 8418 8454 8500 8506 8508 8522 8532 9204 9218 9220 9228 9352 9366 9396 9464 9544 9566 9712 9726 9794 9816,68
SKMR,SKCL,domestica,no,,8411 8421 8459 8463 8469 8497 8509 8523 8567 9201 9203 9205 9221 9227 9272 9277 9397 9425 9431 9527 9533 9545,76
SKBQ,SKPE,domestica,no,,4803 4847 4853 8407 8419 8431 8525 8527 8529 8531 8539 8549 8575 9241 9265 9521 9523 9525 9529 9531 9817,68
SKPE,SKBQ,domestica,no,,4802 4846 8434 8446 8504 8512 8538 8554 8560 8574 8582 9264 9416 9443 9512 9520 9524 9526 9534 9796,72
SKNV,SKRG,domestica,no,,4816 4834 4860 8432 9234 9242 9270 9302 9304 9306 9308 9322 9328 9330 9336 9340 9342 9350,116
SKPE,SKSM,domestica,no,,4802 4832 4836 4846 4863 4864 8484 8486 8496 8504 8512 8538 8560 9264 9443 9506 9554 9762,54
SKRG,SKYP,domestica,no,,4857 4879 4895 8427 8451 8475 9243 9245 9301 9303 9311 9349 9351 9361 9383 9463 9653 9725,96
SKBG,SKPE,domestica,no,,4803 4805 4813 4847 4853 4875 8407 8447 8539 8563 9241 9246 9265 9371 9465 9711 9817,48
SKYP,SKRG,domestica,no,,4858 4874 4878 8432 9234 9242 9270 9302 9304 9306 9308 9322 9328 9336 9340 9342 9350,118
SKPE,SKBG,domestica,no,,4802 4804 4814 4846 8504 8512 8538 8560 8564 9249 9264 9443 9466 9470 9472 9710,46
SKRG,SKNV,domestica,no,,4815 4835 4859 8427 8451 9243 9301 9303 9311 9349 9351 9361 9383 9463 9653 9725,84
SKCL,SKVP,domestica,no,,8416 8418 8454 8522 8576 8580 8594 9204 9216 9218 9228 9366 9544 9726 9816,32
SKCL,SKYP,domestica,no,,4857 4879 4895 8416 8418 8454 8522 9204 9218 9228 9366 9544 9712 9726 9816,90
SKPE,SKCC,domestica,no,,4802 4846 5226 5232 8504 8512 8538 8560 9320 9346 9443 9448 9458 9724 9843,34
SKVV,SKRG,domestica,no,,4809 4827 4881 9234 9270 9302 9304 9306 9308 9322 9328 9330 9336 9340 9350,64
SKYP,SKCL,domestica,no,,4858 4874 4878 8411 8421 8463 8469 8523 8567 9201 9203 9221 9227 9527 9533,103
SKVP,SKCL,domestica,no,,8411 8421 8469 8567 8577 8581 8595 9205 9221 9227 9411 9527 9533 9545,27
SKAR,SKCG,domestica,no,,5212 8472 8502 8556 9255 9386 9548 9552 9754 9786 9790 9840 9842,42
SKBG,SKSP,domestica,no,,4875 8440 8447 8563 9246 9248 9348 9376 9465 9711 9776 9780 9782,44
SKNV,SKBQ,domestica,no,,4816 4834 4860 8434 8446 8574 9416 9512 9520 9524 9526 9534 9796,52
SKBQ,SKYP,domestica,no,,4857 4895 8419 8431 8525 8527 8531 8575 9521 9523 9529 9531,54
SKCC,SKPE,domestica,no,,4803 4847 5227 8403 8539 9241 9407 9429 9447 9453 9511 9817,20
SKEJ,SKCL,domestica,no,,4828 8411 8421 8463 8523 8567 9203 9221 9227 9533 9545 9700,54
SKNV,SKCG,domestica,no,,4816 4834 4860 8472 8490 8556 9548 9552 9752 9754 9786 9790,66
SKRG,SKIP,domestica,no,,4812 5200 8427 8451 8475 9243 9245 9383 9401 9463 9653 9725,34
SKRG,SKVV,domestica,no,,4810 4824 4880 8427 8451 8475 9245 9303 9383 9463 9653 9725,60
SKSP,SKPE,domestica,no,,4803 4847 4853 8403 8441 8539 8561 9377 9389 9445 9779 9817,28
SKYP,SKBQ,domestica,no,,4858 4874 4878 8434 8446 8574 9416 9520 9524 9526 9534 9796,56
SKBQ,SKNV,domestica,no,,4815 4835 4859 8419 8431 8527 8531 8575 9521 9523 9529,50
SKCG,SKYP,domestica,no,,4857 4895 8423 8537 8559 9515 9541 9747 9795 9797 9807,56
SKPS,SKBQ,domestica,no,,8446 8456 8574 8582 8584 9402 9512 9524 9526 9534 9796,26
SKPS,SKCG,domestica,no,,8456 8472 8490 8556 8584 9402 9548 9552 9754 9786 9790,28
SKSP,SKCC,domestica,no,,5226 5232 8561 9346 9347 9377 9445 9448 9458 9510 9779,20
SKYP,SKCG,domestica,no,,4858 4874 4878 8472 8556 9548 9552 9752 9754 9786 9790,62
SKAR,SKSM,domestica,no,,4832 4836 4863 4864 8486 9255 9506 9554 9840 9842,26
SKCG,SKAR,domestica,no,,5213 8559 9254 9515 9563 9717 9747 9797 9807 9841,25
SKIP,SKRG,domestica,no,,4811 5201 8598 9234 9306 9308 9322 9328 9340 9350,36
SKNV,SKSM,domestica,no,,4816 4832 4834 4836 4860 4863 4864 8486 8496 9554,46
SKPE,SKSP,domestica,no,,4846 8504 8512 8538 8560 9376 9443 9776 9780 9782,32
SKSP,SKBG,domestica,no,,4804 8561 9377 9445 9466 9470 9472 9710 9779 9820,38
SKAR,SKBQ,domestica,no,,8446 8574 9512 9524 9526 9534 9796 9840 9842,26
SKCC,SKSP,domestica,no,,9348 9376 9407 9429 9447 9453 9507 9776 9780,18
SKCG,SKIP,domestica,no,,4812 5200 8423 8537 9401 9541 9795 9797 9807,22
SKIB,SKCG,domestica,no,,4844 4848 8472 8556 9548 9552 9752 9786 9790,22
SKLT,SKBQ,domestica,no,,8434 8446 8582 9489 9492 9512 9524 9526 9534,16
SKMZ,SKBQ,domestica,no,,8434 8446 8582 9512 9520 9524 9526 9534 9796,18
SKNV,SKCC,domestica,no,,4816 4834 4860 5226 5232 9346 9448 9458 9724,36
SKRG,SKFL,domestica,no,,8427 8475 9243 9245 9311 9349 9361 9653 9725,24
SKRH,SKPE,domestica,no,,4803 4853 8413 8429 8535 8539 8591 9241 9817,12
SKYP,SKSM,domestica,no,,4832 4858 4863 4864 4874 4878 8486 8496 9554,52
SKBG,SKAR,domestica,no,,4805 5213 8563 9246 9254 9465 9711 9841,18
SKBG,SKNV,domestica,no,,4813 4835 4859 4875 8447 8563 9465 9711,32
SKBQ,SKIP,domestica,no,,4812 5200 8419 8525 9401 9521 9523 9531,20
SKCG,SKMZ,domestica,no,,8423 8537 8559 9541 9747 9795 9797 9807,20
SKCG,SKNV,domestica,no,,4835 4859 8423 8559 9515 9747 9797 9807,52
SKCG,SKPS,domestica,no,,8457 8537 8587 9541 9747 9795 9797 9807,20
SKFL,SKRG,domestica,no,,9234 9242 9306 9328 9330 9340 9342 9350,26
SKIB,SKBQ,domestica,no,,4844 4848 8446 8574 9416 9524 9534 9796,16
SKIP,SKSM,domestica,no,,4811 4863 4864 5201 8496 8598 9554 9762,20
SKLT,SKCL,domestica,no,,8421 8469 9205 9221 9489 9492 9533 9545,18
SKLT,SKRG,domestica,no,,9242 9304 9328 9336 9340 9342 9489 9492,24
SKNV,SKBG,domestica,no,,4804 4814 4816 4834 4860 9466 9472 9710,30
SKPE,SKYP,domestica,no,,4846 4857 4895 8504 8512 8538 8560 9443,34
SKPP,SKRG,domestica,no,,9242 9270 9302 9304 9322 9330 9336 9342,20
SKPS,SKCC,domestica,no,,5232 8456 8584 9346 9402 9448 9458 9724,16
SKPS,SKSM,domestica,no,,4832 4836 4864 8456 8486 8584 9402 9762,18
SKRG,SKUC,domestica,no,,4872 8475 9245 9349 9351 9361 9653 9725,20
SKSM,SKAR,domestica,no,,4831 5213 8487 8491 8505 9254 9269 9841,14
SKVP,SKPE,domestica,no,,4803 4847 4853 8577 8595 9241 9411 9817,12
SKYP,SKPE,domestica,no,,4803 4853 4858 4874 4878 8539 9241 9817,44
SKAR,SKCC,domestica,no,,5232 9346 9448 9458 9724 9840 9842,20
SKBG,SKIP,domestica,no,,4812 4813 4875 5200 8447 9401 9465,12
SKBQ,SKAR,domestica,no,,5213 8431 8527 8575 9525 9529 9841,18
SKBQ,SKFL,domestica,no,,8419 8525 8527 8531 9521 9523 9531,18
SKCG,SKFL,domestica,no,,8423 8537 8559 9541 9747 9795 9807,20
SKCL,SKEJ,domestica,no,,4829 8522 9204 9228 9366 9701 9726,38
SKCL,SKLT,domestica,no,,8522 9204 9366 9408 9488 9491 9726,16
SKCL,SKUC,domestica,no,,4872 8454 9218 9228 9366 9544 9816,12
SKIB,SKSM,domestica,no,,4832 4844 4848 4863 4864 8486 9554,14
SKIP,SKBQ,domestica,no,,4811 5201 8434 8582 8598 9520 9796,16
SKMZ,SKSM,domestica,no,,4836 4863 4864 8486 8496 9554 9762,20
SKNV,SKMR,domestica,no,,4816 4834 4860 8500 8508 8532 9794,22
SKPE,SKVP,domestica,no,,4846 8504 8560 8576 8580 9216 9443,10
SKPS,SKBG,domestica,no,,8456 8584 9402 9466 9470 9472 9710,12
SKRG,SKLT,domestica,no,,8451 9303 9311 9383 9488 9491 9653,14
SKSM,SKNV,domestica,no,,4831 4835 4837 4859 8487 8491 9269,34
SKSM,SKYP,domestica,no,,4831 4837 4857 4895 8487 9269 9763,32
SKVV,SKSP,domestica,no,,4809 4827 4881 9376 9776 9780 9782,14
SKAR,SKMR,domestica,no,,8532 9255 9352 9794 9840 9842,14
SKBQ,SKMZ,domestica,no,,8419 8431 8525 9521 9523 9531,14
SKBQ,SKPS,domestica,no,,8431 8457 8525 8587 9523 9531,14
SKCC,SKNV,domestica,no,,4835 4859 9407 9429 9447 9453,24
SKIB,SKCC,domestica,no,,4844 4848 5226 5232 9346 9724,8
SKIP,SKBG,domestica,no,,4804 4811 5201 8598 9470 9472,18
SKIP,SKCG,domestica,no,,4811 5201 8472 8598 9752 9790,12
SKIP,SKMR,domestica,no,,4811 5201 8500 8508 8532 8598,8
SKMR,SKNV,domestica,no,,4835 4859 8459 8509 9397 9425,20
SKMR,SKYP,domestica,no,,4857 4895 8459 8509 9397 9425,20
SKMZ,SKCG,domestica,no,,8472 8490 9552 9752 9786 9790,18
SKNV,SKSP,domestica,no,,4816 4834 9376 9776 9780 9782,14
SKPP,SKBQ,domestica,no,,8446 8574 9524 9526 9534 9796,12
SKPP,SKCG,domestica,no,,8556 9548 9552 9754 9786 9790,16
SKPS,SKMR,domestica,no,,8456 8500 8532 8584 9402 9794,8
SKRG,SKPI,domestica,no,,8427 8451 9243 9383 9463 9725,12
SKSP,SKAR,domestica,no,,5213 8561 9254 9347 9377 9841,8
SKVV,SKRH,domestica,no,,4809 4827 4881 8412 8428 8590,12
SKYP,SKMR,domestica,no,,4858 4874 4878 8508 8532 9794,18
SKYP,SKSP,domestica,no,,4858 4878 9376 9776 9780 9782,20
SKAR,SKBG,domestica,no,,9466 9472 9710 9840 9842,14
SKCC,SKIP,domestica,no,,4812 5200 9401 9407 9429,14
SKEJ,SKPE,domestica,no,,4828 4853 8539 9241 9700,20
SKFL,SKBQ,domestica,no,,8434 8582 9512 9520 9526,10
SKIB,SKBG,domestica,no,,4814 4844 4848 9472 9710,10
SKIB,SKMR,domestica,no,,4844 4848 8508 8532 9794,10
SKIP,SKSP,domestica,no,,4811 5201 8598 9776 9780,6
SKIP,SKVP,domestica,no,,4811 5201 8576 8580 8598,6
SKLT,SKCC,domestica,no,,5232 9448 9458 9489 9492,6
SKLT,SKCG,domestica,no,,8490 9489 9492 9552 9754,14
SKLT,SKSM,domestica,no,,4836 8486 9489 9492 9762,12
SKMR,SKIP,domestica,no,,4812 5200 8459 9401 9425,6
SKNV,SKRH,domestica,no,,4816 4834 8412 8428 8590,12
SKNV,SKVP,domestica,no,,4816 4834 8576 8580 9216,12
SKPE,SKRH,domestica,no,,8412 8512 8560 8590 9443,14
SKPE,SKUC,domestica,no,,4846 4872 8538 8560 9443,8
SKPI,SKRG,domestica,no,,9234 9306 9308 9328 9350,14
SKRH,SKNV,domestica,no,,4835 4859 8413 8535 8591,16
SKRH,SKYP,domestica,no,,4857 4895 8413 8535 8591,18
SKSM,SKIP,domestica,no,,4812 5200 8487 9401 9763,6
SKSM,SKPS,domestica,no,,4831 8457 8587 9269 9763,8
SKSP,SKNV,domestica,no,,4835 4859 8561 9377 9445,16
SKSP,SKYP,domestica,no,,4857 4895 8561 9377 9445,16
SKUC,SKRG,domestica,no,,4871 9328 9330 9340 9342,14
SKYP,SKVP,domestica,no,,4858 4878 8576 8580 9216,14
SKAR,SKVP,domestica,no,,8580 9216 9840 9842,6
SKBG,SKFL,domestica,no,,4875 8447 9465 9711,10
SKBG,SKMZ,domestica,no,,4813 8447 9465 9711,10
SKBG,SKUI,domestica,no,,4813 4855 4875 8447,16
SKBQ,SKLT,domestica,no,,8431 9488 9491 9523,4
SKEJ,SKIP,domestica,no,,4812 4828 5200 9401,12
SKFL,SKCG,domestica,no,,8472 8490 9752 9754,14
SKFL,SKSM,domestica,no,,4836 8496 9554 9762,12
SKIB,SKRH,domestica,no,,4844 4848 8428 8590,4
SKIB,SKSP,domestica,no,,4844 4848 9780 9782,6
SKIB,SKVP,domestica,no,,4844 4848 8580 9216,4
SKIP,SKCC,domestica,no,,5201 5226 8598 9346,6
SKIP,SKYP,domestica,no,,4811 4895 5201 8598,22
SKLT,SKAR,domestica,no,,5213 9489 9492 9841,6
SKLT,SKBG,domestica,no,,9466 9470 9489 9492,8
SKLT,SKPE,domestica,no,,4847 9489 9492 9817,8
SKMR,SKAR,domestica,no,,5213 8509 9397 9841,8
SKMZ,SKBG,domestica,no,,4804 9466 9470 9472,12
SKMZ,SKCC,domestica,no,,5226 5232 9346 9448,8
SKNV,SKYP,domestica,no,,4816 4834 4857 4895,32
SKPE,SKEJ,domestica,no,,4829 8504 8538 9701,8
SKPE,SKLT,domestica,no,,8504 8538 9488 9491,4
SKPS,SKRH,domestica,no,,8412 8584 8590 9402,6
SKPS,SKVP,domestica,no,,8456 8580 8584 9216,4
SKPS,SKYP,domestica,no,,4857 8456 8584 9402,16
SKRH,SKAR,domestica,no,,5213 8413 8591 9841,4
SKSM,SKFL,domestica,no,,4831 4837 8487 9763,10
SKSM,SKMZ,domestica,no,,4831 8487 9269 9763,10
SKUC,SKCL,domestica,no,,4871 8469 9205 9545,10
SKUI,SKBG,domestica,no,,4854 9466 9470 9710,16
SKVP,SKAR,domestica,no,,5213 8577 9411 9841,4
SKVP,SKNV,domestica,no,,4835 4859 8595 9411,12
SKVP,SKYP,domestica,no,,4857 4895 8595 9411,12
SKYP,SKAR,domestica,no,,4858 4874 5213 9841,10
SKYP,SKNV,domestica,no,,4858 4859 4874 4878,28
SKYP,SKRH,domestica,no,,4858 4878 8428 8590,14
SKAR,SKRH,domestica,no,,8412 8590 9840,8
SKAR,SKYP,domestica,no,,4857 9840 9842,14
SKBG,SKLT,domestica,no,,4813 9491 9711,4
SKBG,SKPS,domestica,no,,4813 8457 9711,8
SKBQ,SKIB,domestica,no,,4849 8419 8431,4
SKCC,SKFL,domestica,no,,9407 9447 9453,8
SKCC,SKIB,domestica,no,,4849 9429 9453,6
SKCC,SKLT,domestica,no,,9429 9453 9491,4
SKCC,SKMZ,domestica,no,,9407 9429 9453,6
SKCC,SKUI,domestica,no,,4855 9407 9429,10
SKCG,SKIB,domestica,no,,4849 9747 9797,8
SKCG,SKLT,domestica,no,,9491 9747 9797,4
SKCG,SKPP,domestica,no,,8559 9747 9797,8
SKEJ,SKNV,domestica,no,,4828 4835 9700,22
SKEJ,SKSP,domestica,no,,4828 9376 9782,6
SKFL,SKBG,domestica,no,,4804 9466 9470,10
SKFL,SKCC,domestica,no,,5226 9448 9458,6
SKIB,SKIP,domestica,no,,4812 4844 9401,4
SKIB,SKUC,domestica,no,,4844 4848 4872,4
SKIP,SKEJ,domestica,no,,4811 8598 9701,8
SKIP,SKIB,domestica,no,,4811 4849 8598,4
SKMZ,SKSP,domestica,no,,9376 9776 9780,8
SKPI,SKSM,domestica,no,,4863 8496 9554,8
SKPP,SKBG,domestica,no,,4814 9466 9710,6
SKPP,SKCC,domestica,no,,5232 9458 9724,6
SKPP,SKSM,domestica,no,,4832 4864 8486,6
SKPS,SKSP,domestica,no,,8584 9376 9402,6
SKRG,SKPP,domestica,no,,9303 9311 9361,8
SKRH,SKFL,domestica,no,,8413 8535 8591,6
SKSM,SKIB,domestica,no,,4831 4849 9269,6
SKSM,SKLT,domestica,no,,4831 9269 9491,4
SKSP,SKLT,domestica,no,,8561 9445 9491,4
SKUC,SKPE,domestica,no,,4847 4871 9817,4
SKUI,SKCC,domestica,no,,5232 9448 9458,6
SKUI,SKYP,domestica,no,,4854 4857 4895,16
SKYP,SKIP,domestica,no,,4812 4878 9401,8
SKAR,SKSP,domestica,no,,9376 9840,8
SKBG,SKIB,domestica,no,,4813 4849,4
SKBG,SKPI,domestica,no,,4875 9465,4
SKBQ,SKPP,domestica,no,,8431 8527,6
SKCC,SKAR,domestica,no,,9453 9841,2
SKCC,SKPI,domestica,no,,9407 9429,6
SKCC,SKPS,domestica,no,,8457 9453,2
SKCG,SKBQ,domestica,no,,8546 8593,4
SKCG,SKPI,domestica,no,,8423 9807,4
SKEJ,SKAR,domestica,no,,5213 9700,4
SKFL,SKMR,domestica,no,,8500 8508,4
SKFL,SKRH,domestica,no,,8412 8428,4
SKFL,SKSP,domestica,no,,9776 9780,4
SKFL,SKYP,domestica,no,,4857 4895,12
SKIB,SKYP,domestica,no,,4844 4848,4
SKIP,SKMD,domestica,no,,4811 8598,8
SKIP,SKMZ,domestica,no,,4811 8598,4
SKIP,SKRH,domestica,no,,5201 8428,2
SKLT,SKEJ,domestica,no,,9489 9701,4
SKLT,SKIB,domestica,no,,4849 9489,2
SKLT,SKMR,domestica,no,,8500 9489,4
SKLT,SKNV,domestica,no,,4835 9489,8
SKLT,SKRH,domestica,no,,8412 9489,2
SKLT,SKSP,domestica,no,,9489 9776,4
SKLT,SKVP,domestica,no,,8576 9489,2
SKLT,SKVV,domestica,no,,4824 9489,4
SKLT,SKYP,domestica,no,,4857 9489,6
SKMD,SKSP,domestica,no,,9376 9780,6
SKMD,SKYP,domestica,no,,4857 4895,36
SKMR,SKFL,domestica,no,,8459 9397,4
SKMR,SKIB,domestica,no,,4849 9425,4
SKMR,SKLT,domestica,no,,9425 9491,2
SKMR,SKPI,domestica,no,,8459 9425,4
SKMR,SKPS,domestica,no,,8457 9425,6
SKMZ,SKRH,domestica,no,,8412 8428,4
SKMZ,SKVP,domestica,no,,8576 8580,6
SKMZ,SKYP,domestica,no,,4857 4895,18
SKNV,SKUC,domestica,no,,4834 4872,6
SKPI,SKBG,domestica,no,,4804 9472,4
SKPI,SKBQ,domestica,no,,8434 9520,4
SKPI,SKCC,domestica,no,,5226 9346,4
SKPI,SKCG,domestica,no,,8472 9752,4
SKPP,SKMR,domestica,no,,8532 9794,4
SKPS,SKMZ,domestica,no,,8584 9402,4
SKRH,SKIP,domestica,no,,5200 8535,2
SKRH,SKLT,domestica,no,,8413 9491,2
SKRH,SKMZ,domestica,no,,8413 8535,4
SKRH,SKPS,domestica,no,,8413 8457,2
SKRH,SKVV,domestica,no,,4824 8535,4
SKSM,SKPP,domestica,no,,4831 9269,4
SKSP,SKEJ,domestica,no,,8561 9701,4
SKSP,SKIB,domestica,no,,4849 9445,2
SKSP,SKIP,domestica,no,,5200 9445,2
SKSP,SKMZ,domestica,no,,8561 9445,4
SKSP,SKPS,domestica,no,,8457 8561,2
SKSP,SKVV,domestica,no,,4824 9445,4
SKUC,SKAR,domestica,no,,4871 9841,2
SKUC,SKIB,domestica,no,,4849 4871,2
SKUC,SKLT,domestica,no,,4871 9491,2
SKUC,SKNV,domestica,no,,4835 4871,6
SKUC,SKPS,domestica,no,,4871 8457,2
SKUC,SKSP,domestica,no,,4871 9776,2
SKUI,SKLT,domestica,no,,4854 9491,6
SKUI,SKVP,domestica,no,,4854 8576,4
SKVP,SKFL,domestica,no,,8595 9411,4
SKVP,SKIB,domestica,no,,4849 9411,2
SKVP,SKIP,domestica,no,,5200 8595,2
SKVP,SKLT,domestica,no,,9411 9491,2
SKVP,SKMZ,domestica,no,,8595 9411,4
SKVP,SKPS,domestica,no,,8457 9411,2
SKVV,SKLT,domestica,no,,4881 9491,6
SKYP,SKFL,domestica,no,,4858 4878,12
SKYP,SKMD,domestica,no,,4858 4878,12
SKYP,SKUI,domestica,no,,4855 4878,10
SKBG,SKPP,domestica,no,,9711,2
SKBO,SKPI,domestica,no,,5099,8
SKBQ,SKPI,domestica,no,,9521,2
SKCC,SKPP,domestica,no,,9453,2
SKEJ,SKFL,domestica,no,,4828,6
SKEJ,SKMZ,domestica,no,,4828,6
SKEJ,SKPI,domestica,no,,4828,4
SKFL,SKEJ,domestica,no,,9701,6
SKFL,SKVP,domestica,no,,8576,2
SKIP,SKUC,domestica,no,,5201,2
SKLT,SKMD,domestica,no,,9489,4
SKLT,SKMZ,domestica,no,,9489,4
SKLT,SKPP,domestica,no,,9489,2
SKLT,SKUI,domestica,no,,9489,2
SKMD,SKIP,domestica,no,,5200,4
SKMR,SKPP,domestica,no,,9397,2
SKMZ,SKEJ,domestica,no,,9701,4
SKMZ,SKIP,domestica,no,,5200,2
SKMZ,SKLT,domestica,no,,9491,2
SKMZ,SKPS,domestica,no,,8457,2
SKNV,SKEJ,domestica,no,,9701,4
SKNV,SKLT,domestica,no,,9491,2
SKPI,SKMR,domestica,no,,8508,2
SKPI,SKRH,domestica,no,,8428,2
SKPI,SKSP,domestica,no,,9780,2
SKPI,SKVP,domestica,no,,8580,2
SKPI,SKYP,domestica,no,,4895,8
SKPP,SKRH,domestica,no,,8590,2
SKPP,SKSP,domestica,no,,9376,2
SKPP,SKVP,domestica,no,,9216,2
SKRH,SKPI,domestica,no,,8535,2
SKRH,SKPP,domestica,no,,8413,2
SKRH,SKUI,domestica,no,,8535,2
SKSM,SKPI,domestica,no,,8487,2
SKSP,SKFL,domestica,no,,8561,2
SKSP,SKMD,domestica,no,,8561,4
SKSP,SKPI,domestica,no,,9445,2
SKSP,SKPP,domestica,no,,8561,2
SKSP,SKUC,domestica,no,,9377,2
SKUC,SKCG,domestica,no,,9821,2
SKUC,SKMD,domestica,no,,4871,6
SKUC,SKMZ,domestica,no,,4871,4
SKUC,SKPP,domestica,no,,4871,2
SKUC,SKUI,domestica,no,,4871,2
SKUI,SKRH,domestica,no,,8412,2
SKVP,SKPI,domestica,no,,8595,2
SKVP,SKPP,domestica,no,,9411,2
SKVP,SKRG,domestica,no,,8581,1
SKVP,SKUI,domestica,no,,9411,2
SKYP,SKLT,domestica,no,,9491,2
SKYP,SKPI,domestica,no,,4878,2
SKYP,SKPP,domestica,no,,4858,4
SKYP,SKPS,domestica,no,,8457,2
