origen,destino,tipo,vuelos_nuestros,numeros_nuestros,numeros_ava_observados,ava_directo_confirmado,numeros_ava_confirmados_ida,numeros_ava_confirmados_vuelta,numeros_ava_posible_escala,coinciden_ava,coinciden_inverso,nuestros_en_otra_ruta_ava,nuestros_que_ava_no_usa,ava_no_cubiertos_por_nosotros,cobertura_%
CYUL,SKBO,internacional,1,201,29 37 61 119 137 201 205 219 247 253 255 257 263,si,201,,29 37 61 119 137 205 219 247 253 255 257 263,201,,,,29 37 61 119 137 205 219 247 253 255 257 263,100.0
CYUL,SKCG,internacional,2,301 910,201 9542 9832,no,,,201 9542 9832,,,,301 910,201 9542 9832,0.0
CYYZ,SKBO,internacional,1,302,9 37 61 73 79 119 127 137 187 189 201 205 211 247 253 255 257 263 325 365,si,205 255,,9 37 61 73 79 119 127 137 187 189 201 211 247 253 257 263 325 365,,,,302,9 37 61 73 79 119 127 137 187 189 201 205 211 247 253 255 257 263 325 365,0.0
EDDF,SKBO,internacional,1,306,7 11 19 47 121 189 211 245 247 263 4911,no,,,7 11 19 47 121 189 211 245 247 263 4911,,,,306,7 11 19 47 121 189 211 245 247 263 4911,0.0
EGLL,SKBO,internacional,1,309,121 211,si,121,,211,,,,309,121 211,0.0
KATL,SKBO,internacional,4,327 792 858 864,9 119 127 247,no,,,9 119 127 247,,,,327 792 858 864,9 119 127 247,0.0
KATL,SKRG,internacional,2,330 894,9304 9322 9342,no,,,9304 9322 9342,,,,330 894,9304 9322 9342,0.0
KBOS,SKBO,internacional,1,227,7 37 61 67 119 127 201 205 211 227 245 255 263 365 445,si,227,,7 37 61 67 119 127 201 205 211 245 255 263 365 445,227,,,,7 37 61 67 119 127 201 205 211 245 255 263 365 445,100.0
KBOS,SKCG,internacional,2,320 332,,no,,,,,,,320 332,,0.0
KDFW,SKBO,internacional,3,113 177 189,127 189 195 247 263,si,189,,127 195 247 263,177 189,,113,,127 195 247 263,66.7
KEWR,SKBO,internacional,2,269 270,7 9 29 37 67 69 119 127 137 195 201 205 209 219 233 253 255 257 263 4911,no,,,7 9 29 37 67 69 119 127 137 195 201 205 209 219 233 253 255 257 263 4911,,,269 270,,7 9 29 37 67 69 119 127 137 195 201 205 209 219 233 253 255 257 263 4911,0.0
KEWR,SKCG,internacional,1,334,,no,,,,,,,334,,0.0
KFLL,SKAR,internacional,1,336,37 67 5213 9841,no,,,37 67 5213 9841,,,,336,37 67 5213 9841,0.0
KFLL,SKBO,internacional,2,37 349,37 67 191 237 9309 9335,si,37 67,,191 237 9309 9335,37,,,349,67 191 237 9309 9335,50.0
KFLL,SKCG,internacional,2,338 794,,no,,,,,,,338 794,,0.0
KFLL,SKCL,internacional,2,339 340,37 67 191 237 8463 9203 9205 9221 9439 9527 9533,si,237,,37 67 191 8463 9203 9205 9221 9439 9527 9533,,,,339 340,37 67 191 237 8463 9203 9205 9221 9439 9527 9533,0.0
KFLL,SKRG,internacional,2,191 880,37 67 191 9242 9304 9306 9308 9322 9328 9340 9350,si,191,,37 67 9242 9304 9306 9308 9322 9328 9340 9350,191,,,880,37 67 9242 9304 9306 9308 9322 9328 9340 9350,50.0
KIAD,SKBO,internacional,5,246 247 345 874 878,29 59 61 69 119 127 149 195 201 205 211 219 247 257 265 365 581 583,si,149 247,,29 59 61 69 119 127 195 201 205 211 219 257 265 365 581 583,247,246,,345 874 878,29 59 61 69 119 127 149 195 201 205 211 219 257 265 365 581 583,20.0
KIAH,SKBO,internacional,1,508,7 29 35 37 57 61 69 73 119 124 127 187 189 219 257 259 265 267 365 425 699 4911 8395 9309 9335,no,,,7 29 35 37 57 61 69 73 119 124 127 187 189 219 257 259 265 267 365 425 699 4911 8395 9309 9335,,,,508,7 29 35 37 57 61 69 73 119 124 127 187 189 219 257 259 265 267 365 425 699 4911 8395 9309 9335,0.0
KIAH,SKRG,internacional,2,782 934,31 191 203 269 8432 9242 9252 9260 9304 9322 9342 9354,no,,,31 191 203 269 8432 9242 9252 9260 9304 9322 9342 9354,,,,782 934,31 191 203 269 8432 9242 9252 9260 9304 9322 9342 9354,0.0
KJFK,SKBO,internacional,4,21 211 371 814,7 9 21 29 37 43 57 59 61 67 127 153 165 195 205 211 219 245 247 259 263 383 385 569 653 661 671 743 7393 8384 8388 8451 9303 9311 9349 9361 9383 9463,si,21 211 245,,7 9 29 37 43 57 59 61 67 127 153 165 195 205 219 247 259 263 383 385 569 653 661 671 743 7393 8384 8388 8451 9303 9311 9349 9361 9383 9463,21 211,,,371 814,7 9 29 37 43 57 59 61 67 127 153 165 195 205 219 245 247 259 263 383 385 569 653 661 671 743 7393 8384 8388 8451 9303 9311 9349 9361 9383 9463,50.0
KJFK,SKCL,internacional,1,61,21 43 153 211 237 245 8421 8465 8469 8523 8553 9205 9221 9431 9545,no,,,21 43 153 211 237 245 8421 8465 8469 8523 8553 9205 9221 9431 9545,,,61,,21 43 153 211 237 245 8421 8465 8469 8523 8553 9205 9221 9431 9545,0.0
KJFK,SKRG,internacional,2,153 826,21 43 153 203 211 245 369 661 671 8432 9242 9260 9270 9328 9340 9342 9354,si,43 153,,21 203 211 245 369 661 671 8432 9242 9260 9270 9328 9340 9342 9354,153,,,826,21 43 203 211 245 369 661 671 8432 9242 9260 9270 9328 9340 9342 9354,50.0
KLAX,SKBO,internacional,2,348 381,7 21 59 149 165 205 211 227 255 263 365 383 521 523 529,no,,,7 21 59 149 165 205 211 227 255 263 365 383 521 523 529,,,,348 381,7 21 59 149 165 205 211 227 255 263 365 383 521 523 529,0.0
KMCO,SKBO,internacional,2,29 388,29 119 219,si,29 119 219,,,29,,,388,119 219,50.0
KMCO,SKCG,internacional,1,352,203,no,,,203,,,,352,203,0.0
KMIA,SKBO,internacional,11,9 106 137 173 353 354 391 395 406 427 804,5 7 9 127 4911,si,5 7 9 127 4911,,,9 173,,106 137,353 354 391 395 406 427 804,5 7 127 4911,18.2
KMIA,SKBQ,internacional,2,3 447,3,si,3,,,3,,,447,,50.0
KMIA,SKCG,internacional,1,358,,no,,,,,,,358,,0.0
KMIA,SKCL,internacional,2,360 888,5 7 9 33 127 4911 8411 8421 8463 8465 8469 8493 8523 8553 9201 9203 9205 9221 9227 9431 9533 9545,no,,,5 7 9 33 127 4911 8411 8421 8463 8465 8469 8493 8523 8553 9201 9203 9205 9221 9227 9431 9533 9545,,,,360 888,5 7 9 33 127 4911 8411 8421 8463 8465 8469 8493 8523 8553 9201 9203 9205 9221 9227 9431 9533 9545,0.0
KMIA,SKPE,internacional,1,362,5 7 9 127 4847 4853 4911 8407 8539 9817,no,,,5 7 9 127 4847 4853 4911 8407 8539 9817,,,,362,5 7 9 127 4847 4853 4911 8407 8539 9817,0.0
KMIA,SKRG,internacional,5,364 474 484 812 818,31 33,si,31 33,,,,,,364 474 484 812 818,31 33,0.0
KMIA,SKSP,internacional,1,489,,no,,,,,,,489,,0.0
KORD,SKBO,internacional,2,263 842,7 29 61 69 73 119 127 189 195 201 205 211 219 245 247 259 263 265 267 8376,si,263,,7 29 61 69 73 119 127 189 195 201 205 211 219 245 247 259 265 267 8376,263,,,842,7 29 61 69 73 119 127 189 195 201 205 211 219 245 247 259 265 267 8376,50.0
LEBL,SKBO,internacional,1,19,11 19 47 183 247,si,19,,11 47 183 247,19,,,,11 47 183 247,100.0
LEMD,SKBO,internacional,2,11 47,11 27 47 183,si,11 27 47 183,,,11 47,,,,27 183,100.0
LEMD,SKCL,internacional,1,15,11 15 17 27 47 183 8409 8411 8421 8463 8465 8469 8493 8523 8553 9201 9205 9221 9439 9527 9533 9545,si,15,,11 17 27 47 183 8409 8411 8421 8463 8465 8469 8493 8523 8553 9201 9205 9221 9439 9527 9533 9545,15,,,,11 17 27 47 183 8409 8411 8421 8463 8465 8469 8493 8523 8553 9201 9205 9221 9439 9527 9533 9545,100.0
LEMD,SKRG,internacional,1,502,11 17 27 47 183 8432 9234 9242 9252 9260 9270 9304 9306 9308 9322 9328 9330 9340 9342 9350 9354,si,17,,11 27 47 183 8432 9234 9242 9252 9260 9270 9304 9306 9308 9322 9328 9330 9340 9342 9350 9354,,,,502,11 17 27 47 183 8432 9234 9242 9252 9260 9270 9304 9306 9308 9322 9328 9330 9340 9342 9350 9354,0.0
LPAZ,SKBO,internacional,2,503 786,,no,,,,,,,503 786,,0.0
MDPC,SKBO,internacional,3,129 253 504,129 137 253,si,129 137 253,,,129 253,,,504,137,66.7
MDPC,SKRG,internacional,1,376,221,si,221,,,,,,376,221,0.0
MDSD,SKCG,internacional,2,505 832,,no,,,,,,,505 832,,0.0
MDSD,SKCL,internacional,1,378,209 251 8421 8469 9201 9221 9527,no,,,209 251 8421 8469 9201 9221 9527,,,,378,209 251 8421 8469 9201 9221 9527,0.0
MDSD,SKRG,internacional,1,380,,no,,,,,,,380,,0.0
MGGT,SKBO,internacional,1,165,35 165 743 5035,si,35 165 743 5035,,,165,,,,35 743 5035,100.0
MHTG,SKBO,internacional,1,387,,no,,,,,,,387,,0.0
MMGL,SKBO,internacional,1,556,23 57 69 187 257 265 267,no,,,23 57 69 187 257 265 267,,,,556,23 57 69 187 257 265 267,0.0
MMMX,SKBO,internacional,4,23 45 73 187,23 45 73 187,si,23 45 73 187,,,23 45 73 187,,,,,100.0
MMMX,SKRG,internacional,2,235 822,23 45 73 187 235 269 8432 9242 9252 9260 9270 9304 9330 9336 9342 9354,si,235,,23 45 73 187 269 8432 9242 9252 9260 9270 9304 9330 9336 9342 9354,235,,,822,23 45 73 187 269 8432 9242 9252 9260 9270 9304 9330 9336 9342 9354,50.0
MMUN,SKBO,internacional,4,69 402 796 926,69 257 265,si,69 257 265,,,69,,,402 796 926,257 265,25.0
MMUN,SKCL,internacional,2,509 936,69 257 265 269 8421 8463 8469 9201 9203 9221 9471 9527,no,,,69 257 265 269 8421 8463 8469 9201 9203 9221 9471 9527,,,,509 936,69 257 265 269 8421 8463 8469 9201 9203 9221 9471 9527,0.0
MMUN,SKRG,internacional,2,405 890,69 257 265 269 9234 9242 9306 9308 9322 9342 9350,si,269,,69 257 265 9234 9242 9306 9308 9322 9342 9350,,,,405 890,69 257 265 269 9234 9242 9306 9308 9322 9342 9350,0.0
MPPA,SKRG,internacional,1,410,,no,,,,,,,410,,0.0
MPTO,SKBO,internacional,3,412 515 516,41 57 59 61,si,41 57 59 61,,,,,,412 515 516,41 57 59 61,0.0
MPTO,SKCC,internacional,1,517,9510,no,,,9510,,,,517,9510,0.0
MPTO,SKCG,internacional,2,417 518,,no,,,,,,,417 518,,0.0
MPTO,SKCL,internacional,2,308 896,,no,,,,,,,308 896,,0.0
MPTO,SKPE,internacional,1,420,41 57 59 61 4803 4847 4853 8403 8407 8539 9241 9265 9817,no,,,41 57 59 61 4803 4847 4853 8403 8407 8539 9241 9265 9817,,,,420,41 57 59 61 4803 4847 4853 8403 8407 8539 9241 9265 9817,0.0
MPTO,SKRG,internacional,2,437 854,,no,,,,,,,437 854,,0.0
MPTO,SKSM,internacional,1,784,,no,,,,,,,784,,0.0
MPTO,SKSP,internacional,1,439,,no,,,,,,,439,,0.0
MROC,SKBO,internacional,2,693 699,693 697 699,si,693 697 699,,,693 699,,,,697,100.0
MROC,SKRG,internacional,1,657,322 657 693 697 699 8432 9242 9252 9260 9304 9308 9322 9328 9340 9342 9354,si,657,,322 693 697 699 8432 9242 9252 9260 9304 9308 9322 9328 9340 9342 9354,657,,,,322 693 697 699 8432 9242 9252 9260 9304 9308 9322 9328 9340 9342 9354,100.0
MSLP,SKBO,internacional,1,383,71 365 383 385,si,71 365 383 385,,,383,,,,71 365 385,100.0
MUHA,SKBQ,internacional,2,460 519,,no,,,,,,,460 519,,0.0
MUHA,SKRG,internacional,1,462,269,no,,,269,,,,462,269,0.0
MWCR,SKBO,internacional,1,465,,no,,,,,,,465,,0.0
SAEZ,SKBO,internacional,2,88 8396,88 218 8396,si,88 218 8396,,,88 8396,,,,218,100.0
SBGL,SKBO,internacional,2,146 886,57 59 82 146 160 170 184 198 260 8396,si,146 260,,57 59 82 160 170 184 198 8396,146,,,886,57 59 82 160 170 184 198 260 8396,50.0
SBGR,SKBO,internacional,2,86 184,86 160 184 248 4948,si,86 160 184 248 4948,,,86 184,,,,160 248 4948,100.0
SBGR,SKRG,internacional,2,467 538,86 160 184 8432 9252 9260 9270 9302 9330 9336 9340 9342 9354,no,,,86 160 184 8432 9252 9260 9270 9302 9330 9336 9340 9342 9354,,,,467 538,86 160 184 8432 9252 9260 9270 9302 9330 9336 9340 9342 9354,0.0
SCEL,SKBO,internacional,4,98 116 844 846,98 116 240,si,98 116 240,,,98 116,,,844 846,240,50.0
SCEL,SKCG,internacional,2,132 539,98 116 240 8490 9530 9754 9786 9832,no,,,98 116 240 8490 9530 9754 9786 9832,132,,,539,98 116 240 8490 9530 9754 9786 9832,50.0
SCEL,SKCL,internacional,2,470 471,98 116 240 8411 8421 8465 8469 8493 8523 8553 9205 9221 9545,no,,,98 116 240 8411 8421 8465 8469 8493 8523 8553 9205 9221 9545,,,,470 471,98 116 240 8411 8421 8465 8469 8493 8523 8553 9205 9221 9545,0.0
SCEL,SKRG,internacional,2,473 540,98 116 240 8432 9242 9260 9270 9330 9340 9342 9354,no,,,98 116 240 8432 9242 9260 9270 9330 9340 9342 9354,,,,473 540,98 116 240 8432 9242 9260 9270 9330 9340 9342 9354,0.0
SECU,SKCL,internacional,1,477,,no,,,,,,,477,,0.0
SEGU,SKBO,internacional,1,8384,76 8380 8384 8388 8394,si,76 8380 8384 8388 8394,,,8384,,,,76 8380 8388 8394,100.0
SEGU,SKRG,internacional,1,8398,76 158 8380 8384 8394 8432 9242 9260 9270 9304 9308 9322 9328 9330 9340 9342 9354,no,,,76 158 8380 8384 8394 8432 9242 9260 9270 9304 9308 9322 9328 9330 9340 9342 9354,8398,,,,76 158 8380 8384 8394 8432 9242 9260 9270 9304 9308 9322 9328 9330 9340 9342 9354,100.0
SEQM,SKBO,internacional,1,124,108 124 8376 8395,si,108 124 8376,,8395,124,,,,108 8376 8395,100.0
SEQM,SKRG,internacional,1,158,108 124 158 8372 8376 8395 8432 9234 9242 9252 9260 9270 9302 9306 9308 9322 9330 9336 9340 9342 9350 9354,si,158,,108 124 8372 8376 8395 8432 9234 9242 9252 9260 9270 9302 9306 9308 9322 9330 9336 9340 9342 9350 9354,158,,,,108 124 8372 8376 8395 8432 9234 9242 9252 9260 9270 9302 9306 9308 9322 9330 9336 9340 9342 9350 9354,100.0
SGAS,SKBO,internacional,1,212,59 184 212,si,212,,59 184,212,,,,59 184,100.0
SKAR,KFLL,internacional,1,335,,no,,,,,,,335,,0.0
SKAR,SKBO,domestica,2,5212 8544,4866 5212 8544 9840 9842,si,4866 5212 8544 9840 9842,,,5212 8544,,,,4866 9840 9842,100.0
SKAR,SKMD,domestica,1,8022,,no,,,,,,,8022,,0.0
SKAR,SKRG,domestica,1,9255,9255,si,9255,,,9255,,,,,100.0
SKAR,SKVV,domestica,1,8133,4880 9840,no,,,4880 9840,,,,8133,4880 9840,0.0
SKAS,SKCL,domestica,1,8039,,no,,,,,,,8039,,0.0
SKBG,SKBO,domestica,6,4805 4813 4875 8563 9465 9711,4805 4813 4875 8447 8563 9371 9465 9475 9711,si,4805 4813 4875 8447 8563 9371 9465 9711,,9475,4805 4813 4875 8563 9465 9711,,,,8447 9371 9475,100.0
SKBG,SKCC,domestica,1,9059,,no,,,,,,,9059,,0.0
SKBG,SKCG,domestica,1,9821,9821,si,9821,,,9821,,,,,100.0
SKBG,SKMD,domestica,1,8004,,no,,,,,,,8004,,0.0
SKBG,SKRG,domestica,1,9246,9246 9248 9371,si,9246 9248,,9371,9246,,,,9248 9371,100.0
SKBG,SKSM,domestica,1,9011,,no,,,,,,,9011,,0.0
SKBG,SKSO,domestica,1,8124,,no,,,,,,,8124,,0.0
SKBG,SKVV,domestica,2,8126 8137,4813 4824 4875 4880 8447 9465,no,,,4813 4824 4875 4880 8447 9465,,,,8126 8137,4813 4824 4875 4880 8447 9465,0.0
SKBO,CYUL,internacional,1,196,56 60 66 196 200 204 222 246 254 256,si,196 200,,56 60 66 204 222 246 254 256,196,,,,56 60 66 200 204 222 246 254 256,100.0
SKBO,CYYZ,internacional,1,254,4 6 20 60 66 126 186 200 204 246 254 264 324 366,si,204 254,,4 6 20 60 66 126 186 200 246 264 324 366,254,,,,4 6 20 60 66 126 186 200 204 246 264 324 366,100.0
SKBO,EDDF,internacional,1,305,10 18 22 26 54 120 188 194 210 244 246 262,no,,,10 18 22 26 54 120 188 194 210 244 246 262,,,,305,10 18 22 26 54 120 188 194 210 244 246 262,0.0
SKBO,EGLL,internacional,1,921,120 200,si,120,,200,,,,921,120 200,0.0
SKBO,KATL,internacional,4,326 541 791 863,4 28 36 126 148 194 216 246,no,,,4 28 36 126 148 194 216 246,,,,326 541 791 863,4 28 36 126 148 194 216 246,0.0
SKBO,KBOS,internacional,2,543 855,4 8 20 28 56 126 148 194 210 216 222 246 254 366 444,si,222,,4 8 20 28 56 126 148 194 210 216 246 254 366 444,,,,543 855,4 8 20 28 56 126 148 194 210 216 222 246 254 366 444,0.0
SKBO,KDFW,internacional,2,176 188,4 8 28 188 194 216 246 366 440,si,188,,4 8 28 194 216 246 366 440,176 188,,,,4 8 28 194 216 246 366 440,100.0
SKBO,KEWR,internacional,1,139,4 8 28 36 58 66 126 128 148 194 208 216 222 232 246 254 258,no,,,4 8 28 36 58 66 126 128 148 194 208 216 222 232 246 254 258,,,139,,4 8 28 36 58 66 126 128 148 194 208 216 222 232 246 254 258,0.0
SKBO,KFLL,internacional,2,66 823,36 58 66 190 228 236 8421 8432 8469 8574 8582 9221 9260 9270 9302 9336 9512 9524 9533,si,36 66,,58 190 228 236 8421 8432 8469 8574 8582 9221 9260 9270 9302 9336 9512 9524 9533,66,,,823,36 58 190 228 236 8421 8432 8469 8574 8582 9221 9260 9270 9302 9336 9512 9524 9533,50.0
SKBO,KIAD,internacional,4,148 346 873 877,60 68 126 148 210 216 222 246 254 262 366 582,si,148 246,,60 68 126 210 216 222 254 262 366 582,148,,,346 873 877,60 68 126 210 216 222 246 254 262 366 582,25.0
SKBO,KIAH,internacional,1,507,4 28 36 44 56 58 68 72 125 126 188 194 216 256 266 384 424 8396 9252 9260 9354,no,,,4 28 36 44 56 58 68 72 125 126 188 194 216 256 266 384 424 8396 9252 9260 9354,,,,507,4 28 36 44 56 58 68 72 125 126 188 194 216 256 266 384 424 8396 9252 9260 9354,0.0
SKBO,KJFK,internacional,4,20 210 244 813,4 8 20 28 42 60 66 77 126 194 210 216 244 382 652 660 670 742 7392 7394 8383 9234 9304 9308 9322,si,20 210 244,,4 8 28 42 60 66 77 126 194 216 382 652 660 670 742 7392 7394 8383 9234 9304 9308 9322,20 210 244,,,813,4 8 28 42 60 66 77 126 194 216 382 652 660 670 742 7392 7394 8383 9234 9304 9308 9322,75.0
SKBO,KLAX,internacional,2,347 544,20 22 28 36 56 58 60 72 126 148 164 210 222 246 254 256 366 382 520 522 528,no,,,20 22 28 36 56 58 60 72 126 148 164 210 222 246 254 256 366 382 520 522 528,,,,347 544,20 22 28 36 56 58 60 72 126 148 164 210 222 246 254 256 366 382 520 522 528,0.0
SKBO,KMCO,internacional,1,118,28 118 216,si,28 118 216,,,118,,,,28 216,100.0
SKBO,KMIA,internacional,9,4 126 172 545 546 547 548 549 805,4 6 8 126 4910 4912,si,4 6 8 126,,4910 4912,4 126 172,,,545 546 547 548 549 805,6 8 4910 4912,33.3
SKBO,KORD,internacional,2,262 550,4 8 22 28 36 44 60 72 126 148 188 194 210 216 222 246 254 256 262,si,262,,4 8 22 28 36 44 60 72 126 148 188 194 210 216 222 246 254 256,262,,,550,4 8 22 28 36 44 60 72 126 148 188 194 210 216 222 246 254 256,50.0
SKBO,LEBL,internacional,1,18,10 18 22 26 182,si,18,,10 22 26 182,18,,,,10 22 26 182,100.0
SKBO,LEMD,internacional,3,10 26 46,10 26 46 182,si,10 26 46 182,,,10 26 46,,,,182,100.0
SKBO,LFPG,internacional,1,54,10 26 54 182 246,si,54,,10 26 182 246,54,,,,10 26 182 246,100.0
SKBO,MDPC,internacional,3,128 373 374,128 136 252,si,128 136 252,,,128,,,373 374,136 252,33.3
SKBO,MGGT,internacional,1,164,34 164 742,si,34 164 742,,,164,,,,34 742,100.0
SKBO,MHTG,internacional,1,386,,no,,,,,,,386,,0.0
SKBO,MMGL,internacional,1,551,44 72 256,no,,,44 72 256,,,,551,44 72 256,0.0
SKBO,MMMX,internacional,4,22 44 72 797,22 44 72 186,si,22 44 72 186,,,22 44 72,,,797,186,75.0
SKBO,MMUN,internacional,4,68 264 403 795,68 256 264,si,68 256 264,,,68 264,,,403 795,256,50.0
SKBO,MPTO,internacional,3,40 413 829,40 56 58 60,si,40 56 58 60,,,40,,,413 829,56 58 60,33.3
SKBO,MROC,internacional,1,692,692 696 698,si,692 696 698,,,692,,,,696 698,100.0
SKBO,MSLP,internacional,1,70,70 164 366 382 384,si,70 366 382,,164 384,70,,,,164 366 382 384,100.0
SKBO,MWCR,internacional,1,464,,no,,,,,,,464,,0.0
SKBO,SAEZ,internacional,2,87 8395,87 217 8395,si,87 217 8395,,,87 8395,,,,217,100.0
SKBO,SBGL,internacional,2,147 261,56 60 85 147 161 197 199 261 8395,si,147 197 261,,56 60 85 161 199 8395,147 261,,,,56 60 85 161 197 199 8395,100.0
SKBO,SBGR,internacional,2,85 161,85 161 185 199 249,si,85 161 185 199 249,,,85 161,,,,185 199 249,100.0
SKBO,SCEL,internacional,4,97 115 241 845,97 115 241,si,97 115 241,,,97 115 241,,,845,,75.0
SKBO,SEGU,internacional,1,8383,77 8383 8385 8389 8391,si,77 8383 8385 8389 8391,,,8383,,,,77 8385 8389 8391,100.0
SKBO,SEQM,internacional,1,125,117 125 8373 8377 8396,si,117 125 8373 8377,,8396,125,,,,117 8373 8377 8396,100.0
SKBO,SGAS,internacional,1,213,56 60 85 213,si,213,,56 60 85,213,,,,56 60 85,100.0
SKBO,SKAR,domestica,2,4867 5213,4867 5213 8543 9841 9845,si,4867 5213 8543 9841 9845,,,4867 5213,,,,8543 9841 9845,100.0
SKBO,SKBG,domestica,6,4804 4814 5216 8562 9466 9710,4804 4814 5216 8562 8564 9462 9466 9470 9472 9480 9710,si,4804 4814 5216 8562 9466 9470 9472 9710,,8564 9462 9480,4804 4814 5216 8562 9466 9710,,,,8564 9462 9470 9472 9480,100.0
SKBO,SKBQ,domestica,6,8434 8446 8524 8574 9520 9524,4836 8434 8446 8524 8574 8582 9416 9512 9520 9522 9524 9526 9532 9534 9540 9558 9796,si,8434 8446 8524 8574 8582 9416 9512 9520 9524 9796,,4836 9522 9526 9532 9534 9540 9558,8434 8446 8524 8574 9520 9524,,,,4836 8582 9416 9512 9522 9526 9532 9534 9540 9558 9796,100.0
SKBO,SKCC,domestica,2,5226 5232,5216 5226 5232 9320 9346 9448 9450 9454 9458 9724,si,5226 5232 9320 9346 9448 9458 9724,,5216 9450 9454,5226 5232,,,,5216 9320 9346 9448 9450 9454 9458 9724,100.0
SKBO,SKCG,domestica,4,8426 8472 8480 8490,4901 8426 8472 8480 8490 8552 8556 8558 9376 9530 9542 9548 9552 9750 9752 9754 9758 9772 9786 9790 9832,si,4901 8426 8472 8480 8490 8556 9530 9542 9548 9752 9754 9786 9790 9832,,8552 8558 9376 9552 9750 9758 9772,8426 8472 8480 8490,,,,4901 8552 8556 8558 9376 9530 9542 9548 9552 9750 9752 9754 9758 9772 9786 9790 9832,100.0
SKBO,SKCL,domestica,7,8409 8411 8421 8523 9203 9205 9221,8409 8411 8421 8463 8465 8469 8493 8523 8553 8567 9201 9203 9205 9215 9221 9227 9257 9271 9527 9533 9545,si,8409 8411 8421 8463 8465 8469 8493 8523 8553 8567 9201 9203 9205 9221 9227 9527 9533 9545,,9215 9257 9271,8409 8411 8421 8523 9203 9205 9221,,,,8463 8465 8469 8493 8553 8567 9201 9215 9227 9257 9271 9527 9533 9545,100.0
SKBO,SKCZ,domestica,1,8040,,no,,,,,,,8040,,0.0
SKBO,SKEJ,domestica,3,2984 8041 9701,4829 9701,si,4829 9701,,,2984 9701,,,8041,4829,66.7
SKBO,SKFL,domestica,1,8043,,no,,,,,,,8043,,0.0
SKBO,SKIB,domestica,1,4849,4833 4849,si,4833 4849,,,4849,,,,4833,100.0
SKBO,SKLT,domestica,2,9488 9491,9408 9488 9491,si,9408 9488 9491,,,9488 9491,,,,9408,100.0
SKBO,SKMD,domestica,1,8044,,no,,,,,,,8044,,0.0
SKBO,SKMR,domestica,3,8500 8508 9396,8500 8506 8508 8532 9396 9794,si,8500 8506 8508 8532 9396 9794,,,8500 8508 9396,,,,8506 8532 9794,100.0
SKBO,SKNV,domestica,2,4815 8045,4815 4835 4859,si,4815 4835 4859,,,4815,,,8045,4835 4859,50.0
SKBO,SKPC,domestica,2,8046 8047,,no,,,,,,,8046 8047,,0.0
SKBO,SKPE,domestica,4,4803 8407 8515 8539,4803 4847 4853 8407 8515 8539 9241 9273 9817,si,4803 4847 4853 8407 8515 8539 9241 9817,,9273,4803 8407 8515 8539,,,,4847 4853 9241 9273 9817,100.0
SKBO,SKPP,domestica,1,8048,4891 5224,si,4891 5224,,,,,,8048,4891 5224,0.0
SKBO,SKPS,domestica,4,5087 8049 8457 8587,5087 8457 8587 8599,si,5087 8457 8587,,8599,5087 8457 8587,,,8049,8599,75.0
SKBO,SKRG,domestica,7,8432 9232 9234 9242 9252 9260 9304,8432 9232 9234 9242 9252 9260 9268 9270 9302 9304 9306 9308 9322 9324 9326 9328 9330 9334 9336 9340 9342 9350 9354 9358 9368,si,8432 9232 9234 9242 9252 9260 9270 9302 9304 9306 9308 9322 9328 9330 9336 9340 9342 9350 9354,,9268 9324 9326 9334 9358 9368,8432 9232 9234 9242 9252 9260 9304,,,,9268 9270 9302 9306 9308 9322 9324 9326 9328 9330 9334 9336 9340 9342 9350 9354 9358 9368,100.0
SKBO,SKRH,domestica,3,8412 8428 8590,8412 8428 8438 8528 8590,si,8412 8428 8438 8528 8590,,,8412 8428 8590,,,,8438 8528,100.0
SKBO,SKSG,domestica,1,8050,,no,,,,,,,8050,,0.0
SKBO,SKSM,domestica,5,4822 4832 8484 8486 8496,4822 4832 4836 4862 4863 4864 8484 8486 8496 9554 9720 9762,si,4822 4832 4836 4862 4863 4864 8484 8486 8496 9554 9762,,9720,4822 4832 8484 8486 8496,,,,4836 4862 4863 4864 9554 9720 9762,100.0
SKBO,SKSO,domestica,1,8051,,no,,,,,,,8051,,0.0
SKBO,SKSP,domestica,4,9376 9774 9776 9778,9376 9774 9776 9778 9780 9782,si,9376 9774 9776 9778 9780 9782,,,9376 9774 9776 9778,,,,9780 9782,100.0
SKBO,SKVP,domestica,2,8576 8580,8576 8580 8594 9216,si,8576 8580 8594 9216,,,8576 8580,,,,8594 9216,100.0
SKBO,SKVV,domestica,3,4810 4824 8052,4810 4824 4880,si,4810 4824 4880,,,4810 4824,,,8052,4880,66.7
SKBO,SKYP,domestica,4,4873 4895 8053 8054,4857 4873 4879 4895,si,4857 4873 4879 4895,,,4873 4895,,,8053 8054,4857 4879,50.0
SKBO,SLLP,internacional,2,239 881,105 239,si,239,,105,239,,,881,105,50.0
SKBO,SLVR,internacional,1,167,167,si,167,,,167,,,,,100.0
SKBO,SPJC,internacional,3,49 51 53,49 51 53 75 103,si,49 51 53 75 103,,,49 51 53,,,,75 103,100.0
SKBO,SUMU,internacional,2,109 847,56 58 85 109 261,si,109,,56 58 85 261,109,,,847,56 58 85 261,50.0
SKBO,SVMI,internacional,1,552,122,si,122,,,,,,552,122,0.0
SKBO,TJSJ,internacional,1,214,58 60 214 258,si,214 258,,58 60,214,,,,58 60 258,100.0
SKBO,TNCA,internacional,2,232 478,232 242,si,232 242,,,232,,,478,242,50.0
SKBO,TNCC,internacional,2,92 833,78 92,si,78 92,,,92,,,833,78,50.0
SKBQ,KMIA,internacional,2,355 356,2,si,2,,,,,,355 356,2,0.0
SKBQ,MUHA,internacional,2,459 891,,no,,,,,,,459 891,,0.0
SKBQ,SKBO,domestica,6,8419 8525 8575 9521 9523 9525,8419 8431 8525 8527 8529 8531 8575 9329 9339 9513 9521 9523 9525 9529 9531,si,8419 8431 8525 8527 8575 9521 9523 9525 9531,,8529 8531 9329 9339 9513 9529,8419 8525 8575 9521 9523 9525,,,,8431 8527 8529 8531 9329 9339 9513 9529 9531,100.0
SKBQ,SKCL,domestica,2,8055 8056,8411 8419 8421 8431 8463 8469 8523 8525 8527 8529 8531 8553 8567 8575 8592 9201 9203 9205 9221 9227 9513 9521 9523 9525 9527 9529 9531 9533 9545,no,,,8411 8419 8421 8431 8463 8469 8523 8525 8527 8529 8531 8553 8567 8575 8592 9201 9203 9205 9221 9227 9513 9521 9523 9525 9527 9529 9531 9533 9545,,,,8055 8056,8411 8419 8421 8431 8463 8469 8523 8525 8527 8529 8531 8553 8567 8575 8592 9201 9203 9205 9221 9227 9513 9521 9523 9525 9527 9529 9531 9533 9545,0.0
SKBQ,SKRG,domestica,1,8545,8533 8545 8549,si,8533 8545 8549,,,8545,,,,8533 8549,100.0
SKBQ,SKSP,domestica,1,9009,,no,,,,,,,9009,,0.0
SKBQ,SKVV,domestica,1,8139,4824 4880 8419 8431 8525 9523 9531,no,,,4824 4880 8419 8431 8525 9523 9531,,,,8139,4824 4880 8419 8431 8525 9523 9531,0.0
SKBS,SKMD,domestica,1,8028,,no,,,,,,,8028,,0.0
SKBU,SKVV,domestica,1,8128,,no,,,,,,,8128,,0.0
SKCC,MPTO,internacional,1,491,9507,no,,,9507,,,,491,9507,0.0
SKCC,SKBG,domestica,1,9060,,no,,,,,,,9060,,0.0
SKCC,SKBO,domestica,1,5227,5227 5233 5237 9407 9421 9429 9447 9449 9453 9459,si,5227 5233 5237 9407 9429 9447 9453,,9421 9449 9459,5227,,,,5233 5237 9407 9421 9429 9447 9449 9453 9459,100.0
SKCC,SKCG,domestica,1,5556,,no,,,,,,,5556,,0.0
SKCC,SKCL,domestica,1,8057,5227 5233 8411 8421 8463 8469 8523 8567 9201 9203 9205 9211 9221 9227 9407 9421 9429 9439 9447 9453 9507 9511 9527 9545,no,,,5227 5233 8411 8421 8463 8469 8523 8567 9201 9203 9205 9211 9221 9227 9407 9421 9429 9439 9447 9453 9507 9511 9527 9545,,,,8057,5227 5233 8411 8421 8463 8469 8523 8567 9201 9203 9205 9211 9221 9227 9407 9421 9429 9439 9447 9453 9507 9511 9527 9545,0.0
SKCC,SKMD,domestica,1,8038,,no,,,,,,,8038,,0.0
SKCC,SKRG,domestica,2,9507 9511,9507 9511,si,9507 9511,,,9507 9511,,,,,100.0
SKCC,SKSO,domestica,1,9005,,no,,,,,,,9005,,0.0
SKCC,SKUC,domestica,1,9147,,no,,,,,,,9147,,0.0
SKCC,SKVV,domestica,1,8142,4824 4880 9407 9429,no,,,4824 4880 9407 9429,,,,8142,4824 4880 9407 9429,0.0
SKCG,CYUL,internacional,2,300 553,200 9797 9807,no,,,200 9797 9807,,,,300 553,200 9797 9807,0.0
SKCG,KBOS,internacional,2,331 557,222 9517 9741,no,,,222 9517 9741,,,,331 557,222 9517 9741,0.0
SKCG,KEWR,internacional,1,333,,no,,,,,,,333,,0.0
SKCG,KFLL,internacional,2,337 793,,no,,,,,,,337 793,,0.0
SKCG,KMCO,internacional,1,351,202 9563,no,,,202 9563,,,,351,202 9563,0.0
SKCG,KMIA,internacional,1,357,,no,,,,,,,357,,0.0
SKCG,MDSD,internacional,1,341,,no,,,,,,,341,,0.0
SKCG,MPTO,internacional,2,416 576,,no,,,,,,,416 576,,0.0
SKCG,MROC,internacional,1,785,323,no,,,323,,,,785,323,0.0
SKCG,SCEL,internacional,2,468 469,97 241 8559 9747,no,,,97 241 8559 9747,,,,468 469,97 241 8559 9747,0.0
SKCG,SKBG,domestica,1,9820,9820,si,9820,,,9820,,,,,100.0
SKCG,SKBO,domestica,3,8423 8537 8559,8423 8537 8559 9251 9515 9517 9531 9541 9547 9741 9743 9747 9785 9789 9795 9797 9807 9819,si,8423 8537 8559 9515 9517 9541 9741 9747 9795 9797 9807,,9251 9531 9547 9743 9785 9789 9819,8423 8537 8559,,,,9251 9515 9517 9531 9541 9547 9741 9743 9747 9785 9789 9795 9797 9807 9819,100.0
SKCG,SKCC,domestica,1,5555,,no,,,,,,,5555,,0.0
SKCG,SKCL,domestica,2,8058 8569,8569,si,8569,,,8569,,,8058,,50.0
SKCG,SKMD,domestica,1,5995,,no,,,,,,,5995,,0.0
SKCG,SKMR,domestica,1,8143,,no,,,,,,,8143,,0.0
SKCG,SKPC,domestica,1,8059,,no,,,,,,,8059,,0.0
SKCG,SKPE,domestica,2,5997 9389,9389,si,9389,,,9389,,,5997,,50.0
SKCG,SKRG,domestica,2,8433 8511,8433 8511 9267 9373 9559 9563 9567 9717 9789 9791,si,8433 8511 9267 9373 9563,,9559 9567 9717 9789 9791,8433 8511,,,,9267 9373 9559 9563 9567 9717 9789 9791,100.0
SKCG,SKSP,domestica,2,8145 8197,9376,no,,,9376,,,,8145 8197,9376,0.0
SKCG,SKVP,domestica,1,5993,,no,,,,,,,5993,,0.0
SKCG,SKVV,domestica,1,8148,4824 4880 8423 8537 9541 9795 9797 9807,no,,,4824 4880 8423 8537 9541 9795 9797 9807,,,,8148,4824 4880 8423 8537 9541 9795 9797 9807,0.0
SKCG,SPJC,internacional,2,494 869,51 53 75 103 8423 8559 9515 9741 9747 9797 9807,no,,,51 53 75 103 8423 8559 9515 9741 9747 9797 9807,,,,494 869,51 53 75 103 8423 8559 9515 9741 9747 9797 9807,0.0
SKCL,KFLL,internacional,2,407 901,36 66 190 236 8454 8522 9204 9218 9366 9382 9544 9712 9726,si,236,,36 66 190 8454 8522 9204 9218 9366 9382 9544 9712 9726,,,,407 901,36 66 190 236 8454 8522 9204 9218 9366 9382 9544 9712 9726,0.0
SKCL,KJFK,internacional,2,62 577,20 42 210 236 244 9204 9224 9228 9366 9384 9564 9566 9568 9726,no,,,20 42 210 236 244 9204 9224 9228 9366 9384 9564 9566 9568 9726,62,,,577,20 42 210 236 244 9204 9224 9228 9366 9384 9564 9566 9568 9726,50.0
SKCL,KMIA,internacional,2,359 887,4 6 8 32 126 8416 8522 9220 9224 9228 9366 9384 9544 9564 9566 9568 9712 9816,no,,,4 6 8 32 126 8416 8522 9220 9224 9228 9366 9384 9544 9564 9566 9568 9712 9816,,,,359 887,4 6 8 32 126 8416 8522 9220 9224 9228 9366 9384 9544 9564 9566 9568 9712 9816,0.0
SKCL,MDSD,internacional,1,377,208 250 8522 9218 9366 9544 9712 9726,no,,,208 250 8522 9218 9366 9544 9712 9726,,,,377,208 250 8522 9218 9366 9544 9712 9726,0.0
SKCL,MMUN,internacional,2,779 935,68 256 264 8416 8418 8522 9218 9366 9544 9568 9712,no,,,68 256 264 8416 8418 8522 9218 9366 9544 9568 9712,,,,779 935,68 256 264 8416 8418 8522 9218 9366 9544 9568 9712,0.0
SKCL,MPTO,internacional,2,586 895,,no,,,,,,,586 895,,0.0
SKCL,SCEL,internacional,2,649 907,97 115 241 9204 9220 9224 9228 9366 9566 9726 9816,no,,,97 115 241 9204 9220 9224 9228 9366 9566 9726 9816,,,,649 907,97 115 241 9204 9220 9224 9228 9366 9566 9726 9816,0.0
SKCL,SECU,internacional,1,476,,no,,,,,,,476,,0.0
SKCL,SKAS,domestica,1,8060,,no,,,,,,,8060,,0.0
SKCL,SKBO,domestica,8,8416 8418 8422 8454 8522 9204 9218 9220,8416 8418 8422 8454 8522 8527 8577 8596 9204 9218 9220 9224 9228 9236 9366 9421 9544 9564 9566 9568 9712 9726 9816 9824,si,8416 8418 8422 8454 8522 9204 9218 9220 9224 9228 9366 9544 9564 9566 9568 9712 9726,,8527 8577 8596 9236 9421 9816 9824,8416 8418 8422 8454 8522 9204 9218 9220,,,,8527 8577 8596 9224 9228 9236 9366 9421 9544 9564 9566 9568 9712 9726 9816 9824,100.0
SKCL,SKBQ,domestica,2,8061 8593,8416 8418 8434 8446 8454 8522 8524 8574 8582 8593 9204 9218 9220 9224 9228 9366 9416 9512 9520 9524 9526 9534 9544 9566 9712 9726 9796 9816,si,8593,,8416 8418 8434 8446 8454 8522 8524 8574 8582 9204 9218 9220 9224 9228 9366 9416 9512 9520 9524 9526 9534 9544 9566 9712 9726 9796 9816,8593,,,8061,8416 8418 8434 8446 8454 8522 8524 8574 8582 9204 9218 9220 9224 9228 9366 9416 9512 9520 9524 9526 9534 9544 9566 9712 9726 9796 9816,50.0
SKCL,SKCC,domestica,1,8062,5226 5232 8416 8418 8454 8522 9204 9218 9220 9224 9228 9320 9346 9366 9448 9454 9458 9464 9510 9544 9564 9566 9712 9724 9726 9816,no,,,5226 5232 8416 8418 8454 8522 9204 9218 9220 9224 9228 9320 9346 9366 9448 9454 9458 9464 9510 9544 9564 9566 9712 9724 9726 9816,,,,8062,5226 5232 8416 8418 8454 8522 9204 9218 9220 9224 9228 9320 9346 9366 9448 9454 9458 9464 9510 9544 9564 9566 9712 9724 9726 9816,0.0
SKCL,SKCG,domestica,4,8063 8064 8065 8570,8570 8593,si,8570,,8593,8570,,,8063 8064 8065,8593,25.0
SKCL,SKCO,domestica,1,8066,,no,,,,,,,8066,,0.0
SKCL,SKFL,domestica,1,8067,,no,,,,,,,8067,,0.0
SKCL,SKGP,domestica,1,8068,,no,,,,,,,8068,,0.0
SKCL,SKIP,domestica,1,8069,,no,,,,,,,8069,,0.0
SKCL,SKMD,domestica,1,8070,,no,,,,,,,8070,,0.0
SKCL,SKNA,domestica,1,8071,,no,,,,,,,8071,,0.0
SKCL,SKPI,domestica,1,8072,,no,,,,,,,8072,,0.0
SKCL,SKPS,domestica,1,9295,9295,si,9295,,,9295,,,,,100.0
SKCL,SKRG,domestica,3,8448 9382 9384,8448 9382 9384 9464 9564,si,8448 9382 9384,,9464 9564,8448 9382 9384,,,,9464 9564,100.0
SKCL,SKRH,domestica,1,8073,8412 8416 8418 8428 8438 8454 8516 8522 8590 9204 9218 9228 9366 9382 9544 9712 9726,no,,,8412 8416 8418 8428 8438 8454 8516 8522 8590 9204 9218 9228 9366 9382 9544 9712 9726,,,,8073,8412 8416 8418 8428 8438 8454 8516 8522 8590 9204 9218 9228 9366 9382 9544 9712 9726,0.0
SKCL,SKSM,domestica,1,9222,9222,si,9222,,,9222,,,,,100.0
SKCL,SKSP,domestica,1,9614,9614,si,9614,,,9614,,,,,100.0
SKCL,SKUI,domestica,1,8074,,no,,,,,,,8074,,0.0
SKCL,SKVG,domestica,1,8075,,no,,,,,,,8075,,0.0
SKCL,SKVV,domestica,2,8076 8077,4810 4824 4880 8418 8454 8522 9218 9366 9544 9712,no,,,4810 4824 4880 8418 8454 8522 9218 9366 9544 9712,,,,8076 8077,4810 4824 4880 8418 8454 8522 9218 9366 9544 9712,0.0
SKCL,SPJC,internacional,2,389 897,49 51 53 75 103 8522 9204 9220 9224 9228 9366 9544 9564 9566 9568 9712 9726 9816,no,,,49 51 53 75 103 8522 9204 9220 9224 9228 9366 9544 9564 9566 9568 9712 9726 9816,,,,389 897,49 51 53 75 103 8522 9204 9220 9224 9228 9366 9544 9564 9566 9568 9712 9726 9816,0.0
SKCO,SKCL,domestica,1,8078,,no,,,,,,,8078,,0.0
SKCZ,SKBO,domestica,1,8079,,no,,,,,,,8079,,0.0
SKCZ,SKMD,domestica,1,8018,,no,,,,,,,8018,,0.0
SKCZ,SKVV,domestica,1,8152,,no,,,,,,,8152,,0.0
SKEJ,SKBO,domestica,3,4828 8080 9700,4828 9700,si,4828 9700,,,4828 9700,,,8080,,66.7
SKEJ,SKVV,domestica,1,8154,4828 4880,no,,,4828 4880,,,,8154,4828 4880,0.0
SKFL,SKBO,domestica,1,8081,,no,,,,,,,8081,,0.0
SKFL,SKCL,domestica,1,8082,,no,,,,,,,8082,,0.0
SKFL,SKVV,domestica,1,8156,4824,no,,,4824,,,,8156,4824,0.0
SKGI,SKVV,domestica,1,8158,,no,,,,,,,8158,,0.0
SKGP,SKCL,domestica,1,8083,,no,,,,,,,8083,,0.0
SKGP,SKVV,domestica,1,8160,,no,,,,,,,8160,,0.0
SKGY,SKVV,domestica,1,8162,,no,,,,,,,8162,,0.0
SKIB,SKBO,domestica,1,8084,4844 4848,si,4844 4848,,,,,,8084,4844 4848,0.0
SKIB,SKMD,domestica,1,8010,,no,,,,,,,8010,,0.0
SKIB,SKVV,domestica,1,8164,4844 4880,no,,,4844 4880,,,,8164,4844 4880,0.0
SKIP,SKCL,domestica,1,8085,,no,,,,,,,8085,,0.0
SKIP,SKVV,domestica,1,8166,,no,,,,,,,8166,,0.0
SKLC,SKMD,domestica,1,8034,,no,,,,,,,8034,,0.0
SKLC,SKVV,domestica,1,8168,,no,,,,,,,8168,,0.0
SKLT,SKBO,domestica,2,9489 9492,9489 9492,si,9489 9492,,,9489 9492,,,,,100.0
SKMD,SKAR,domestica,1,8021,,no,,,,,,,8021,,0.0
SKMD,SKBG,domestica,1,8003,,no,,,,,,,8003,,0.0
SKMD,SKBO,domestica,1,8086,,no,,,,,,,8086,,0.0
SKMD,SKBS,domestica,1,8027,,no,,,,,,,8027,,0.0
SKMD,SKCC,domestica,1,8037,,no,,,,,,,8037,,0.0
SKMD,SKCG,domestica,1,5996,,no,,,,,,,5996,,0.0
SKMD,SKCL,domestica,1,8087,,no,,,,,,,8087,,0.0
SKMD,SKCZ,domestica,1,8017,,no,,,,,,,8017,,0.0
SKMD,SKIB,domestica,1,8009,,no,,,,,,,8009,,0.0
SKMD,SKLC,domestica,1,8033,,no,,,,,,,8033,,0.0
SKMD,SKML,domestica,1,8911,,no,,,,,,,8911,,0.0
SKMD,SKMR,domestica,1,8035,,no,,,,,,,8035,,0.0
SKMD,SKMZ,domestica,1,8023,,no,,,,,,,8023,,0.0
SKMD,SKNQ,domestica,1,8015,,no,,,,,,,8015,,0.0
SKMD,SKNV,domestica,1,8011,4835 4859,no,,,4835 4859,,,,8011,4835 4859,0.0
SKMD,SKPA,domestica,1,8005,,no,,,,,,,8005,,0.0
SKMD,SKPE,domestica,1,8199,,no,,,,,,,8199,,0.0
SKMD,SKPP,domestica,1,8013,,no,,,,,,,8013,,0.0
SKMD,SKPS,domestica,1,8019,,no,,,,,,,8019,,0.0
SKMD,SKSG,domestica,1,8007,,no,,,,,,,8007,,0.0
SKMD,SKTL,domestica,1,8025,,no,,,,,,,8025,,0.0
SKMD,SKUI,domestica,1,8029,,no,,,,,,,8029,,0.0
SKMD,SKVP,domestica,1,8031,,no,,,,,,,8031,,0.0
SKMD,SKVV,domestica,2,8170 8202,4824,no,,,4824,,,,8170 8202,4824,0.0
SKML,SKMD,domestica,1,8912,,no,,,,,,,8912,,0.0
SKMR,SKBO,domestica,3,8459 8509 9397,8459 8497 8509 9272 9397 9425,si,8459 8497 8509 9272 9397 9425,,,8459 8509 9397,,,,8497 9272 9425,100.0
SKMR,SKCG,domestica,1,8144,,no,,,,,,,8144,,0.0
SKMR,SKMD,domestica,1,8036,,no,,,,,,,8036,,0.0
SKMR,SKRG,domestica,1,9277,8509 9277 9353,si,9277 9353,,8509,9277,,,,8509 9353,100.0
SKMR,SKVP,domestica,1,9013,,no,,,,,,,9013,,0.0
SKMR,SKVV,domestica,1,8172,4824 4880 8459 9425,no,,,4824 4880 8459 9425,,,,8172,4824 4880 8459 9425,0.0
SKMU,SKVV,domestica,1,8174,,no,,,,,,,8174,,0.0
SKMZ,SKMD,domestica,1,8024,,no,,,,,,,8024,,0.0
SKMZ,SKVV,domestica,1,8176,4824,no,,,4824,,,,8176,4824,0.0
SKNA,SKCL,domestica,1,8088,,no,,,,,,,8088,,0.0
SKNQ,SKMD,domestica,1,8016,,no,,,,,,,8016,,0.0
SKNQ,SKVV,domestica,1,8178,,no,,,,,,,8178,,0.0
SKNV,SKBO,domestica,2,4816 4834,4816 4834 4860,si,4816 4834 4860,,,4816 4834,,,,4860,100.0
SKNV,SKMD,domestica,1,8012,4816,no,,,4816,,,,8012,4816,0.0
SKNV,SKVV,domestica,1,8180,4816 4824 4880,no,,,4816 4824 4880,,,,8180,4816 4824 4880,0.0
SKPA,SKMD,domestica,1,8006,,no,,,,,,,8006,,0.0
SKPA,SKVV,domestica,1,8182,,no,,,,,,,8182,,0.0
SKPC,SKBO,domestica,2,8089 8090,,no,,,,,,,8089 8090,,0.0
SKPC,SKVV,domestica,3,4002 8184 8204,,no,,,,,,,4002 8184 8204,,0.0
SKPD,SKVV,domestica,1,8186,,no,,,,,,,8186,,0.0
SKPE,KFLL,internacional,1,587,36 66 8504 8512 8538 8560 9443,no,,,36 66 8504 8512 8538 8560 9443,,,,587,36 66 8504 8512 8538 8560 9443,0.0
SKPE,KMIA,internacional,1,361,4 6 8 126 4846 4852 8504 8512 8538 8560 9843,no,,,4 6 8 126 4846 4852 8504 8512 8538 8560 9843,,,,361,4 6 8 126 4846 4852 8504 8512 8538 8560 9843,0.0
SKPE,MPTO,internacional,1,419,40 56 58 60 4802 8504 8512 8538 8560 9443 9843,no,,,40 56 58 60 4802 8504 8512 8538 8560 9443 9843,,,,419,40 56 58 60 4802 8504 8512 8538 8560 9443 9843,0.0
SKPE,SKBO,domestica,4,4802 4852 8504 8538,4802 4846 4852 8504 8512 8538 8560 9843,si,4802 4846 4852 8504 8512 8538 8560 9843,,,4802 4852 8504 8538,,,,4846 8512 8560 9843,100.0
SKPE,SKCG,domestica,2,5998 9388,9388,si,9388,,,9388,,,5998,,50.0
SKPE,SKMD,domestica,1,8002,,no,,,,,,,8002,,0.0
SKPE,SKRG,domestica,2,8404 9264,8404 9264 9843,si,8404 9264,,9843,8404 9264,,,,9843,100.0
SKPE,SKVV,domestica,2,8188 8208,4824 4880 8512 8538 8560 9443,no,,,4824 4880 8512 8538 8560 9443,,,,8188 8208,4824 4880 8512 8538 8560 9443,0.0
SKPI,SKCL,domestica,1,8091,,no,,,,,,,8091,,0.0
SKPI,SKVV,domestica,1,8190,,no,,,,,,,8190,,0.0
SKPP,SKBO,domestica,1,5225,4892 5225,si,4892 5225,,,5225,,,,4892,100.0
SKPP,SKCL,domestica,1,8092,,no,,,,,,,8092,,0.0
SKPP,SKMD,domestica,1,8014,,no,,,,,,,8014,,0.0
SKPP,SKVV,domestica,1,8192,4880,no,,,4880,,,,8192,4880,0.0
SKPS,SKBO,domestica,3,8456 8584 9402,8456 8584 9402,si,8456 8584 9402,,,8456 8584 9402,,,,,100.0
SKPS,SKCL,domestica,2,5090 9294,5090 9294,si,5090 9294,,,5090 9294,,,,,100.0
SKPS,SKMD,domestica,1,8210,8584,no,,,8584,,,,8210,8584,0.0
SKPS,SKPP,domestica,1,9007,,no,,,,,,,9007,,0.0
SKPS,SKRG,domestica,1,8467,8456 8467 8584 9242 9294 9302 9304 9308 9322 9330 9336 9340 9342 9384 9402,si,8467,,8456 8584 9242 9294 9302 9304 9308 9322 9330 9336 9340 9342 9384 9402,8467,,,,8456 8584 9242 9294 9302 9304 9308 9322 9330 9336 9340 9342 9384 9402,100.0
SKPS,SKVV,domestica,1,8194,4824 4880 8584 9402,no,,,4824 4880 8584 9402,,,,8194,4824 4880 8584 9402,0.0
SKPV,SKSP,domestica,1,9016,,no,,,,,,,9016,,0.0
SKRG,KATL,internacional,2,329 893,30 9311,no,,,30 9311,,,,329 893,30 9311,0.0
SKRG,KFLL,internacional,2,190 879,36 66 190 236 8451 8475 9245 9303 9311 9383 9439 9463 9653 9725,si,190,,36 66 236 8451 8475 9245 9303 9311 9383 9439 9463 9653 9725,190,,,879,36 66 236 8451 8475 9245 9303 9311 9383 9439 9463 9653 9725,50.0
SKRG,KIAH,internacional,2,775 781,30 190 234 268 8475 9245 9309 9313 9335 9337 9653,no,,,30 190 234 268 8475 9245 9309 9313 9335 9337 9653,,,,775 781,30 190 234 268 8475 9245 9309 9313 9335 9337 9653,0.0
SKRG,KJFK,internacional,2,42 776,20 32 42 152 159 190 210 244 370 660 670 7396 9311 9313 9325 9337 9349 9361 9653,si,42 152,,20 32 159 190 210 244 370 660 670 7396 9311 9313 9325 9337 9349 9361 9653,42,,,776,20 32 152 159 190 210 244 370 660 670 7396 9311 9313 9325 9337 9349 9361 9653,50.0
SKRG,KMIA,internacional,6,130 363 777 778 798 819,30 32,si,30 32,,,,,130,363 777 778 798 819,30 32,0.0
SKRG,LEMD,internacional,1,16,10 16 26 46 182 8427 8451 8475 9245 9301 9303 9311 9325 9337 9349 9351 9361 9383 9463 9653,si,16,,10 26 46 182 8427 8451 8475 9245 9301 9303 9311 9325 9337 9349 9351 9361 9383 9463 9653,16,,,,10 26 46 182 8427 8451 8475 9245 9301 9303 9311 9325 9337 9349 9351 9361 9383 9463 9653,100.0
SKRG,MDPC,internacional,3,142 375 827,220,si,220,,,,,142,375 827,220,0.0
SKRG,MDSD,internacional,2,379 867,,no,,,,,,,379 867,,0.0
SKRG,MMMX,internacional,2,399 400,22 44 72 186 234 268 8427 8451 8475 9245 9301 9303 9313 9325 9337 9349 9351 9383 9463 9653,si,234,,22 44 72 186 268 8427 8451 8475 9245 9301 9303 9313 9325 9337 9349 9351 9383 9463 9653,,,,399 400,22 44 72 186 234 268 8427 8451 8475 9245 9301 9303 9313 9325 9337 9349 9351 9383 9463 9653,0.0
SKRG,MMUN,internacional,2,404 889,68 256 264 268 8427 8451 8475 9243 9245 9303 9309 9335 9383 9463 9653 9725,si,268,,68 256 264 8427 8451 8475 9243 9245 9303 9309 9335 9383 9463 9653 9725,,,,404 889,68 256 264 268 8427 8451 8475 9243 9245 9303 9309 9335 9383 9463 9653 9725,0.0
SKRG,MPPA,internacional,1,409,,no,,,,,,,409,,0.0
SKRG,MPTO,internacional,2,436 853,,no,,,,,,,436 853,,0.0
SKRG,MROC,internacional,1,656,323 656 692 696 698 8427 8451 8475 9303 9313 9325 9337 9383 9463 9653,si,656,,323 692 696 698 8427 8451 8475 9303 9313 9325 9337 9383 9463 9653,656,,,,323 692 696 698 8427 8451 8475 9303 9313 9325 9337 9383 9463 9653,100.0
SKRG,MUHA,internacional,1,461,,no,,,,,,,461,,0.0
SKRG,SBGR,internacional,1,466,85 111 161 199 8475 9245 9301 9311 9325 9337 9349 9351 9361 9653,no,,,85 111 161 199 8475 9245 9301 9311 9325 9337 9349 9351 9361 9653,,,,466,85 111 161 199 8475 9245 9301 9311 9325 9337 9349 9351 9361 9653,0.0
SKRG,SCEL,internacional,2,472 849,97 115 241 9301 9303 9311 9325 9337 9351 9361 9653,no,,,97 115 241 9301 9303 9311 9325 9337 9351 9361 9653,,,,472 849,97 115 241 9301 9303 9311 9325 9337 9351 9361 9653,0.0
SKRG,SEGU,internacional,1,8399,77 159 8383 8385 8391 8399 8427 8451 9243 9301 9303 9311 9325 9337 9351 9361 9383 9463 9653,si,8399,,77 159 8383 8385 8391 8427 8451 9243 9301 9303 9311 9325 9337 9351 9361 9383 9463 9653,8399,,,,77 159 8383 8385 8391 8427 8451 9243 9301 9303 9311 9325 9337 9351 9361 9383 9463 9653,100.0
SKRG,SEQM,internacional,1,856,117 125 159 8373 8377 8396 8427 9243 9301 9303 9311 9313 9325 9337 9351 9361 9463 9653 9725,si,159,,117 125 8373 8377 8396 8427 9243 9301 9303 9311 9313 9325 9337 9351 9361 9463 9653 9725,,,,856,117 125 159 8373 8377 8396 8427 9243 9301 9303 9311 9313 9325 9337 9351 9361 9463 9653 9725,0.0
SKRG,SKAR,domestica,1,9254,9254,si,9254,,,9254,,,,,100.0
SKRG,SKBG,domestica,1,9247,9247 9249,si,9247 9249,,,9247,,,,9249,100.0
SKRG,SKBO,domestica,7,8401 8405 8427 8435 8451 9243 9303,8401 8405 8427 8435 8451 8475 8509 8581 9243 9245 9301 9303 9309 9311 9313 9315 9325 9335 9337 9349 9351 9361 9383 9463 9564 9653 9725 9789 9843,si,8401 8405 8427 8435 8451 8475 9243 9245 9301 9303 9309 9311 9313 9325 9335 9337 9349 9351 9361 9383 9463 9653 9725,,8509 8581 9315 9564 9789 9843,8401 8405 8427 8435 8451 9243 9303,,,,8475 8509 8581 9245 9301 9309 9311 9313 9315 9325 9335 9337 9349 9351 9361 9383 9463 9564 9653 9725 9789 9843,100.0
SKRG,SKBQ,domestica,1,8546,8546 8554 8586,si,8546 8554 8586,,,8546,,,,8554 8586,100.0
SKRG,SKCC,domestica,2,9508 9510,9508 9510,si,9508 9510,,,9508 9510,,,,,100.0
SKRG,SKCG,domestica,1,8470,8470 8502 8520 8546 9282 9372 9386 9398 9718 9784,si,8470 8502 8520,,8546 9282 9372 9386 9398 9718 9784,8470,,,,8502 8520 8546 9282 9372 9386 9398 9718 9784,100.0
SKRG,SKCL,domestica,2,9211 9431,9211 9431 9439 9471,si,9211 9431 9439 9471,,,9211 9431,,,,9439 9471,100.0
SKRG,SKMR,domestica,1,9276,9276 9352,si,9276 9352,,,9276,,,,9352,100.0
SKRG,SKPE,domestica,1,8403,8403 9265,si,8403 9265,,,8403,,,,9265,100.0
SKRG,SKPS,domestica,1,8466,8451 8457 8466 8475 8587 8599 9211 9245 9295 9303 9311 9431 9653,si,8466,,8451 8457 8475 8587 8599 9211 9245 9295 9303 9311 9431 9653,8466,,,,8451 8457 8475 8587 8599 9211 9245 9295 9303 9311 9431 9653,100.0
SKRG,SKRH,domestica,1,8516,8516,si,8516,,,8516,,,,,100.0
SKRG,SKSM,domestica,1,8436,8436 9206 9446 9506,si,8436 9206 9446,,9506,8436,,,,9206 9446 9506,100.0
SKRG,SKSP,domestica,2,8440 9348,8440 9348,si,8440 9348,,,8440 9348,,,,,100.0
SKRG,SPJC,internacional,2,875 899,49 51 53 75 103 8427 8451 9243 9301 9303 9311 9313 9325 9337 9349 9351 9361 9383 9463 9653,no,,,49 51 53 75 103 8427 8451 9243 9301 9303 9311 9313 9325 9337 9349 9351 9361 9383 9463 9653,,,,875 899,49 51 53 75 103 8427 8451 9243 9301 9303 9311 9313 9325 9337 9349 9351 9361 9383 9463 9653,0.0
SKRG,TNCA,internacional,1,496,232 242 8427 8451 8475 9243 9245 9383 9463 9653,no,,,232 242 8427 8451 8475 9243 9245 9383 9463 9653,,,,496,232 242 8427 8451 8475 9243 9245 9383 9463 9653,0.0
SKRG,TNCC,internacional,2,498 865,78 92 8427 8451 9303 9383 9463 9653,no,,,78 92 8427 8451 9303 9383 9463 9653,,,,498 865,78 92 8427 8451 9303 9383 9463 9653,0.0
SKRH,SKBO,domestica,2,8413 8429,8413 8429 8535 8591,si,8413 8429 8535 8591,,,8413 8429,,,,8535 8591,100.0
SKRH,SKCL,domestica,1,8093,8411 8413 8421 8429 8463 8469 8517 8535 8567 8591 9201 9203 9227 9471 9527 9533 9545,no,,,8411 8413 8421 8429 8463 8469 8517 8535 8567 8591 9201 9203 9227 9471 9527 9533 9545,,,,8093,8411 8413 8421 8429 8463 8469 8517 8535 8567 8591 9201 9203 9227 9471 9527 9533 9545,0.0
SKRH,SKRG,domestica,1,8517,8517,si,8517,,,8517,,,,,100.0
SKSG,SKBO,domestica,1,8094,,no,,,,,,,8094,,0.0
SKSG,SKMD,domestica,1,8008,,no,,,,,,,8008,,0.0
SKSJ,SKVV,domestica,1,8196,,no,,,,,,,8196,,0.0
SKSM,MPTO,internacional,1,783,,no,,,,,,,783,,0.0
SKSM,SKBG,domestica,1,9012,,no,,,,,,,9012,,0.0
SKSM,SKBO,domestica,4,4823 4831 4861 8487,4823 4831 4837 4861 8487 8489 8491 8507 9237 9269 9385 9763,si,4823 4831 4837 4861 8487 8491 8507 9237 9269 9763,,8489 9385,4823 4831 4861 8487,,,,4837 8489 8491 8507 9237 9269 9385 9763,100.0
SKSM,SKCL,domestica,1,9225,9225,si,9225,,,9225,,,,,100.0
SKSM,SKMD,domestica,1,8000,,no,,,,,,,8000,,0.0
SKSM,SKPE,domestica,1,8473,4803 4831 4837 4847 4853 8403 8407 8437 8487 8491 8507 8539 9237 9241 9265 9269 9451 9763 9817,no,,,4803 4831 4837 4847 4853 8403 8407 8437 8487 8491 8507 8539 9237 9241 9265 9269 9451 9763 9817,8473,,,,4803 4831 4837 4847 4853 8403 8407 8437 8487 8491 8507 8539 9237 9241 9265 9269 9451 9763 9817,100.0
SKSM,SKRG,domestica,1,8437,8437 8505 9259 9451,si,8437 8505 9259 9451,,,8437,,,,8505 9259 9451,100.0
SKSM,SKVV,domestica,1,8215,4824 4880 8487 9269 9763,no,,,4824 4880 8487 9269 9763,,,,8215,4824 4880 8487 9269 9763,0.0
SKSO,SKBG,domestica,1,9002,,no,,,,,,,9002,,0.0
SKSO,SKBO,domestica,1,8095,,no,,,,,,,8095,,0.0
SKSO,SKCC,domestica,1,9006,,no,,,,,,,9006,,0.0
SKSO,SKYP,domestica,1,8219,,no,,,,,,,8219,,0.0
SKSP,KMIA,internacional,1,485,,no,,,,,,,485,,0.0
SKSP,MPTO,internacional,1,438,,no,,,,,,,438,,0.0
SKSP,SKBO,domestica,4,8096 8561 9377 9445,8561 9377 9445 9779 9781,si,8561 9377 9445,,9779 9781,8561 9377 9445,,,8096,9779 9781,75.0
SKSP,SKBQ,domestica,1,9010,,no,,,,,,,9010,,0.0
SKSP,SKCG,domestica,2,8146 8229,,no,,,,,,,8146 8229,,0.0
SKSP,SKCL,domestica,2,8097 9613,9613,si,9613,,,9613,,,8097,,50.0
SKSP,SKPV,domestica,1,9015,,no,,,,,,,9015,,0.0
SKSP,SKRG,domestica,1,8441,8441 9347,si,8441 9347,,,8441,,,,9347,100.0
SKTL,SKMD,domestica,1,8026,,no,,,,,,,8026,,0.0
SKTL,SKVV,domestica,1,8218,,no,,,,,,,8218,,0.0
SKTM,SKVV,domestica,1,8222,,no,,,,,,,8222,,0.0
SKUC,SKCC,domestica,1,9148,,no,,,,,,,9148,,0.0
SKUC,SKVV,domestica,1,8224,4824 4871,no,,,4824 4871,,,,8224,4824 4871,0.0
SKUI,SKCL,domestica,1,8098,,no,,,,,,,8098,,0.0
SKUI,SKMD,domestica,1,8030,,no,,,,,,,8030,,0.0
SKUI,SKVV,domestica,1,8226,4824 4854,no,,,4824 4854,,,,8226,4824 4854,0.0
SKVG,SKCL,domestica,1,8235,,no,,,,,,,8235,,0.0
SKVP,SKBO,domestica,2,8577 8581,8577 8581 8595 9411,si,8577 8581 8595 9411,,,8577 8581,,,,8595 9411,100.0
SKVP,SKCG,domestica,1,5994,,no,,,,,,,5994,,0.0
SKVP,SKMD,domestica,1,8032,,no,,,,,,,8032,,0.0
SKVP,SKMR,domestica,1,9014,,no,,,,,,,9014,,0.0
SKVP,SKVV,domestica,1,8228,4824 8595,no,,,4824 8595,,,,8228,4824 8595,0.0
SKVV,SKAR,domestica,1,8132,4881 9841,no,,,4881 9841,,,,8132,4881 9841,0.0
SKVV,SKBG,domestica,2,8136 8236,4804 4809 4814 4827 4881 9470 9472 9710,no,,,4804 4809 4814 4827 4881 9470 9472 9710,,,,8136 8236,4804 4809 4814 4827 4881 9470 9472 9710,0.0
SKVV,SKBO,domestica,3,4809 4827 4881,4809 4827 4881,si,4809 4827 4881,,,4809 4827 4881,,,,,100.0
SKVV,SKBQ,domestica,1,8138,4809 4827 4881 8434 8574 8582 9512 9520 9524 9796,no,,,4809 4827 4881 8434 8574 8582 9512 9520 9524 9796,,,,8138,4809 4827 4881 8434 8574 8582 9512 9520 9524 9796,0.0
SKVV,SKBU,domestica,1,4897,,no,,,,,,,4897,,0.0
SKVV,SKCC,domestica,1,8141,4809 4827 4881 5226 9346 9448 9724,no,,,4809 4827 4881 5226 9346 9448 9724,,,,8141,4809 4827 4881 5226 9346 9448 9724,0.0
SKVV,SKCG,domestica,1,8147,4809 4827 4881 8472 8490 8556 9548 9752 9786 9790,no,,,4809 4827 4881 8472 8490 8556 9548 9752 9786 9790,,,,8147,4809 4827 4881 8472 8490 8556 9548 9752 9786 9790,0.0
SKVV,SKCL,domestica,2,8149 8150,4809 4827 4881 8411 8463 8523 8567 9201 9203 9205 9227 9527 9545,no,,,4809 4827 4881 8411 8463 8523 8567 9201 9203 9205 9227 9527 9545,,,,8149 8150,4809 4827 4881 8411 8463 8523 8567 9201 9203 9205 9227 9527 9545,0.0
SKVV,SKCZ,domestica,1,8151,,no,,,,,,,8151,,0.0
SKVV,SKEJ,domestica,1,8153,4881 9701,no,,,4881 9701,,,,8153,4881 9701,0.0
SKVV,SKFL,domestica,1,8155,4809 4827,no,,,4809 4827,,,,8155,4809 4827,0.0
SKVV,SKGI,domestica,1,8157,,no,,,,,,,8157,,0.0
SKVV,SKGP,domestica,1,8159,,no,,,,,,,8159,,0.0
SKVV,SKGY,domestica,1,8161,,no,,,,,,,8161,,0.0
SKVV,SKIB,domestica,1,8163,4849 4881,no,,,4849 4881,,,,8163,4849 4881,0.0
SKVV,SKIP,domestica,1,8165,4809 4812 4881 5200 9401,no,,,4809 4812 4881 5200 9401,,,,8165,4809 4812 4881 5200 9401,0.0
SKVV,SKLC,domestica,1,8167,,no,,,,,,,8167,,0.0
SKVV,SKMD,domestica,2,8169 8237,4809 4881,no,,,4809 4881,,,,8169 8237,4809 4881,0.0
SKVV,SKMR,domestica,1,8171,4809 4827 4881 8500 8508 8532 9794,no,,,4809 4827 4881 8500 8508 8532 9794,,,,8171,4809 4827 4881 8500 8508 8532 9794,0.0
SKVV,SKMU,domestica,1,8173,,no,,,,,,,8173,,0.0
SKVV,SKMZ,domestica,1,8175,4881,no,,,4881,,,,8175,4881,0.0
SKVV,SKNQ,domestica,1,8177,,no,,,,,,,8177,,0.0
SKVV,SKNV,domestica,1,8179,4809 4827 4835 4859 4881,no,,,4809 4827 4835 4859 4881,,,,8179,4809 4827 4835 4859 4881,0.0
SKVV,SKPA,domestica,1,8181,,no,,,,,,,8181,,0.0
SKVV,SKPC,domestica,2,4001 8183,,no,,,,,,,4001 8183,,0.0
SKVV,SKPD,domestica,1,8185,,no,,,,,,,8185,,0.0
SKVV,SKPE,domestica,2,8187 8238,4803 4809 4827 4847 4853 4881 8539 9241,no,,,4803 4809 4827 4847 4853 4881 8539 9241,,,,8187 8238,4803 4809 4827 4847 4853 4881 8539 9241,0.0
SKVV,SKPI,domestica,1,8189,4809,no,,,4809,,,,8189,4809,0.0
SKVV,SKPP,domestica,1,8191,4881,no,,,4881,,,,8191,4881,0.0
SKVV,SKPS,domestica,1,8193,4881 8457,no,,,4881 8457,,,,8193,4881 8457,0.0
SKVV,SKSJ,domestica,1,8195,,no,,,,,,,8195,,0.0
SKVV,SKSM,domestica,1,8214,4809 4827 4832 4836 4863 4864 4881 8496 9554 9762,no,,,4809 4827 4832 4836 4863 4864 4881 8496 9554 9762,,,,8214,4809 4827 4832 4836 4863 4864 4881 8496 9554 9762,0.0
SKVV,SKTL,domestica,1,8217,,no,,,,,,,8217,,0.0
SKVV,SKTM,domestica,1,8221,,no,,,,,,,8221,,0.0
SKVV,SKUC,domestica,1,8223,4809 4827 4872,no,,,4809 4827 4872,,,,8223,4809 4827 4872,0.0
SKVV,SKUI,domestica,1,8225,4809 4855 4881,no,,,4809 4855 4881,,,,8225,4809 4855 4881,0.0
SKVV,SKVP,domestica,1,8227,4809 4827 4881 8576 8580 9216,no,,,4809 4827 4881 8576 8580 9216,,,,8227,4809 4827 4881 8576 8580 9216,0.0
SKVV,SKYP,domestica,1,8233,,no,,,,,,,8233,,0.0
SKYP,SKBO,domestica,4,2975 2993 4874 8239,4858 4874 4878,si,4858 4874 4878,,,2975 2993 4874,,,8239,4858 4878,75.0
SKYP,SKSO,domestica,1,9003,,no,,,,,,,9003,,0.0
SKYP,SKVV,domestica,1,8234,,no,,,,,,,8234,,0.0
SLLP,SKBO,internacional,2,876 882,104 224,si,224,,104,,,,876 882,104 224,0.0
SLVR,SKBO,internacional,1,166,166,si,166,,,166,,,,,100.0
SPJC,SKBO,internacional,3,48 50 102,48 50 52 74 102,si,48 50 52 74 102,,,48 50 102,,,,52 74,100.0
SPJC,SKCG,internacional,1,495,48 50 52 74 102 8472 8490 8556 9530 9542 9752 9754 9786 9832,no,,,48 50 52 74 102 8472 8490 8556 9530 9542 9752 9754 9786 9832,,,,495,48 50 52 74 102 8472 8490 8556 9530 9542 9752 9754 9786 9832,0.0
SPJC,SKCL,internacional,2,390 898,48 50 52 74 102 8409 8411 8421 8463 8465 8469 8493 8523 8553 9201 9203 9205 9221 9227 9527 9533 9545,no,,,48 50 52 74 102 8409 8411 8421 8463 8465 8469 8493 8523 8553 9201 9203 9205 9221 9227 9527 9533 9545,,,,390 898,48 50 52 74 102 8409 8411 8421 8463 8465 8469 8493 8523 8553 9201 9203 9205 9221 9227 9527 9533 9545,0.0
SPJC,SKRG,internacional,2,394 900,48 50 52 74 102 8432 9234 9242 9252 9260 9270 9306 9328 9330 9336 9342 9350 9354,no,,,48 50 52 74 102 8432 9234 9242 9252 9260 9270 9306 9328 9330 9336 9342 9350 9354,,,,394 900,48 50 52 74 102 8432 9234 9242 9252 9260 9270 9306 9328 9330 9336 9342 9350 9354,0.0
SUMU,SKBO,internacional,2,110 848,57 59 86 110 184,si,110,,57 59 86 184,110,,,848,57 59 86 184,50.0
SVMI,SKBO,internacional,1,123,123,si,123,,,123,,,,,100.0
TJSJ,SKBO,internacional,1,215,59 215 259,si,215 259,,59,215,,,,59 259,100.0
TNCA,SKBO,internacional,2,243 479,233 243,si,233 243,,,243,,,479,233,50.0
TNCA,SKRG,internacional,1,497,233 243 9242 9304 9308 9322 9328 9340,no,,,233 243 9242 9304 9308 9322 9328 9340,,,,497,233 243 9242 9304 9308 9322 9328 9340,0.0
TNCC,SKBO,internacional,2,79 93,79 93,si,79 93,,,79 93,,,,,100.0
TNCC,SKRG,internacional,2,499 866,79 93 9242 9304 9322 9328 9340 9342,no,,,79 93 9242 9304 9322 9328 9340 9342,,,,499 866,79 93 9242 9304 9322 9328 9340 9342,0.0
