id_vuelo,numero_actual,callsign,route_code,origen,destino,tipo_ruta,activo,ava_existe,ava_origen_destino,ava_equipo,ava_ultima_vez,ava_vigente,ava_ambito,diagnostico
37677af4-9887-49ec-bab5-ed8ef1e603dc,1,1CH,CH,EDDF,SKBO,internacional,0,1,RPSP-RPLL,,20260831 0246Z,1,otros,OTRA_RUTA
cc79e982-e0b4-4fe3-b460-235498ac9ba4,1,1CH,CH,KEWR,SKBO,internacional,0,1,RPSP-RPLL,,20260831 0246Z,1,otros,OTRA_RUTA
248e7226-f9b5-45b0-a834-e83d0bf5169e,1,1CH,CH,KEWR,SKCG,internacional,0,1,RPSP-RPLL,,20260831 0246Z,1,otros,OTRA_RUTA
1b37213a-a449-4a61-9ec8-299e9e10598f,1,1CH,CH,KEWR,SKBO,internacional,0,1,RPSP-RPLL,,20260831 0246Z,1,otros,OTRA_RUTA
RgnrRjxrrMXa2n26,1,NULL,PF,KEWR,SKBO,internacional,0,1,RPSP-RPLL,,20260831 0246Z,1,otros,OTRA_RUTA
974b7a3f-0ee6-494d-8baa-aa202de83407,1,1CH,CH,LEMD,KEWR,otra,0,1,RPSP-RPLL,,20260831 0246Z,1,otros,OTRA_RUTA
fd6bdf25-371c-443b-8df5-3d190b89e79b,1,1CH,CH,MWCR,KJFK,otra,0,1,RPSP-RPLL,,20260831 0246Z,1,otros,OTRA_RUTA
40f8c8bc-20f1-48e6-95d3-d07e74e52134,1,1CH,CH,SKBO,KEWR,internacional,0,1,RPSP-RPLL,,20260831 0246Z,1,otros,OTRA_RUTA
xZjNvDJXoDAmpja7,1,NULL,PF,SKBO,SKBO,domestica,0,1,RPSP-RPLL,,20260831 0246Z,1,otros,OTRA_RUTA
53fcd5cd-804b-486d-b2d3-19fd6a4df4b7,1,1CH,CH,SKBO,SKPC,domestica,0,1,RPSP-RPLL,,20260831 0246Z,1,otros,OTRA_RUTA
d3f2e588-125f-443b-967a-3b5ebe681f00,1,1CH,CH,SKCG,EDDF,internacional,0,1,RPSP-RPLL,,20260831 0246Z,1,otros,OTRA_RUTA
11d25cab-ddd2-4dd5-a191-432e1e2aa911,1,1CH,CH,SKPC,SKBO,domestica,0,1,RPSP-RPLL,,20260831 0246Z,1,otros,OTRA_RUTA
befbfca3-0222-4393-bc5a-8a39e7b5c2c1,1,1CH,CH,VVCI,VVDN,otra,0,1,RPSP-RPLL,,20260831 0246Z,1,otros,OTRA_RUTA
37a95aee-9d8e-4445-92f0-a25227f4484e,1,1CH,CH,VVCI,VVDN,otra,0,1,RPSP-RPLL,,20260831 0246Z,1,otros,OTRA_RUTA
X8ymXpZ3P200mOdE,2,NULL,PF,SKCL,SKCL,domestica,0,1,SKBQ-KMIA,A320,20261002 1300Z,1,colombia,OTRA_RUTA
8206122c-240d-411c-8061-2ce091718115,2,2CH,CH,SKPS,SKSM,domestica,0,1,SKBQ-KMIA,A320,20261002 1300Z,1,colombia,OTRA_RUTA
Yd1aXvQW2N3VpRlK,3,,,KMIA,SKBQ,internacional,1,1,KMIA-SKBQ,A320,20261002 1740Z,1,colombia,COINCIDE
B9wBKe9o3LqmXA15,4,,,SKBO,KMIA,internacional,1,1,SKBO-KMIA,A320,20261002 1825Z,1,colombia,COINCIDE
25850856-e11f-48b3-9866-9c48f36e3ee3,7,7CH,CH,KMIA,MPTO,otra,0,1,KMIA-SKBO,A320,20261002 2115Z,1,colombia,OTRA_RUTA
a83869b0-7283-4490-9fdb-1a4de70c5bd0,7,7CH,CH,SKBO,SKPP,domestica,0,1,KMIA-SKBO,A320,20261002 2115Z,1,colombia,OTRA_RUTA
y0ZOyre63Y87Oqp9,9,,,KMIA,SKBO,internacional,1,1,KMIA-SKBO,A320,20261003 0655Z,1,colombia,COINCIDE
16k6nrlXxG2JMkxm,10,,,SKBO,LEMD,internacional,1,1,SKBO-LEMD,B788,20261003 0245Z,1,colombia,COINCIDE
rvEMxzNP4BX4g30Y,11,,,LEMD,SKBO,internacional,1,1,LEMD-SKBO,B788,20261002 1530Z,1,colombia,COINCIDE
AyY1paR7ve2jQ5Qg,15,,,LEMD,SKCL,internacional,1,1,LEMD-SKCL,B788,20261003 1450Z,1,colombia,COINCIDE
oWGvl0M3147nVrVv,16,,,SKRG,LEMD,internacional,1,1,SKRG-LEMD,B788,20261003 0345Z,1,colombia,COINCIDE
3544a2e1-c1f1-4ea6-891f-fb96d216f2b7,17,17CH,CH,CYOW,EGPH,otra,0,1,LEMD-SKRG,B788,20261002 1450Z,1,colombia,OTRA_RUTA
bf8f8a06-c8c4-4035-850d-cfe5f499b9ad,17,17CH,CH,EGPH,ENGM,otra,0,1,LEMD-SKRG,B788,20261002 1450Z,1,colombia,OTRA_RUTA
471e311e-171a-46c2-be3e-bd6279eee67b,17,17CH,CH,ENGM,ESSA,otra,0,1,LEMD-SKRG,B788,20261002 1450Z,1,colombia,OTRA_RUTA
adb0ff8b-0e31-49e4-aea4-d2aa34654df5,17,17CH,CH,KIAD,CYOW,otra,0,1,LEMD-SKRG,B788,20261002 1450Z,1,colombia,OTRA_RUTA
ea984e3d-4106-457a-a9ab-215f644e60ff,17,17FR,FR,LEMD,LPLA,otra,0,1,LEMD-SKRG,B788,20261002 1450Z,1,colombia,OTRA_RUTA
c0a67fa9-2df2-43c0-aed1-658ef6fb9e20,17,17CH,CH,LEMD,LPLA,otra,0,1,LEMD-SKRG,B788,20261002 1450Z,1,colombia,OTRA_RUTA
70501a52-ea9b-4f7b-8f3d-92490c41c92e,17,17FR,FR,LPLA,TBPB,otra,0,1,LEMD-SKRG,B788,20261002 1450Z,1,colombia,OTRA_RUTA
a4bbd432-98cb-4bdb-bd23-10d88b235073,17,17CH,CH,MHTG,SKSP,internacional,0,1,LEMD-SKRG,B788,20261002 1450Z,1,colombia,OTRA_RUTA
79cc856e-6efe-412a-abd2-f059b69350af,17,17CH,CH,MMMX,KIAD,otra,0,1,LEMD-SKRG,B788,20261002 1450Z,1,colombia,OTRA_RUTA
3121e194-3164-4be3-8ddd-8112e26d39b4,17,17CH,CH,MMMX,KIAD,otra,0,1,LEMD-SKRG,B788,20261002 1450Z,1,colombia,OTRA_RUTA
bbe8a722-88e5-4403-9108-3f23826018c9,17,17CH,CH,MMMX,KIAD,otra,0,1,LEMD-SKRG,B788,20261002 1450Z,1,colombia,OTRA_RUTA
a0407105-c95b-4998-8816-8f42d2f32a8b,17,17CH,CH,MPTO,SKRG,internacional,0,1,LEMD-SKRG,B788,20261002 1450Z,1,colombia,OTRA_RUTA
9e94386b-d9f5-4ae1-9887-48173712e3c0,17,17FR,FR,PANC,SKRG,internacional,0,1,LEMD-SKRG,B788,20261002 1450Z,1,colombia,OTRA_RUTA
2d0f2165-b7c0-49ac-85f0-22867ac59247,17,17FR,FR,PANC,SKRG,internacional,0,1,LEMD-SKRG,B788,20261002 1450Z,1,colombia,OTRA_RUTA
e53e2b72-82f2-42b5-95ce-9ecce060c76e,17,17FR,FR,PANC,SKRG,internacional,0,1,LEMD-SKRG,B788,20261002 1450Z,1,colombia,OTRA_RUTA
25b43aa3-7b23-48c0-85bf-34952f0efdbb,17,17CH,CH,SKBG,KMIA,internacional,0,1,LEMD-SKRG,B788,20261002 1450Z,1,colombia,OTRA_RUTA
c31a528c-88e8-45a8-aaed-d083a6a3dc63,17,17CH,CH,SKBQ,SKMR,domestica,0,1,LEMD-SKRG,B788,20261002 1450Z,1,colombia,OTRA_RUTA
18fb2062-5593-4e07-a837-f63fe0a7191d,17,17CH,CH,SKCG,SKSM,domestica,0,1,LEMD-SKRG,B788,20261002 1450Z,1,colombia,OTRA_RUTA
f179ddbb-0be6-4813-94eb-11f9d77e4506,17,17CH,CH,SKCL,SKVV,domestica,0,1,LEMD-SKRG,B788,20261002 1450Z,1,colombia,OTRA_RUTA
9759fa77-5213-4fa8-8d40-c7d7e5c0a3ae,17,17CH,CH,SKCV,SKTU,domestica,0,1,LEMD-SKRG,B788,20261002 1450Z,1,colombia,OTRA_RUTA
f34fca7c-0930-418e-88cf-b3d30c5092d4,17,17CH,CH,SKCZ,SKSM,domestica,0,1,LEMD-SKRG,B788,20261002 1450Z,1,colombia,OTRA_RUTA
8e047e70-4b54-4b64-99fd-5699d0088086,17,17CH,CH,SKMD,SKMD,domestica,0,1,LEMD-SKRG,B788,20261002 1450Z,1,colombia,OTRA_RUTA
aacef8d4-0395-46fa-9f7b-59544ea119b2,17,17CH,CH,SKMD,SKCG,domestica,0,1,LEMD-SKRG,B788,20261002 1450Z,1,colombia,OTRA_RUTA
3c9e169e-e562-4f8b-b7bb-02be44a37f63,17,17CH,CH,SKMD,SKCG,domestica,0,1,LEMD-SKRG,B788,20261002 1450Z,1,colombia,OTRA_RUTA
b4c284ef-c122-427b-8b87-3a1ea59ef289,17,17CH,CH,SKMR,SKCV,domestica,0,1,LEMD-SKRG,B788,20261002 1450Z,1,colombia,OTRA_RUTA
ebed08d9-ae60-4858-ab3b-6f50bfad23d3,17,17CH,CH,SKPE,SKBG,domestica,0,1,LEMD-SKRG,B788,20261002 1450Z,1,colombia,OTRA_RUTA
c3ecdee7-8d1d-428a-a7db-2d82db5aad48,17,17CH,CH,SKPE,SKBG,domestica,0,1,LEMD-SKRG,B788,20261002 1450Z,1,colombia,OTRA_RUTA
36489127-4547-4451-a8b9-19a62c7287d9,17,17CH,CH,SKPS,SKSM,domestica,0,1,LEMD-SKRG,B788,20261002 1450Z,1,colombia,OTRA_RUTA
72fb7a00-c237-4632-a450-26af4882612d,17,17CH,CH,SKRG,SKMD,domestica,0,1,LEMD-SKRG,B788,20261002 1450Z,1,colombia,OTRA_RUTA
30d71580-4980-4dc3-85a1-fd2c2c7bc23f,17,17CH,CH,SKRG,MHTG,internacional,0,1,LEMD-SKRG,B788,20261002 1450Z,1,colombia,OTRA_RUTA
37167adb-3d74-455e-a970-fefd8d68cbdf,17,17CH,CH,SKRG,SKCZ,domestica,0,1,LEMD-SKRG,B788,20261002 1450Z,1,colombia,OTRA_RUTA
8fd2d709-3d9e-46c4-981e-a711619ba77a,17,17CH,CH,SKRG,KSEA,internacional,0,1,LEMD-SKRG,B788,20261002 1450Z,1,colombia,OTRA_RUTA
19e0f8c9-3e86-4389-a818-c901a5bfa2c0,17,17CH,CH,SKRG,SKPS,domestica,0,1,LEMD-SKRG,B788,20261002 1450Z,1,colombia,OTRA_RUTA
ce5b5fac-3ab6-4e25-9198-379504f6ee70,17,17CH,CH,SKRG,SKSM,domestica,0,1,LEMD-SKRG,B788,20261002 1450Z,1,colombia,OTRA_RUTA
3f480309-6d7e-4605-a74c-87a894945b89,17,17CH,CH,SKSM,SKBQ,domestica,0,1,LEMD-SKRG,B788,20261002 1450Z,1,colombia,OTRA_RUTA
21bc0c41-14b8-4d44-ad21-6f5975008fd2,17,17CH,CH,SKSP,MPTO,internacional,0,1,LEMD-SKRG,B788,20261002 1450Z,1,colombia,OTRA_RUTA
17738bb9-9292-41a4-832e-d3828194ad91,17,17CH,CH,SKTU,SKRG,domestica,0,1,LEMD-SKRG,B788,20261002 1450Z,1,colombia,OTRA_RUTA
f8511000-fad2-4cbd-bac9-723b13514e4c,17,17CH,CH,SKVV,SKRG,domestica,0,1,LEMD-SKRG,B788,20261002 1450Z,1,colombia,OTRA_RUTA
d11bfd2b-6bf2-4ee6-a70d-d393c5f9aaa2,17,17CH,CH,SKVV,SKMD,domestica,0,1,LEMD-SKRG,B788,20261002 1450Z,1,colombia,OTRA_RUTA
e753bc76-022a-4d2d-a4d5-07d5b98b04c6,17,17FR,FR,TBPB,SKCG,internacional,0,1,LEMD-SKRG,B788,20261002 1450Z,1,colombia,OTRA_RUTA
6900a8df-89c3-49a2-9b6a-52a7c0d50bf9,17,17CH,CH,TFFR,TDPD,otra,0,1,LEMD-SKRG,B788,20261002 1450Z,1,colombia,OTRA_RUTA
a706a472-831a-4f3d-a5ff-c7b2af194ba9,17,17FR,FR,UEEE,PANC,otra,0,1,LEMD-SKRG,B788,20261002 1450Z,1,colombia,OTRA_RUTA
VGnZBA03xEKJYnDl,18,,,SKBO,LEBL,internacional,1,1,SKBO-LEBL,B788,20261002 2045Z,1,colombia,COINCIDE
wJGMayKAV8wjwGgQ,19,,,LEBL,SKBO,internacional,1,1,LEBL-SKBO,B788,20261002 1200Z,1,colombia,COINCIDE
aa461181-b289-4324-8342-82bc30d8d0a4,20,NULL,,SKBO,KJFK,internacional,1,1,SKBO-KJFK,A20N,20261003 0425Z,1,colombia,COINCIDE
JwrmJkR8zYPznAka,21,,,KJFK,SKBO,internacional,1,1,KJFK-SKBO,A20N,20261002 1145Z,1,colombia,COINCIDE
lG6PkKzYxEl1Qbo5,22,,,SKBO,MMMX,internacional,1,1,SKBO-MMMX,A320,20261002 1930Z,1,colombia,COINCIDE
ZXj5RqG1zpg2E7NP,23,,,MMMX,SKBO,internacional,1,1,MMMX-SKBO,A20N,20261003 0530Z,1,colombia,COINCIDE
e2bc6010-d99f-458b-872b-e6eefd03ea31,25,25CH,CH,DAAG,DAAG,otra,0,,,,,0,sin_ruta,SIN_DATO
24df59b7-0f5b-4bca-b443-85554feb8c0b,25,25CH,CH,DAAG,LEVC,otra,0,,,,,0,sin_ruta,SIN_DATO
c739e8b4-5511-4085-84e7-faa287a33724,25,25CH,CH,EYKA,UUWW,otra,0,,,,,0,sin_ruta,SIN_DATO
0e92d024-65f4-4a48-8a21-7fffe0b7c836,25,25CH,CH,KMIA,MYNN,otra,0,,,,,0,sin_ruta,SIN_DATO
e6e190b9-e3b6-4ec8-8c3d-c3dc033fab52,25,25CH,CH,KMIA,MYNN,otra,0,,,,,0,sin_ruta,SIN_DATO
2d16c1f7-e5a8-4e5f-a564-559ad41ab308,25,25CH,CH,KRSW,KMIA,otra,0,,,,,0,sin_ruta,SIN_DATO
f3621686-44a5-411c-8f66-241cd426c6c7,25,25CH,CH,LEVC,LFBD,otra,0,,,,,0,sin_ruta,SIN_DATO
69deee16-868e-42b4-a6ff-f67c253621a3,25,25CH,CH,LEVC,LFBD,otra,0,,,,,0,sin_ruta,SIN_DATO
4f8d4bfa-128f-4fae-97cc-f0415593ad45,25,25CH,CH,LEVC,LEVC,otra,0,,,,,0,sin_ruta,SIN_DATO
ec5c4353-749a-4be3-8ef1-9be2be8aeb5b,25,25CH,CH,LEVC,LFBD,otra,0,,,,,0,sin_ruta,SIN_DATO
ee4f0b8f-bd17-45ce-8f35-f1e36572a2bd,25,25CH,CH,LFBD,EDDL,otra,0,,,,,0,sin_ruta,SIN_DATO
85169364-22e2-4c6f-9fd2-6e52bdb93a9f,25,25CH,CH,LFBD,EDDL,otra,0,,,,,0,sin_ruta,SIN_DATO
5882a728-760c-42d9-af9b-53888fce0c91,25,25CH,CH,LMML,DAAG,otra,0,,,,,0,sin_ruta,SIN_DATO
6c992739-55cb-4fed-bceb-49b9605c5610,25,25CH,CH,MYNN,KRSW,otra,0,,,,,0,sin_ruta,SIN_DATO
6b3d1df8-8821-4f5a-9d68-cc3282ee3240,25,25CH,CH,TNCC,TNCA,otra,0,,,,,0,sin_ruta,SIN_DATO
e7dad641-df51-4788-9c15-fe5dc9ca274c,25,25CH,CH,VABB,VRMM,otra,0,,,,,0,sin_ruta,SIN_DATO
9976a638-91e6-43d7-92d9-e1199246d666,25,25CH,CH,VIAR,VNKT,otra,0,,,,,0,sin_ruta,SIN_DATO
893963dc-20c6-4da5-8954-20526de5fc1b,25,25CH,CH,VIAR,VNKT,otra,0,,,,,0,sin_ruta,SIN_DATO
0b9e8f33-fba5-4c5b-9bd1-c86ca12f5107,25,25CH,CH,VNKT,VABB,otra,0,,,,,0,sin_ruta,SIN_DATO
8590d0b1-f292-45f5-98a8-0600c91247f3,25,25CH,CH,VRMM,VCBI,otra,0,,,,,0,sin_ruta,SIN_DATO
9wnmO4yR8275YL4b,26,,,SKBO,LEMD,internacional,1,1,SKBO-LEMD,B788,20261002 1845Z,1,colombia,COINCIDE
N6rpzzbL81Kl3pQ2,29,,,KMCO,SKBO,internacional,1,1,KMCO-SKBO,A320,20261002 1920Z,1,colombia,COINCIDE
cff4359b-6657-4777-9e15-b7996446fa46,34,34CH,CH,CYOW,EGPH,otra,0,1,SKBO-MGGT,A320,20261002 1550Z,1,colombia,OTRA_RUTA
92be7496-3f35-46a0-8573-96fc33b1d95b,34,34CH,CH,CYYZ,TNCM,otra,0,1,SKBO-MGGT,A320,20261002 1550Z,1,colombia,OTRA_RUTA
025d5ddb-28f8-4d03-81c4-812b34ce8f2d,34,34CH,CH,EBBR,LFPG,otra,0,1,SKBO-MGGT,A320,20261002 1550Z,1,colombia,OTRA_RUTA
be397a37-e4c7-411a-977c-70463b92f36b,34,34CH,CH,EGCC,ENGM,otra,0,1,SKBO-MGGT,A320,20261002 1550Z,1,colombia,OTRA_RUTA
a42c67b1-c4cb-4d65-8c9d-d0cd54d31a24,34,34CH,CH,EGLL,EHAM,otra,0,1,SKBO-MGGT,A320,20261002 1550Z,1,colombia,OTRA_RUTA
1e47dacd-b592-4838-91e2-dbe4c4164f15,34,34CH,CH,EGPH,ENGM,otra,0,1,SKBO-MGGT,A320,20261002 1550Z,1,colombia,OTRA_RUTA
14d3bf5b-5a4c-4453-a990-9982151e2f38,34,34CH,CH,EHAM,EBBR,otra,0,1,SKBO-MGGT,A320,20261002 1550Z,1,colombia,OTRA_RUTA
62668e96-f46d-45a4-8290-5b73c901b577,34,34CH,CH,ENGM,ESSA,otra,0,1,SKBO-MGGT,A320,20261002 1550Z,1,colombia,OTRA_RUTA
874c5248-19c0-44c9-8aad-2a5fa43ef0c2,34,34CH,CH,ESSA,EGLL,otra,0,1,SKBO-MGGT,A320,20261002 1550Z,1,colombia,OTRA_RUTA
077f7aef-0761-4b70-ab54-0f7a8d1bad98,34,34CH,CH,KIAD,CYOW,otra,0,1,SKBO-MGGT,A320,20261002 1550Z,1,colombia,OTRA_RUTA
3b6033b7-4111-4f7c-a645-8a7f5320d102,34,34CH,CH,KJFK,CYYZ,otra,0,1,SKBO-MGGT,A320,20261002 1550Z,1,colombia,OTRA_RUTA
033ba847-5b76-43e6-aa4b-24496a3a2daa,34,34CA,CA,KJFK,TNCM,otra,0,1,SKBO-MGGT,A320,20261002 1550Z,1,colombia,OTRA_RUTA
3297bca0-0fa0-4471-9ea1-8a27cb3fe7f6,34,34CA,CA,KJFK,SKBO,internacional,0,1,SKBO-MGGT,A320,20261002 1550Z,1,colombia,OTRA_RUTA
63bd3a94-b85c-4ed6-9e34-3a664151a740,34,34CH,CH,MMMX,KIAD,otra,0,1,SKBO-MGGT,A320,20261002 1550Z,1,colombia,OTRA_RUTA
05276a3c-965e-4986-8579-8ba72c47a4d5,34,34CH,CH,MMMX,KIAD,otra,0,1,SKBO-MGGT,A320,20261002 1550Z,1,colombia,OTRA_RUTA
1f0ab94b-ff1b-453f-a103-9d9062c7a614,34,34CH,CH,MMMX,KIAD,otra,0,1,SKBO-MGGT,A320,20261002 1550Z,1,colombia,OTRA_RUTA
d51565f6-1f23-4764-82a5-8624b46f4472,34,34FR,FR,PANC,SKRG,internacional,0,1,SKBO-MGGT,A320,20261002 1550Z,1,colombia,OTRA_RUTA
221ad3a6-f761-48ed-8f0f-05a9c72ce6c0,34,34FR,FR,PANC,SKRG,internacional,0,1,SKBO-MGGT,A320,20261002 1550Z,1,colombia,OTRA_RUTA
d886401a-6892-4297-ba2d-c20e280145fe,34,34CH,CH,SKBG,SKGY,domestica,0,1,SKBO-MGGT,A320,20261002 1550Z,1,colombia,OTRA_RUTA
c02d55da-ac02-4f72-a480-226d4bd59850,34,34CH,CH,SKBG,SKSM,domestica,0,1,SKBO-MGGT,A320,20261002 1550Z,1,colombia,OTRA_RUTA
573974e7-35b0-4f9b-995d-fc25549465d7,34,34CH,CH,SKBO,SCEL,internacional,0,1,SKBO-MGGT,A320,20261002 1550Z,1,colombia,OTRA_RUTA
4836e152-4be4-4a32-888d-bf58ad172eb4,34,34CH,CH,SKBO,TNCM,internacional,0,1,SKBO-MGGT,A320,20261002 1550Z,1,colombia,OTRA_RUTA
b244df51-863e-4fc5-b4e2-f978af6d142e,34,34CH,CH,SKBO,TNCM,internacional,0,1,SKBO-MGGT,A320,20261002 1550Z,1,colombia,OTRA_RUTA
0c4b18f0-c604-4665-98aa-96f419da04fd,34,34CH,CH,SKBO,SKSM,domestica,0,1,SKBO-MGGT,A320,20261002 1550Z,1,colombia,OTRA_RUTA
dc6408cd-1adf-40e5-b0e8-fc4c22da9451,34,34CA,CA,SKBQ,KJFK,internacional,0,1,SKBO-MGGT,A320,20261002 1550Z,1,colombia,OTRA_RUTA
89c6bbf2-34c2-45f9-9218-03564a5f0f8a,34,34CH,CH,SKBQ,SKMR,domestica,0,1,SKBO-MGGT,A320,20261002 1550Z,1,colombia,OTRA_RUTA
4d18cdfd-f190-4e97-be28-2c520b91c748,34,34CH,CH,SKCG,SKBO,domestica,0,1,SKBO-MGGT,A320,20261002 1550Z,1,colombia,OTRA_RUTA
f6993869-40dc-4698-86b8-d1ab1aa4c80f,34,34CH,CH,SKCG,SKSM,domestica,0,1,SKBO-MGGT,A320,20261002 1550Z,1,colombia,OTRA_RUTA
fdcc955d-5fab-424b-8c6c-84c599e45a1c,34,34CH,CH,SKCL,SKPE,domestica,0,1,SKBO-MGGT,A320,20261002 1550Z,1,colombia,OTRA_RUTA
7da320a5-9cde-4060-a7c0-36556dcf6bb6,34,34CH,CH,SKCV,SKTU,domestica,0,1,SKBO-MGGT,A320,20261002 1550Z,1,colombia,OTRA_RUTA
8bbd10f2-0970-4bf9-93dc-eda1f572df19,34,34CH,CH,SKGY,SKRG,domestica,0,1,SKBO-MGGT,A320,20261002 1550Z,1,colombia,OTRA_RUTA
cfdef118-6144-4973-8f95-b23a4f6d5208,34,34CH,CH,SKMD,SKCG,domestica,0,1,SKBO-MGGT,A320,20261002 1550Z,1,colombia,OTRA_RUTA
3e272bfc-91fe-4c40-9fb1-dd29a7684ddc,34,34CH,CH,SKMD,SKSJ,domestica,0,1,SKBO-MGGT,A320,20261002 1550Z,1,colombia,OTRA_RUTA
e72f2744-d209-49d2-979c-055722fcc26a,34,34CH,CH,SKMD,SKCG,domestica,0,1,SKBO-MGGT,A320,20261002 1550Z,1,colombia,OTRA_RUTA
046e5e5a-2005-4f72-b1a0-a7de6c7b5e64,34,34CH,CH,SKMR,SKTL,domestica,0,1,SKBO-MGGT,A320,20261002 1550Z,1,colombia,OTRA_RUTA
04bf901d-9e9d-4dc6-bb9b-cc47474a5026,34,34CH,CH,SKMR,SKCV,domestica,0,1,SKBO-MGGT,A320,20261002 1550Z,1,colombia,OTRA_RUTA
e347fa25-3032-47da-94ab-b7caa3d75083,34,34CH,CH,SKPE,SKBG,domestica,0,1,SKBO-MGGT,A320,20261002 1550Z,1,colombia,OTRA_RUTA
938a0f02-a4f9-4a6e-b44d-0d2d74b46443,34,34CH,CH,SKPS,SKSM,domestica,0,1,SKBO-MGGT,A320,20261002 1550Z,1,colombia,OTRA_RUTA
06378774-1dc4-478c-af08-9b84020c625d,34,34CH,CH,SKRG,SKMD,domestica,0,1,SKBO-MGGT,A320,20261002 1550Z,1,colombia,OTRA_RUTA
1086340c-2e2d-4f3e-b127-0e0fe0d0853b,34,34CA,CA,SKRG,SKBQ,domestica,0,1,SKBO-MGGT,A320,20261002 1550Z,1,colombia,OTRA_RUTA
e0d85107-2219-4ce1-988a-a9e1814bd846,34,34CH,CH,SKRG,SKBO,domestica,0,1,SKBO-MGGT,A320,20261002 1550Z,1,colombia,OTRA_RUTA
c92a25ad-6315-4561-92c8-21f56eed8212,34,34CA,CA,SKRG,SKBQ,domestica,0,1,SKBO-MGGT,A320,20261002 1550Z,1,colombia,OTRA_RUTA
7d045e34-a7ea-4e80-b4ea-4a4cbf516fb3,34,34CH,CH,SKSM,SKCG,domestica,0,1,SKBO-MGGT,A320,20261002 1550Z,1,colombia,OTRA_RUTA
7adff6c3-46b1-4692-b167-d3405698925f,34,34CH,CH,SKSM,SKBQ,domestica,0,1,SKBO-MGGT,A320,20261002 1550Z,1,colombia,OTRA_RUTA
f1aa77e1-ca80-4225-afda-b55c70193ac7,34,34CH,CH,SKTU,SKRG,domestica,0,1,SKBO-MGGT,A320,20261002 1550Z,1,colombia,OTRA_RUTA
b541ae62-df03-40f7-ac56-dce1c03c5e02,34,34CH,CH,SKVV,SKMD,domestica,0,1,SKBO-MGGT,A320,20261002 1550Z,1,colombia,OTRA_RUTA
2ed85e5a-bb0c-46a0-aa39-aa6df1e3e18b,34,34CH,CH,SKVV,SKMD,domestica,0,1,SKBO-MGGT,A320,20261002 1550Z,1,colombia,OTRA_RUTA
9da0d8a7-b8f8-4245-bd1d-26eb7bbd0500,34,34CH,CH,SKVV,SKYP,domestica,0,1,SKBO-MGGT,A320,20261002 1550Z,1,colombia,OTRA_RUTA
7cdde063-9a80-4b86-bcc5-2cd4c15f6e3d,34,34CH,CH,SKYP,SKGY,domestica,0,1,SKBO-MGGT,A320,20261002 1550Z,1,colombia,OTRA_RUTA
69c73ed9-ec2a-4640-9c1b-5066f1b45542,34,34CH,CH,TNCM,SKBO,internacional,0,1,SKBO-MGGT,A320,20261002 1550Z,1,colombia,OTRA_RUTA
50ab1e5c-a0fa-4dea-9880-cda81c4a28e6,34,34CA,CA,TNCM,SKBO,internacional,0,1,SKBO-MGGT,A320,20261002 1550Z,1,colombia,OTRA_RUTA
034024a2-6c5d-43f9-a7d6-245f33d68928,34,34CH,CH,TNCM,SKBO,internacional,0,1,SKBO-MGGT,A320,20261002 1550Z,1,colombia,OTRA_RUTA
ab706d2a-22d4-49fe-b252-55586ca02601,34,34CH,CH,TNCM,SKBO,internacional,0,1,SKBO-MGGT,A320,20261002 1550Z,1,colombia,OTRA_RUTA
e6540b16-1480-4173-91e9-090768701277,34,34CH,CH,TNCM,SKBO,internacional,0,1,SKBO-MGGT,A320,20261002 1550Z,1,colombia,OTRA_RUTA
0f8a5849-f085-4363-878f-008d1db9ae38,34,34CH,CH,TNCM,SKRG,internacional,0,1,SKBO-MGGT,A320,20261002 1550Z,1,colombia,OTRA_RUTA
961ab5d8-8a42-42b7-9307-0f7b4ffc1bee,34,34CH,CH,TNCM,SKBO,internacional,0,1,SKBO-MGGT,A320,20261002 1550Z,1,colombia,OTRA_RUTA
878ec103-023f-4ecb-abb3-c077a616212d,34,34FR,FR,UEEE,PANC,otra,0,1,SKBO-MGGT,A320,20261002 1550Z,1,colombia,OTRA_RUTA
18eb86e0-4657-4b7e-8bd2-8ac0e4688f58,35,35CH,CH,SKPS,SKSM,domestica,0,1,MGGT-SKBO,A320,20261002 2005Z,1,colombia,OTRA_RUTA
bz6eow17MjPgrexL,37,,,KFLL,SKBO,internacional,1,1,KFLL-SKBO,A320,20261002 1930Z,1,colombia,COINCIDE
6VkAKP7J9MWN8maQ,40,,,SKBO,MPTO,internacional,1,1,SKBO-MPTO,A320,20261003 0400Z,1,colombia,COINCIDE
KMjMWVBYNv5NmaQy,42,,,SKRG,KJFK,internacional,1,1,SKRG-KJFK,A320,20261003 0350Z,1,colombia,COINCIDE
kO3EpkADLR5DDjmb,44,,,SKBO,MMMX,internacional,1,1,SKBO-MMMX,A20N,20261003 0440Z,1,colombia,COINCIDE
9APXLn2rKdRw5P0V,45,,,MMMX,SKBO,internacional,1,1,MMMX-SKBO,A320,20261002 1105Z,1,colombia,COINCIDE
GKlmRYngm1WkYEXO,46,,,SKBO,LEMD,internacional,1,1,SKBO-LEMD,B788,20261002 1255Z,1,colombia,COINCIDE
XBlyaMvLxJk0dl96,47,,,LEMD,SKBO,internacional,1,1,LEMD-SKBO,B788,20261003 0030Z,1,colombia,COINCIDE
mYVn5AoelYG0Pr1a,48,,,SPJC,SKBO,internacional,1,1,SPJC-SKBO,A320,20261003 0650Z,1,colombia,COINCIDE
8LnBo01QMNoEbe1y,49,NULL,,SKBO,SPJC,internacional,1,1,SKBO-SPJC,A20N,20261002 1235Z,1,colombia,COINCIDE
3479d570-a2e6-4886-bd96-3fa153abf1a4,50,,,SPJC,SKBO,internacional,1,1,SPJC-SKBO,A20N,20261002 1655Z,1,colombia,COINCIDE
28edf8a5-d46c-4e53-93d1-cd05f37e7ac4,51,,,SKBO,SPJC,internacional,1,1,SKBO-SPJC,A320,20261002 2255Z,1,colombia,COINCIDE
0ErY1y87xR4RBr3N,53,,,SKBO,SPJC,internacional,1,1,SKBO-SPJC,A320,20261002 1840Z,1,colombia,COINCIDE
7AnN55q4dl6MQNR5,54,,,SKBO,LFPG,internacional,1,1,SKBO-LFPG,B788,20261002 1845Z,1,colombia,COINCIDE
d923d65e-c539-4e5f-a63c-54839f2d1a7b,55,55CH,CH,LFBT,LFPB,otra,0,1,LFPG-SKBO,B788,20261003 0705Z,1,colombia,OTRA_RUTA
bc5519b4-bb46-49e8-895d-757f1270602c,55,55CH,CH,LMML,DAAG,otra,0,1,LFPG-SKBO,B788,20261003 0705Z,1,colombia,OTRA_RUTA
8a0d9d40-0a93-4ecd-b4e5-a61d6b3057de,55,55CH,CH,LMML,DAAG,otra,0,1,LFPG-SKBO,B788,20261003 0705Z,1,colombia,OTRA_RUTA
3450c334-f997-441f-9445-42f95584211e,55,55CH,CH,LMML,DAAG,otra,0,1,LFPG-SKBO,B788,20261003 0705Z,1,colombia,OTRA_RUTA
25c770eb-c75a-4979-af4b-e8a56051f156,55,55CH,CH,SKBG,SKOC,domestica,0,1,LFPG-SKBO,B788,20261003 0705Z,1,colombia,OTRA_RUTA
60daa063-b02f-4578-b235-dae47a77fb5d,55,55CH,CH,SKBO,SKPE,domestica,0,1,LFPG-SKBO,B788,20261003 0705Z,1,colombia,OTRA_RUTA
75016142-e61b-4753-90a2-41b3bdb7d0d3,55,55CH,CH,SKBQ,SKVP,domestica,0,1,LFPG-SKBO,B788,20261003 0705Z,1,colombia,OTRA_RUTA
lR9oeymoEBpXyn06,55,55CH,PF,SKBQ,SKSM,domestica,0,1,LFPG-SKBO,B788,20261003 0705Z,1,colombia,OTRA_RUTA
931b7165-5aa2-44ed-83ee-3c00efca25b5,55,55TR,TR,SKCG,SKYP,domestica,0,1,LFPG-SKBO,B788,20261003 0705Z,1,colombia,OTRA_RUTA
871cb7c7-687a-45ff-afca-2cb66268b526,55,VHRC,CH,SKCG,SKLT,domestica,0,1,LFPG-SKBO,B788,20261003 0705Z,1,colombia,OTRA_RUTA
dc6d9c61-dde0-4a9f-992e-3ec20f691a3d,55,55CH,CH,SKCG,SKLT,domestica,0,1,LFPG-SKBO,B788,20261003 0705Z,1,colombia,OTRA_RUTA
38f45420-9272-4d59-b60e-6fbac9937787,55,VHRC,CH,SKCG,SKLT,domestica,0,1,LFPG-SKBO,B788,20261003 0705Z,1,colombia,OTRA_RUTA
98897656-5f51-476b-a150-f1e4831dc885,55,55CH,CH,SKCG,SKRH,domestica,0,1,LFPG-SKBO,B788,20261003 0705Z,1,colombia,OTRA_RUTA
3af86b8c-0e7a-41a3-a6f6-2a0c72a5d240,55,VHRC,CH,SKCG,SKLT,domestica,0,1,LFPG-SKBO,B788,20261003 0705Z,1,colombia,OTRA_RUTA
3pX65l89ZZob5wQJ,55,NULL,CH,SKCG,SKLT,domestica,0,1,LFPG-SKBO,B788,20261003 0705Z,1,colombia,OTRA_RUTA
17d0291b-9955-46a2-970f-95081aec23a8,55,VHRC,CH,SKCG,SKLT,domestica,0,1,LFPG-SKBO,B788,20261003 0705Z,1,colombia,OTRA_RUTA
51579f85-c62f-4eff-bf2b-e23044902ff9,55,55VP,VP,SKCG,SKLT,domestica,0,1,LFPG-SKBO,B788,20261003 0705Z,1,colombia,OTRA_RUTA
f20017d8-c082-476a-88ad-ea311e263966,55,55CH,CH,SKMD,SKUR,domestica,0,1,LFPG-SKBO,B788,20261003 0705Z,1,colombia,OTRA_RUTA
f2e9ed81-e41e-481c-9cce-c1ec8f099a92,55,55CH,CH,SKMD,SKUR,domestica,0,1,LFPG-SKBO,B788,20261003 0705Z,1,colombia,OTRA_RUTA
f07bc7c7-063c-4a77-b44e-d3703b578685,55,55CH,CH,SKOC,SKBG,domestica,0,1,LFPG-SKBO,B788,20261003 0705Z,1,colombia,OTRA_RUTA
Z0V5XkN1WMa4jBqn,55,NULL,PF,SKOC,SKCG,domestica,0,1,LFPG-SKBO,B788,20261003 0705Z,1,colombia,OTRA_RUTA
fc580050-5086-4d93-980c-a915d6015e4a,55,55CH,CH,SKPE,SKBG,domestica,0,1,LFPG-SKBO,B788,20261003 0705Z,1,colombia,OTRA_RUTA
1668584a-2584-4899-8572-5d50a8e1f696,55,55CH,CH,SKPE,SKBG,domestica,0,1,LFPG-SKBO,B788,20261003 0705Z,1,colombia,OTRA_RUTA
f732c764-bd47-4d04-bcbb-7be07c7c652c,55,55CH,CH,SKPS,SKSM,domestica,0,1,LFPG-SKBO,B788,20261003 0705Z,1,colombia,OTRA_RUTA
f1ee1aed-1c28-488c-b521-c0cb4d691f71,55,55GA,GA,SKRG,SKMD,domestica,0,1,LFPG-SKBO,B788,20261003 0705Z,1,colombia,OTRA_RUTA
e29f807d-3f45-42e2-865a-50e3addbcc77,55,55CH,CH,SKRG,SKUR,domestica,0,1,LFPG-SKBO,B788,20261003 0705Z,1,colombia,OTRA_RUTA
d752ae29-bba0-4af9-bc06-171545459f18,55,55CH,CH,SKRG,SKLT,domestica,0,1,LFPG-SKBO,B788,20261003 0705Z,1,colombia,OTRA_RUTA
6cf0886f-f777-4b5a-9df2-4096a1869ed6,55,55CH,CH,SKRG,SKCZ,domestica,0,1,LFPG-SKBO,B788,20261003 0705Z,1,colombia,OTRA_RUTA
6adb3bd5-cf49-4391-9b6b-792af964d68d,55,55CH,CH,SKRG,SKHC,domestica,0,1,LFPG-SKBO,B788,20261003 0705Z,1,colombia,OTRA_RUTA
48427ab7-1556-4673-b37c-e81b7a4bf10b,55,55CH,CH,SKRG,SKPS,domestica,0,1,LFPG-SKBO,B788,20261003 0705Z,1,colombia,OTRA_RUTA
aa578213-da64-433e-bb7a-471838ceac46,55,55CH,CH,SKRH,SKCG,domestica,0,1,LFPG-SKBO,B788,20261003 0705Z,1,colombia,OTRA_RUTA
7c0cc6ad-22f7-4da0-b1a3-81fe3f6c04cf,55,55FR,FR,SKRH,SKCG,domestica,0,1,LFPG-SKBO,B788,20261003 0705Z,1,colombia,OTRA_RUTA
bd84cdd0-caaa-4adb-8813-b15d6ca01d9c,55,55VP,VP,SKRH,KLAX,internacional,0,1,LFPG-SKBO,B788,20261003 0705Z,1,colombia,OTRA_RUTA
d48bf9a4-44b7-4861-b3cb-0a7127352fb6,55,55CH,CH,SKRH,SKSM,domestica,0,1,LFPG-SKBO,B788,20261003 0705Z,1,colombia,OTRA_RUTA
8c262d29-3980-49c9-ab35-2dbd57f9558a,55,55CH,CH,SKSM,SKCG,domestica,0,1,LFPG-SKBO,B788,20261003 0705Z,1,colombia,OTRA_RUTA
57f428b2-dd77-426a-a498-bc70a191897c,57,57CH,CH,NZGS,NZAA,otra,0,1,MPTO-SKBO,A319,20261002 2305Z,1,colombia,OTRA_RUTA
fda97963-aee6-4fd9-9c2b-926b05b553cf,57,57CH,CH,SKSM,SKPE,domestica,0,1,MPTO-SKBO,A319,20261002 2305Z,1,colombia,OTRA_RUTA
523f63b2-c02a-4ca6-905d-5360147461c6,59,59CH,CH,WSSS,WSSL,otra,0,1,MPTO-SKBO,A320,20261002 1520Z,1,colombia,OTRA_RUTA
d0BODa0MX8K1dPv1,61,,,KJFK,SKCL,internacional,1,1,MPTO-SKBO,A320,20261002 2020Z,1,colombia,OTRA_RUTA
Lp0ovNQ9Y5zOMoJ6,62,,,SKCL,KJFK,internacional,1,1,SKCL-KJFK,A320,20260831 0245Z,1,colombia,COINCIDE
l0rMlPe1gYk70KPJ,66,,,SKBO,KFLL,internacional,1,1,SKBO-KFLL,A320,20261002 1950Z,1,colombia,COINCIDE
jvwz942rkpNqv0bm,68,,,SKBO,MMUN,internacional,1,1,SKBO-MMUN,A320,20261002 1715Z,1,colombia,COINCIDE
exmvKnbMP5pLG3dl,69,,,MMUN,SKBO,internacional,1,1,MMUN-SKBO,A320,20261002 2200Z,1,colombia,COINCIDE
o58JJ5zrMob6x89B,70,,,SKBO,MSLP,internacional,1,1,SKBO-MSLP,A20N,20261004 1415Z,1,colombia,COINCIDE
b7bf2ea3-a03f-484e-a40e-371d6960a950,72,,,SKBO,MMMX,internacional,1,1,SKBO-MMMX,A320,20261002 1330Z,1,colombia,COINCIDE
9YzA8PeqxBO6mGZW,73,,,MMMX,SKBO,internacional,1,1,MMMX-SKBO,A20N,20261002 2010Z,1,colombia,COINCIDE
de66d80c-a26b-41cf-9e8b-697ab63c33d0,76,76CH,CH,CYUL,SKBO,internacional,0,1,SEGU-SKBO,A320,20261002 2055Z,1,colombia,OTRA_RUTA
4d228941-b46a-4fdd-8c38-4ba21c8981c6,76,76CH,CH,EDDF,SKBO,internacional,0,1,SEGU-SKBO,A320,20261002 2055Z,1,colombia,OTRA_RUTA
dce3d9b8-d12b-412f-ae30-ac03ded4f9df,76,76CH,CH,EDDF,KEWR,otra,0,1,SEGU-SKBO,A320,20261002 2055Z,1,colombia,OTRA_RUTA
800ac5e8-20f0-4409-9f9c-c57684257d22,76,76CH,CH,KDFW,KJFK,otra,0,1,SEGU-SKBO,A320,20261002 2055Z,1,colombia,OTRA_RUTA
b306f729-0b4f-4260-89ad-943666bff58f,76,76CH,CH,KDFW,KJFK,otra,0,1,SEGU-SKBO,A320,20261002 2055Z,1,colombia,OTRA_RUTA
28b41c55-4409-4a28-8ff6-c02dfa901781,76,76CA,CA,KEWR,KSFO,otra,0,1,SEGU-SKBO,A320,20261002 2055Z,1,colombia,OTRA_RUTA
f5e104e3-5429-4fc6-894c-fa538bf4d736,76,76CH,CH,KJFK,SKBO,internacional,0,1,SEGU-SKBO,A320,20261002 2055Z,1,colombia,OTRA_RUTA
3290d46e-cbe5-4b88-90d4-8966d0b1f4e2,76,76CH,CH,KJFK,SKCL,internacional,0,1,SEGU-SKBO,A320,20261002 2055Z,1,colombia,OTRA_RUTA
b2acf604-b95e-4d9c-ac44-22f8820b6517,76,76CH,CH,KJFK,SKCL,internacional,0,1,SEGU-SKBO,A320,20261002 2055Z,1,colombia,OTRA_RUTA
72a958a0-8715-485b-96df-90acbbeeeaf6,76,76CH,CH,KJFK,SKBO,internacional,0,1,SEGU-SKBO,A320,20261002 2055Z,1,colombia,OTRA_RUTA
e5b9f0c8-278f-4c91-bf81-407aa0624735,76,76CH,CH,KLAX,ZUTF,otra,0,1,SEGU-SKBO,A320,20261002 2055Z,1,colombia,OTRA_RUTA
d55915c8-e0f1-4716-bc0f-3edf09e527ed,76,76CH,CH,KLAX,RCTP,otra,0,1,SEGU-SKBO,A320,20261002 2055Z,1,colombia,OTRA_RUTA
4768ed7c-526c-41b3-bcd8-5d243956b37d,76,76CA,CA,KMIA,SKRG,internacional,0,1,SEGU-SKBO,A320,20261002 2055Z,1,colombia,OTRA_RUTA
7ca50675-c5dd-4bba-afdb-d111e19788ba,76,76CH,CH,KSFO,KORD,otra,0,1,SEGU-SKBO,A320,20261002 2055Z,1,colombia,OTRA_RUTA
e4b8844d-bc3d-411a-9d5c-e7ae3f30dcdc,76,76CH,CH,LTFM,SKBO,internacional,0,1,SEGU-SKBO,A320,20261002 2055Z,1,colombia,OTRA_RUTA
0d3dda58-7959-44c4-89c0-c842a3cda6f7,76,76CH,CH,LTFM,SKBO,internacional,0,1,SEGU-SKBO,A320,20261002 2055Z,1,colombia,OTRA_RUTA
83f85be2-c713-49f7-a253-21d38ec20d2a,76,76CH,CH,MPTO,LTFM,otra,0,1,SEGU-SKBO,A320,20261002 2055Z,1,colombia,OTRA_RUTA
93e1b9c3-09e4-41b2-afd1-b599ebb59edb,76,76CH,CH,RCTP,RJTT,otra,0,1,SEGU-SKBO,A320,20261002 2055Z,1,colombia,OTRA_RUTA
6604ae6f-f68f-49ce-8d72-0f40507123cb,76,76CH,CH,RJTT,WSSS,otra,0,1,SEGU-SKBO,A320,20261002 2055Z,1,colombia,OTRA_RUTA
8f957d71-d00e-4ba4-88d7-e5f580cb0300,76,76CH,CH,RKSI,KATL,otra,0,1,SEGU-SKBO,A320,20261002 2055Z,1,colombia,OTRA_RUTA
a5174e49-7048-4f1b-aa7d-28698890188e,76,76CH,CH,RKSI,ZUTF,otra,0,1,SEGU-SKBO,A320,20261002 2055Z,1,colombia,OTRA_RUTA
1c935b4b-1393-45aa-b097-a738b284453c,76,76CH,CH,RKSI,KATL,otra,0,1,SEGU-SKBO,A320,20261002 2055Z,1,colombia,OTRA_RUTA
6c739702-4c47-4f07-ae28-315f813b0558,76,76CH,CH,RKSI,KATL,otra,0,1,SEGU-SKBO,A320,20261002 2055Z,1,colombia,OTRA_RUTA
2a482ae3-9fb9-47b8-a2d7-09c055b5cfab,76,76CH,CH,SKBO,CYUL,internacional,0,1,SEGU-SKBO,A320,20261002 2055Z,1,colombia,OTRA_RUTA
8c96e850-a7f1-436d-bedd-1211ac6ebf88,76,76CH,CH,SKBO,SAEZ,internacional,0,1,SEGU-SKBO,A320,20261002 2055Z,1,colombia,OTRA_RUTA
3c78a8ba-64d4-4d83-ab01-71eeda658b89,76,76CH,CH,SKCL,LEMD,internacional,0,1,SEGU-SKBO,A320,20261002 2055Z,1,colombia,OTRA_RUTA
7e4ccdff-015c-4336-8084-785047ac3da3,76,76CH,CH,SKRG,MPTO,internacional,0,1,SEGU-SKBO,A320,20261002 2055Z,1,colombia,OTRA_RUTA
cd7e4d12-964f-4db8-b7e7-299b2c5e4bac,76,76CA,CA,SKRG,KMIA,internacional,0,1,SEGU-SKBO,A320,20261002 2055Z,1,colombia,OTRA_RUTA
d185205a-e1f9-42d1-85ef-7684c49bca5d,76,76CH,CH,SKRG,SKBO,domestica,0,1,SEGU-SKBO,A320,20261002 2055Z,1,colombia,OTRA_RUTA
c63165bb-1fc3-443b-b0e5-84731229b54b,76,76CH,CH,VRMM,RKSI,otra,0,1,SEGU-SKBO,A320,20261002 2055Z,1,colombia,OTRA_RUTA
3c238029-78ce-4773-8fee-635090296544,76,76CH,CH,WSSS,VRMM,otra,0,1,SEGU-SKBO,A320,20261002 2055Z,1,colombia,OTRA_RUTA
bf84bf83-be8c-42a2-ad08-52d74dd2619f,76,76CH,CH,ZUTF,KLAX,otra,0,1,SEGU-SKBO,A320,20261002 2055Z,1,colombia,OTRA_RUTA
77e52d2b-2993-4a05-8ca8-7d7909a0dde8,77,77FR,FR,KSAN,MHTG,otra,0,1,SKBO-SEGU,A320,20261002 1750Z,1,colombia,OTRA_RUTA
65043af4-65b2-4339-91dc-35c1792a8284,77,77FR,FR,KSEA,KSAN,otra,0,1,SKBO-SEGU,A320,20261002 1750Z,1,colombia,OTRA_RUTA
35a4fdbb-75e0-4308-8f7f-7fa4380538fb,77,77CH,CH,MHTG,SKSP,internacional,0,1,SKBO-SEGU,A320,20261002 1750Z,1,colombia,OTRA_RUTA
1293c3e9-b5bf-468c-9f49-f79447f7b8db,77,77FR,FR,MHTG,SKRG,internacional,0,1,SKBO-SEGU,A320,20261002 1750Z,1,colombia,OTRA_RUTA
df831bdd-d8c7-4fb8-bcdd-c5c7bad546ab,77,77CH,CH,MPTO,SKRG,internacional,0,1,SKBO-SEGU,A320,20261002 1750Z,1,colombia,OTRA_RUTA
8654d728-1372-4f50-b56b-e4512d199aeb,77,77FR,FR,PANC,KSEA,otra,0,1,SKBO-SEGU,A320,20261002 1750Z,1,colombia,OTRA_RUTA
38365284-f641-47af-8f5e-2b092c3ee49e,77,77CH,CH,SKBG,SKMD,domestica,0,1,SKBO-SEGU,A320,20261002 1750Z,1,colombia,OTRA_RUTA
33c97bcf-ded1-44a8-a705-d5e097775f34,77,77CH,CH,SKBG,SKMD,domestica,0,1,SKBO-SEGU,A320,20261002 1750Z,1,colombia,OTRA_RUTA
ccc7d5ad-ce61-410d-99df-cc3a97d503a2,77,77CH,CH,SKBO,SKRG,domestica,0,1,SKBO-SEGU,A320,20261002 1750Z,1,colombia,OTRA_RUTA
59b2e2e3-295f-4afc-adda-bdd017fcb0ec,77,77CH,CH,SKCG,SKOC,domestica,0,1,SKBO-SEGU,A320,20261002 1750Z,1,colombia,OTRA_RUTA
bacc790c-2f96-494c-87a5-8891d34860bc,77,77CH,CH,SKCZ,SKSM,domestica,0,1,SKBO-SEGU,A320,20261002 1750Z,1,colombia,OTRA_RUTA
b35780e9-6669-49e7-84cc-1a41215b5d66,77,77FR,FR,SKMD,SKRG,domestica,0,1,SKBO-SEGU,A320,20261002 1750Z,1,colombia,OTRA_RUTA
ba0d2592-e6af-485d-8d52-3b376ed12d67,77,77CH,CH,SKOC,SKMD,domestica,0,1,SKBO-SEGU,A320,20261002 1750Z,1,colombia,OTRA_RUTA
c2d7931b-ca05-4dcb-a977-2990122e5698,77,77CH,CH,SKPE,SKBG,domestica,0,1,SKBO-SEGU,A320,20261002 1750Z,1,colombia,OTRA_RUTA
ed3d73b6-ed0c-493b-9de7-c39253916d5d,77,77CH,CH,SKPE,SKMD,domestica,0,1,SKBO-SEGU,A320,20261002 1750Z,1,colombia,OTRA_RUTA
1dc56488-d74c-42dc-9d9d-94314cddbed0,77,77CH,CH,SKRG,SKBG,domestica,0,1,SKBO-SEGU,A320,20261002 1750Z,1,colombia,OTRA_RUTA
d427a780-e114-45e1-ae37-93f5b582d35d,77,77CH,CH,SKRG,SKCZ,domestica,0,1,SKBO-SEGU,A320,20261002 1750Z,1,colombia,OTRA_RUTA
57823e9a-89ec-4b7e-bb7d-c4f7c97dde83,77,77CA,CA,SKRG,SKBO,domestica,0,1,SKBO-SEGU,A320,20261002 1750Z,1,colombia,OTRA_RUTA
3a2fcc99-c702-416d-9e3b-449ac4a3765a,77,77CH,CH,SKRG,SKCZ,domestica,0,1,SKBO-SEGU,A320,20261002 1750Z,1,colombia,OTRA_RUTA
f3cb211b-e341-4b32-af24-1d47e04b740e,77,77CH,CH,SKRG,SKPE,domestica,0,1,SKBO-SEGU,A320,20261002 1750Z,1,colombia,OTRA_RUTA
27ccb3ee-8203-4e26-83c3-cf3de0935414,77,77CA,CA,SKRG,SKBO,domestica,0,1,SKBO-SEGU,A320,20261002 1750Z,1,colombia,OTRA_RUTA
e0105b0e-a97a-4cc6-9103-c22b7b6f9bb4,77,77CH,CH,SKRG,SKPS,domestica,0,1,SKBO-SEGU,A320,20261002 1750Z,1,colombia,OTRA_RUTA
746c7b87-03f7-42a3-b243-3b7c7ee74461,77,77CH,CH,SKRG,MHTG,internacional,0,1,SKBO-SEGU,A320,20261002 1750Z,1,colombia,OTRA_RUTA
6b15a8b1-86a8-4a83-8649-7217a48bf32e,77,77CH,CH,SKSM,SKRG,domestica,0,1,SKBO-SEGU,A320,20261002 1750Z,1,colombia,OTRA_RUTA
b82679c8-32e8-407b-8b1d-cb2cea0aff78,77,77CH,CH,SKSP,MPTO,internacional,0,1,SKBO-SEGU,A320,20261002 1750Z,1,colombia,OTRA_RUTA
2548067c-4286-47f2-a4e9-f90e7d7b2ca8,77,77CH,CH,TFFR,TDPD,otra,0,1,SKBO-SEGU,A320,20261002 1750Z,1,colombia,OTRA_RUTA
85fa9aae-b667-4e1d-9e6a-8642e876e04e,77,77FR,FR,UEEE,PANC,otra,0,1,SKBO-SEGU,A320,20261002 1750Z,1,colombia,OTRA_RUTA
6DE9nJk0Z7xRpYjw,79,,,TNCC,SKBO,internacional,1,1,TNCC-SKBO,A320,20261002 2225Z,1,colombia,COINCIDE
8bnYMvLDxowlNnd4,85,NULL,,SKBO,SBGR,internacional,1,1,SKBO-SBGR,B788,20261003 0255Z,1,colombia,COINCIDE
b0o24Olk7yXV4jqK,86,NULL,,SBGR,SKBO,internacional,1,1,SBGR-SKBO,B788,20261002 1045Z,1,colombia,COINCIDE
z8R6Lekz4MJaml3K,87,NULL,,SKBO,SAEZ,internacional,1,1,SKBO-SAEZ,B788,20261003 0240Z,1,colombia,COINCIDE
2jkQ6LVQGEYayZPg,88,NULL,,SAEZ,SKBO,internacional,1,1,SAEZ-SKBO,B788,20261002 1020Z,1,colombia,COINCIDE
x0zWJL6Q1NeGkPgw,92,,,SKBO,TNCC,internacional,1,1,SKBO-TNCC,A320,20261002 1235Z,1,colombia,COINCIDE
9184e192-5c9d-49d8-be31-1450cf538578,93,,,TNCC,SKBO,internacional,1,1,TNCC-SKBO,A320,20261002 1545Z,1,colombia,COINCIDE
om5j7dlRA878KgMK,97,NULL,,SKBO,SCEL,internacional,1,1,SKBO-SCEL,A333,20261003 0235Z,1,colombia,COINCIDE
xB0b6zeMJQ6w30k3,98,NULL,,SCEL,SKBO,internacional,1,1,SCEL-SKBO,A333,20261002 1040Z,1,colombia,COINCIDE
nAgYZ5jaLoROMV4y,102,NULL,,SPJC,SKBO,internacional,1,1,SPJC-SKBO,A320,20261002 1240Z,1,colombia,COINCIDE
53dmpaGw2LrakK8G,106,NULL,VHR26,KMIA,SKBO,internacional,1,1,SKCG-KMIA,A320,20250831 1650Z,0,colombia,OTRA_RUTA
yWOZYk4x0e3pDG3a,109,NULL,,SKBO,SUMU,internacional,1,1,SKBO-SUMU,A20N,20261003 0240Z,1,colombia,COINCIDE
QYlk9Ky5rz7GdgOa,110,NULL,,SUMU,SKBO,internacional,1,1,SUMU-SKBO,A20N,20261003 1015Z,1,colombia,COINCIDE
vQZbpv3EA0jQ86wL,113,,,KDFW,SKBO,internacional,1,1,MSLP-SKBO,A20N,20250601 0415Z,0,colombia,OTRA_RUTA
G07yBmkaVnV2DozV,115,NULL,,SKBO,SCEL,internacional,1,1,SKBO-SCEL,A20N,20261002 1225Z,1,colombia,COINCIDE
9dmkyAV1pGpllaqB,116,NULL,,SCEL,SKBO,internacional,1,1,SCEL-SKBO,A20N,20261002 1930Z,1,colombia,COINCIDE
qr81ApWanr9W98QJ,118,,,SKBO,KMCO,internacional,1,1,SKBO-KMCO,A20N,20261002 2115Z,1,colombia,COINCIDE
x9KJ6ZObNeDE6KNa,123,NULL,,SVMI,SKBO,internacional,1,1,SVMI-SKBO,A320,20261003 0810Z,1,colombia,COINCIDE
OoEPkROB037qJKeV,124,NULL,,SEQM,SKBO,internacional,1,1,SEQM-SKBO,A20N,20261003 0605Z,1,colombia,COINCIDE
VgOvv0JrVybw7O2n,125,NULL,,SKBO,SEQM,internacional,1,1,SKBO-SEQM,A20N,20261003 0315Z,1,colombia,COINCIDE
YKrzYgE9q7pAJemq,126,,,SKBO,KMIA,internacional,1,1,SKBO-KMIA,A320,20261002 1245Z,1,colombia,COINCIDE
p7Jb7werpbWYlqrn,128,,,SKBO,MDPC,internacional,1,1,SKBO-MDPC,A20N,20261002 1245Z,1,colombia,COINCIDE
logEjealOWG0zYW9,129,,,MDPC,SKBO,internacional,1,1,MDPC-SKBO,A20N,20261002 1700Z,1,colombia,COINCIDE
85rR3yMAXl26GwPn,130,NULL,VHR26,SKRG,KMIA,internacional,1,1,SKBO-MROC,A320,20251206 2300Z,0,colombia,OTRA_RUTA
RQmNQjLAWKJWLoG0,132,NULL,,SCEL,SKCG,internacional,1,1,SCEL-SKCG,A20N,20260228 0820Z,1,colombia,COINCIDE
aVYOOrWBgD9OoYRj,137,,,KMIA,SKBO,internacional,1,1,MDPC-SKBO,A20N,20261002 2245Z,1,colombia,OTRA_RUTA
aYP4eKG9dWL4l74L,139,,,SKBO,KEWR,internacional,1,1,SKBO-SACO,A20N,20261003 0325Z,1,colombia,OTRA_RUTA
3QOozBreJkBYyVBN,142,,,SKRG,MDPC,internacional,1,1,SKBO-SVMI,A320,20260714 1245Z,1,colombia,OTRA_RUTA
Oz74pgdYrlYpk7NM,146,NULL,,SBGL,SKBO,internacional,1,1,SBGL-SKBO,A20N,20261002 1950Z,1,colombia,COINCIDE
b90f2dc1-ec69-4bfb-b936-f4a01ec5dcc6,147,NULL,,SKBO,SBGL,internacional,1,1,SKBO-SBGL,A20N,20261002 1225Z,1,colombia,COINCIDE
AgmOjJVw3xkWqMna,148,NULL,,SKBO,KIAD,internacional,1,1,SKBO-KIAD,A20N,20261003 0400Z,1,colombia,COINCIDE
4jEGM617zNqQWX95,153,,,KJFK,SKRG,internacional,1,1,KJFK-SKRG,A320,20261002 0855Z,1,colombia,COINCIDE
W7AKQkNXvO9ZNnXR,158,,,SEQM,SKRG,internacional,1,1,SEQM-SKRG,A320,20261002 2230Z,1,colombia,COINCIDE
6174e16c-26be-4137-bebd-049fa76885d4,161,NULL,,SKBO,SBGR,internacional,1,1,SKBO-SBGR,A20N,20261002 2210Z,1,colombia,COINCIDE
jywVDMmVlQ8YYkMp,164,,,SKBO,MGGT,internacional,1,1,SKBO-MGGT,A320,20261003 0435Z,1,colombia,COINCIDE
e9kGvQLo2eoeLlxp,165,,,MGGT,SKBO,internacional,1,1,MGGT-SKBO,A320,20261003 1230Z,1,colombia,COINCIDE
y53lp7lgN77Z53E8,166,,,SLVR,SKBO,internacional,1,1,SLVR-SKBO,A320,20261003 0745Z,1,colombia,COINCIDE
yp514jn0WNd869R4,167,,,SKBO,SLVR,internacional,1,1,SKBO-SLVR,A320,20261003 0240Z,1,colombia,COINCIDE
xyV1KkP1BeEpn85Z,172,,,SKBO,KMIA,internacional,1,1,SKBO-KMIA,A320,20260626 0610Z,1,colombia,COINCIDE
3ONwVGL23YozGBYm,173,,,KMIA,SKBO,internacional,1,1,KMIA-SKBO,A320,20260626 1150Z,1,colombia,COINCIDE
jOB6Y0ZQqGnqk14n,176,,,SKBO,KDFW,internacional,1,1,SKBO-KDFW,A320,20260620 0840Z,1,colombia,COINCIDE
No0wmV4gBry1NW9R,177,,,KDFW,SKBO,internacional,1,1,KDFW-SKBO,A320,20260620 1615Z,1,colombia,COINCIDE
866e9abd-11f9-4c50-8178-c35214597b5d,184,NULL,,SBGR,SKBO,internacional,1,1,SBGR-SKBO,A20N,20261002 2025Z,1,colombia,COINCIDE
095eca39-ef18-4d01-971d-935d55ffffcd,187,,,MMMX,SKBO,internacional,1,1,MMMX-SKBO,A320,20261003 0650Z,1,colombia,COINCIDE
O19QAamYrp8ep9wd,188,NULL,,SKBO,KDFW,internacional,1,1,SKBO-KDFW,A319,20261002 1240Z,1,colombia,COINCIDE
plgYJeK0M2qwj56D,189,NULL,,KDFW,SKBO,internacional,1,1,KDFW-SKBO,A319,20261002 2015Z,1,colombia,COINCIDE
j0J40A4Mmdw1oJXb,190,,,SKRG,KFLL,internacional,1,1,SKRG-KFLL,A320,20261002 1810Z,1,colombia,COINCIDE
V63Nbop1M9aJZ3Lm,191,,,KFLL,SKRG,internacional,1,1,KFLL-SKRG,A320,20261002 2310Z,1,colombia,COINCIDE
a4G65exYvw5AMVKE,196,NULL,,SKBO,CYUL,internacional,1,1,SKBO-CYUL,A20N,20261003 1905Z,1,colombia,COINCIDE
x5g6zJYKp0zwZgrd,201,NULL,,CYUL,SKBO,internacional,1,1,CYUL-SKBO,A20N,20261003 0310Z,1,colombia,COINCIDE
e2kGrdyqmZ9Pk1nN,210,,,SKBO,KJFK,internacional,1,1,SKBO-KJFK,A20N,20261002 1220Z,1,colombia,COINCIDE
DmM9gbRoD4Xjead9,211,NULL,,KJFK,SKBO,internacional,1,1,KJFK-SKBO,A20N,20261002 1945Z,1,colombia,COINCIDE
QbM3BZwGYzzAGRXE,212,NULL,,SGAS,SKBO,internacional,1,1,SGAS-SKBO,A20N,20261002 1135Z,1,colombia,COINCIDE
vwy6k8QDj66QW54z,213,NULL,,SKBO,SGAS,internacional,1,1,SKBO-SGAS,A20N,20261002 0240Z,1,colombia,COINCIDE
ZbyeE307Omd1LyB2,214,,,SKBO,TJSJ,internacional,1,1,SKBO-TJSJ,A20N,20261003 1240Z,1,colombia,COINCIDE
G4QXgMpmy55WOkbY,215,,,TJSJ,SKBO,internacional,1,1,TJSJ-SKBO,A20N,20261003 1715Z,1,colombia,COINCIDE
Nn9z6qkG3AKdY9z7,227,,,KBOS,SKBO,internacional,1,1,KBOS-SKBO,A20N,20261003 1255Z,1,colombia,COINCIDE
abAe7K1obdZk1OjZ,232,,,SKBO,TNCA,internacional,1,1,SKBO-TNCA,A320,20261002 1810Z,1,colombia,COINCIDE
VqZ0p95EjzYlxZ3n,235,,,MMMX,SKRG,internacional,1,1,MMMX-SKRG,A320,20261002 1110Z,1,colombia,COINCIDE
4dbR5dlPv42Dz8wZ,239,NULL,,SKBO,SLLP,internacional,1,1,SKBO-SLLP,A319,20261003 0245Z,1,colombia,COINCIDE
c9b38ac3-faaf-4b15-bc99-e62b3da6ea0c,241,NULL,,SKBO,SCEL,internacional,1,1,SKBO-SCEL,A20N,20261002 2130Z,1,colombia,COINCIDE
LAmvYbOLAVZM13Y4,243,,,TNCA,SKBO,internacional,1,1,TNCA-SKBO,A20N,20261002 1600Z,1,colombia,COINCIDE
bPw6j8Q3AYN3jw1e,244,NULL,,SKBO,KJFK,internacional,1,1,SKBO-KJFK,B788,20261002 2200Z,1,colombia,COINCIDE
rBJgMBz48JJ1p6LX,246,,,KIAD,SKBO,internacional,1,1,SKBO-KIAD,A20N,20261002 1250Z,1,colombia,COINCIDE_INVERSO
yGB3zEJ8OQ0QZr7m,247,,,KIAD,SKBO,internacional,1,1,KIAD-SKBO,A20N,20261002 1945Z,1,colombia,COINCIDE
3vev1ZbWyaoDVRb0,253,,,MDPC,SKBO,internacional,1,1,MDPC-SKBO,A20N,20261002 2210Z,1,colombia,COINCIDE
7K3VoqzgEVvAdp0R,254,,,SKBO,CYYZ,internacional,1,1,SKBO-CYYZ,A20N,20261003 0515Z,1,colombia,COINCIDE
zM3o1JA5byyQ5LqN,261,NULL,,SKBO,SBGL,internacional,1,1,SKBO-SBGL,A20N,20261003 0305Z,1,colombia,COINCIDE
LPpQ6Kn5R2GJ2oxb,262,,,SKBO,KORD,internacional,1,1,SKBO-KORD,A20N,20261002 2000Z,1,colombia,COINCIDE
ERp5WZeJQ6WgD9jX,263,,,KORD,SKBO,internacional,1,1,KORD-SKBO,A20N,20261003 0430Z,1,colombia,COINCIDE
RMKXywAORd7LroxX,264,,,SKBO,MMUN,internacional,1,1,SKBO-MMUN,A20N,20261002 1845Z,1,colombia,COINCIDE
o4YB6JO9dVNjwYbJ,269,,,KEWR,SKBO,internacional,1,1,MMUN-SKRG,A20N,20261002 1745Z,1,colombia,OTRA_RUTA
k0wK1DQjZgozaLjn,270,,,KEWR,SKBO,internacional,1,1,SPJC-L 10.76028 -74.89134,A320,,0,sin_ruta,OTRA_RUTA
W36bbKE5ja8Wo6Ro,300,,,SKCG,CYUL,internacional,1,0,,,,0,sin_ruta,NO_EXISTE_EN_AVA
ZD5NLZXxqKa0bpOR,301,,,CYUL,SKCG,internacional,1,0,,,,0,sin_ruta,NO_EXISTE_EN_AVA
PlgewN7Oea2M3A0j,302,,,CYYZ,SKBO,internacional,1,0,,,,0,sin_ruta,NO_EXISTE_EN_AVA
DzBN3bNX8RNmjoVg,305,,,SKBO,EDDF,internacional,1,0,,,,0,sin_ruta,NO_EXISTE_EN_AVA
1ZGv5LKdkN0ENO0P,306,NULL,,EDDF,SKBO,internacional,1,0,,,,0,sin_ruta,NO_EXISTE_EN_AVA
yQ6d0d4x7Rv1D6R1,308,,,MPTO,SKCL,internacional,1,0,,,,0,sin_ruta,NO_EXISTE_EN_AVA
KJOyNYnGQOl60MDl,309,NULL,,EGLL,SKBO,internacional,1,0,,,,0,sin_ruta,NO_EXISTE_EN_AVA
bbdba497-ee3c-45d3-b1b0-58719e722f83,320,,,KBOS,SKCG,internacional,1,0,,,,0,sin_ruta,NO_EXISTE_EN_AVA
8l78V3DNaqxZ9eRB,326,,,SKBO,KATL,internacional,1,0,,,,0,sin_ruta,NO_EXISTE_EN_AVA
OvQ143MR4b0PYLK9,327,,,KATL,SKBO,internacional,1,0,,,,0,sin_ruta,NO_EXISTE_EN_AVA
7x0qkOJnZ6QGAmaD,329,,,SKRG,KATL,internacional,1,0,,,,0,sin_ruta,NO_EXISTE_EN_AVA
5m78BjxeXyENYPNp,330,,,KATL,SKRG,internacional,1,0,,,,0,sin_ruta,NO_EXISTE_EN_AVA
Md8mxPGAgzk96w7j,331,,,SKCG,KBOS,internacional,1,0,,,,0,sin_ruta,NO_EXISTE_EN_AVA
jXr16M9pQRvkJ8qg,332,,,KBOS,SKCG,internacional,1,0,,,,0,sin_ruta,NO_EXISTE_EN_AVA
vVykBWb8JXbrx9bX,333,,,SKCG,KEWR,internacional,1,0,,,,0,sin_ruta,NO_EXISTE_EN_AVA
xbEzQg1w4GyyApN5,334,,,KEWR,SKCG,internacional,1,0,,,,0,sin_ruta,NO_EXISTE_EN_AVA
KBVeGEm470ZLLgxN,335,,,SKAR,KFLL,internacional,1,0,,,,0,sin_ruta,NO_EXISTE_EN_AVA
04eL0xbO7Y3NOepL,336,,,KFLL,SKAR,internacional,1,0,,,,0,sin_ruta,NO_EXISTE_EN_AVA
ec5e99c3-55eb-4289-b9a2-1dfdd574638d,337,,,SKCG,KFLL,internacional,1,0,,,,0,sin_ruta,NO_EXISTE_EN_AVA
149df27e-b060-4006-abec-23aed1df9d0e,338,,,KFLL,SKCG,internacional,1,0,,,,0,sin_ruta,NO_EXISTE_EN_AVA
me816g1n75dbL05x,339,,,KFLL,SKCL,internacional,1,0,,,,0,sin_ruta,NO_EXISTE_EN_AVA
07df8c8b-4315-4d00-92a7-62ded30d5d21,340,,,KFLL,SKCL,internacional,1,0,,,,0,sin_ruta,NO_EXISTE_EN_AVA
kbqYg2YRlZvJ4mL0,341,,,SKCG,MDSD,internacional,1,0,,,,0,sin_ruta,NO_EXISTE_EN_AVA
zq54N1O4DJB2gY7d,345,,,KIAD,SKBO,internacional,1,0,,,,0,sin_ruta,NO_EXISTE_EN_AVA
r16q9z13MmE9k6ZB,346,,,SKBO,KIAD,internacional,1,0,,,,0,sin_ruta,NO_EXISTE_EN_AVA
20RD0mkXq4ZOrR1O,347,,,SKBO,KLAX,internacional,1,0,,,,0,sin_ruta,NO_EXISTE_EN_AVA
6kReb6M3VeZMgYep,348,,,KLAX,SKBO,internacional,1,0,,,,0,sin_ruta,NO_EXISTE_EN_AVA
e7f2d554-a0cc-4c0d-abc8-56ad12df81c5,349,,,KFLL,SKBO,internacional,1,0,,,,0,sin_ruta,NO_EXISTE_EN_AVA
ZQmJROVP7Z4PJmqL,351,,,SKCG,KMCO,internacional,1,0,,,,0,sin_ruta,NO_EXISTE_EN_AVA
rvKjY4BaodyP4Oam,352,,,KMCO,SKCG,internacional,1,0,,,,0,sin_ruta,NO_EXISTE_EN_AVA
AN1L0yLPw3laV1nE,353,,,KMIA,SKBO,internacional,1,0,,,,0,sin_ruta,NO_EXISTE_EN_AVA
aOBn4pZjvk6XRn1G,354,,,KMIA,SKBO,internacional,1,0,,,,0,sin_ruta,NO_EXISTE_EN_AVA
D4mDkV4yeNJeWA9o,355,,,SKBQ,KMIA,internacional,1,0,,,,0,sin_ruta,NO_EXISTE_EN_AVA
567170b4-17f8-4335-a2fa-d57cc8636e5a,356,,,SKBQ,KMIA,internacional,1,0,,,,0,sin_ruta,NO_EXISTE_EN_AVA
BL3V9dp4BPj9VRo2,357,NULL,,SKCG,KMIA,internacional,1,0,,,,0,sin_ruta,NO_EXISTE_EN_AVA
jk89DKnwXNLODzBl,358,NULL,,KMIA,SKCG,internacional,1,0,,,,0,sin_ruta,NO_EXISTE_EN_AVA
mKJYq1Rly7lN2J47,359,,,SKCL,KMIA,internacional,1,0,,,,0,sin_ruta,NO_EXISTE_EN_AVA
E9eBv6OVRxV93ejd,360,,,KMIA,SKCL,internacional,1,0,,,,0,sin_ruta,NO_EXISTE_EN_AVA
Qw1Gojb4l0Qbx1Ng,361,NULL,,SKPE,KMIA,internacional,1,0,,,,0,sin_ruta,NO_EXISTE_EN_AVA
g8KPDVb2d98GwKGd,362,,,KMIA,SKPE,internacional,1,0,,,,0,sin_ruta,NO_EXISTE_EN_AVA
83jv62oZwVDA8jV2,363,,,SKRG,KMIA,internacional,1,0,,,,0,sin_ruta,NO_EXISTE_EN_AVA
JeLljRpE89yjj7Wa,364,,,KMIA,SKRG,internacional,1,0,,,,0,sin_ruta,NO_EXISTE_EN_AVA
dc32ad0d-7956-44f6-b35d-5378efb68903,371,NULL,,KJFK,SKBO,internacional,1,0,,,,0,sin_ruta,NO_EXISTE_EN_AVA
37MNvmqgOlVzVMvA,373,,,SKBO,MDPC,internacional,1,0,,,,0,sin_ruta,NO_EXISTE_EN_AVA
J4a0kvYZ6wWJWmyA,374,,,SKBO,MDPC,internacional,1,0,,,,0,sin_ruta,NO_EXISTE_EN_AVA
QJ6XBQq5ERY3NgLx,375,NULL,,SKRG,MDPC,internacional,1,0,,,,0,sin_ruta,NO_EXISTE_EN_AVA
vMyOpkZN58kz7wXD,376,NULL,,MDPC,SKRG,internacional,1,0,,,,0,sin_ruta,NO_EXISTE_EN_AVA
VNAV67dzYGOgRAdy,377,NULL,,SKCL,MDSD,internacional,1,0,,,,0,sin_ruta,NO_EXISTE_EN_AVA
yz0o45ER36N4kaOA,378,NULL,,MDSD,SKCL,internacional,1,0,,,,0,sin_ruta,NO_EXISTE_EN_AVA
3kmqbXq8vPXldVgv,379,,,SKRG,MDSD,internacional,1,0,,,,0,sin_ruta,NO_EXISTE_EN_AVA
mOpG2B1RexBaXzED,380,,,MDSD,SKRG,internacional,1,0,,,,0,sin_ruta,NO_EXISTE_EN_AVA
4f78a1ee-6166-4329-9bd8-6b91bdf0fd80,381,,,KLAX,SKBO,internacional,1,0,,,,0,sin_ruta,NO_EXISTE_EN_AVA
d7e9dB53Pv0mJw9a,383,,,MSLP,SKBO,internacional,1,1,MSLP-SKBO,B38M,20261003 1405Z,1,colombia,COINCIDE
nqRr351qJ66vZmWd,386,NULL,,SKBO,MHTG,internacional,1,0,,,,0,sin_ruta,NO_EXISTE_EN_AVA
VAw0GLne5kkW5zxg,387,,,MHTG,SKBO,internacional,1,0,,,,0,sin_ruta,NO_EXISTE_EN_AVA
3wjMy2D5JxR3vjAD,388,,,KMCO,SKBO,internacional,1,0,,,,0,sin_ruta,NO_EXISTE_EN_AVA
dGPmgzL6p7KzzyBw,389,,,SKCL,SPJC,internacional,1,0,,,,0,sin_ruta,NO_EXISTE_EN_AVA
NojmRQy8x1PwaAy6,390,,,SPJC,SKCL,internacional,1,0,,,,0,sin_ruta,NO_EXISTE_EN_AVA
287f124e-4b8c-44b8-99cb-18bbf323e3ce,391,,,KMIA,SKBO,internacional,1,0,,,,0,sin_ruta,NO_EXISTE_EN_AVA
rlR9KwPgQJ71X9xX,394,,,SPJC,SKRG,internacional,1,0,,,,0,sin_ruta,NO_EXISTE_EN_AVA
e5a916fe-84fa-4fb0-8ee0-a93502fc6121,395,,,KMIA,SKBO,internacional,1,0,,,,0,sin_ruta,NO_EXISTE_EN_AVA
qNLk63N4J1nW0YlG,399,,,SKRG,MMMX,internacional,1,0,,,,0,sin_ruta,NO_EXISTE_EN_AVA
7938f4c5-e650-4521-bbab-fdd48fe7d549,400,,,SKRG,MMMX,internacional,1,0,,,,0,sin_ruta,NO_EXISTE_EN_AVA
WEeVaWOdbo1xmGky,402,,,MMUN,SKBO,internacional,1,0,,,,0,sin_ruta,NO_EXISTE_EN_AVA
10322312-259a-4891-ab46-d905f5f6214a,403,,,SKBO,MMUN,internacional,1,0,,,,0,sin_ruta,NO_EXISTE_EN_AVA
yX1ZbMdpwxpOG1Nl,404,,,SKRG,MMUN,internacional,1,0,,,,0,sin_ruta,NO_EXISTE_EN_AVA
549ElAd0KNkWJznj,405,,,MMUN,SKRG,internacional,1,0,,,,0,sin_ruta,NO_EXISTE_EN_AVA
10d1c8c9-4a62-44ea-9d5b-06a79dde38c8,406,,,KMIA,SKBO,internacional,1,0,,,,0,sin_ruta,NO_EXISTE_EN_AVA
qOEeLmKR9r0OnMWe,407,,,SKCL,KFLL,internacional,1,0,,,,0,sin_ruta,NO_EXISTE_EN_AVA
RbkNBvQRdMA6rknx,409,,,SKRG,MPPA,internacional,1,0,,,,0,sin_ruta,NO_EXISTE_EN_AVA
bwVdnQva8gEg0ZrL,410,,,MPPA,SKRG,internacional,1,0,,,,0,sin_ruta,NO_EXISTE_EN_AVA
51KA96PewDmjWKGr,412,,,MPTO,SKBO,internacional,1,0,,,,0,sin_ruta,NO_EXISTE_EN_AVA
dG1Jmw50l7r46yxM,413,,,SKBO,MPTO,internacional,1,0,,,,0,sin_ruta,NO_EXISTE_EN_AVA
LYg34YBPLxO9PjaG,416,,,SKCG,MPTO,internacional,1,0,,,,0,sin_ruta,NO_EXISTE_EN_AVA
10lr35OVMjq8265A,417,,,MPTO,SKCG,internacional,1,0,,,,0,sin_ruta,NO_EXISTE_EN_AVA
Olj5DmlLqEXXeVEa,419,,,SKPE,MPTO,internacional,1,0,,,,0,sin_ruta,NO_EXISTE_EN_AVA
W2eZJP59EkjWPelx,420,,,MPTO,SKPE,internacional,1,0,,,,0,sin_ruta,NO_EXISTE_EN_AVA
Rp0vgaOP6r2JBw1Q,427,,,KMIA,SKBO,internacional,1,0,,,,0,sin_ruta,NO_EXISTE_EN_AVA
WKXKyEOv0Zaj3A2q,436,,,SKRG,MPTO,internacional,1,0,,,,0,sin_ruta,NO_EXISTE_EN_AVA
oz6knMxbwq1DmOge,437,,,MPTO,SKRG,internacional,1,0,,,,0,sin_ruta,NO_EXISTE_EN_AVA
Q1BgwOl1bEEYPgbP,438,,,SKSP,MPTO,internacional,1,0,,,,0,sin_ruta,NO_EXISTE_EN_AVA
q09WYz02jkKmrljV,439,,,MPTO,SKSP,internacional,1,0,,,,0,sin_ruta,NO_EXISTE_EN_AVA
ef3eac6d-b3aa-450c-81f7-7ef77cd10c92,447,,,KMIA,SKBQ,internacional,1,0,,,,0,sin_ruta,NO_EXISTE_EN_AVA
xKgn5A7E23LpwVBv,459,NULL,,SKBQ,MUHA,internacional,1,0,,,,0,sin_ruta,NO_EXISTE_EN_AVA
pzjQPY2856ngAkrY,460,NULL,,MUHA,SKBQ,internacional,1,0,,,,0,sin_ruta,NO_EXISTE_EN_AVA
V1879oXPGzjmMZDl,461,,,SKRG,MUHA,internacional,1,0,,,,0,sin_ruta,NO_EXISTE_EN_AVA
gv68dVpO0yDNd6XK,462,,,MUHA,SKRG,internacional,1,0,,,,0,sin_ruta,NO_EXISTE_EN_AVA
xvQrd43JKzzDdr3O,464,NULL,,SKBO,MWCR,internacional,1,0,,,,0,sin_ruta,NO_EXISTE_EN_AVA
lag60DavAwBZlkBN,465,NULL,,MWCR,SKBO,internacional,1,0,,,,0,sin_ruta,NO_EXISTE_EN_AVA
wVjaE80m6L6e9jAG,466,NULL,,SKRG,SBGR,internacional,1,0,,,,0,sin_ruta,NO_EXISTE_EN_AVA
BOeJazjok5kJvwv9,467,NULL,,SBGR,SKRG,internacional,1,0,,,,0,sin_ruta,NO_EXISTE_EN_AVA
xOVWZqJ2oyGLnmaP,468,NULL,,SKCG,SCEL,internacional,1,0,,,,0,sin_ruta,NO_EXISTE_EN_AVA
f901e09a-3d7a-4182-a188-ed46f1b09a10,469,NULL,,SKCG,SCEL,internacional,1,0,,,,0,sin_ruta,NO_EXISTE_EN_AVA
Y8qM4NQEz8Kjy1dz,470,,,SCEL,SKCL,internacional,1,0,,,,0,sin_ruta,NO_EXISTE_EN_AVA
e3ba75d8-9fea-4f6f-b0c7-d704f2c69504,471,,,SCEL,SKCL,internacional,1,0,,,,0,sin_ruta,NO_EXISTE_EN_AVA
OQj1Az7oZEBbPj84,472,NULL,,SKRG,SCEL,internacional,1,0,,,,0,sin_ruta,NO_EXISTE_EN_AVA
81gjZqKW6lvJQ0MR,473,NULL,,SCEL,SKRG,internacional,1,0,,,,0,sin_ruta,NO_EXISTE_EN_AVA
OpEGrY2dqQYQyJoD,474,,,KMIA,SKRG,internacional,1,0,,,,0,sin_ruta,NO_EXISTE_EN_AVA
54a8Y6qrgEJ1vzYJ,476,,,SKCL,SECU,internacional,1,0,,,,0,sin_ruta,NO_EXISTE_EN_AVA
w8pdrwXAndL8Qo3K,477,,,SECU,SKCL,internacional,1,0,,,,0,sin_ruta,NO_EXISTE_EN_AVA
ryRgykP6LkkbNAZg,478,,,SKBO,TNCA,internacional,1,0,,,,0,sin_ruta,NO_EXISTE_EN_AVA
7jqr3GQ50GGr0paW,479,,,TNCA,SKBO,internacional,1,0,,,,0,sin_ruta,NO_EXISTE_EN_AVA
2fafba1f-c9b7-45fa-9eee-1518c34eb3f0,484,,,KMIA,SKRG,internacional,1,0,,,,0,sin_ruta,NO_EXISTE_EN_AVA
pYmBAM01zxWbPjvN,485,,,SKSP,KMIA,internacional,1,0,,,,0,sin_ruta,NO_EXISTE_EN_AVA
xr75P4XkvlQNl0oN,489,,,KMIA,SKSP,internacional,1,0,,,,0,sin_ruta,NO_EXISTE_EN_AVA
o86VNP2QaK2M960x,491,,,SKCC,MPTO,internacional,1,0,,,,0,sin_ruta,NO_EXISTE_EN_AVA
Q9WXBVzJ9KQgD0KM,494,NULL,,SKCG,SPJC,internacional,1,0,,,,0,sin_ruta,NO_EXISTE_EN_AVA
Rp8lN3po9rn3v5Qb,495,NULL,,SPJC,SKCG,internacional,1,0,,,,0,sin_ruta,NO_EXISTE_EN_AVA
zw7jdQRP5z0agEaQ,496,NULL,,SKRG,TNCA,internacional,1,0,,,,0,sin_ruta,NO_EXISTE_EN_AVA
axyqX8RgZMoaN0oZ,497,NULL,,TNCA,SKRG,internacional,1,0,,,,0,sin_ruta,NO_EXISTE_EN_AVA
Gy0YQOwkl99Dn0l9,498,NULL,,SKRG,TNCC,internacional,1,0,,,,0,sin_ruta,NO_EXISTE_EN_AVA
3eBE6EDGNRRy49P7,499,NULL,,TNCC,SKRG,internacional,1,0,,,,0,sin_ruta,NO_EXISTE_EN_AVA
BrmXbM5AdyW9dNJk,502,,,LEMD,SKRG,internacional,1,0,,,,0,sin_ruta,NO_EXISTE_EN_AVA
vVB17Llb9PKPqRGr,503,,,LPAZ,SKBO,internacional,1,0,,,,0,sin_ruta,NO_EXISTE_EN_AVA
4zNnApoxR3gqbkWM,504,,,MDPC,SKBO,internacional,1,0,,,,0,sin_ruta,NO_EXISTE_EN_AVA
X4YVvpJ0jDLjAYog,505,,,MDSD,SKCG,internacional,1,0,,,,0,sin_ruta,NO_EXISTE_EN_AVA
6xXoQjaM79a9Lqm9,507,,,SKBO,KIAH,internacional,1,0,,,,0,sin_ruta,NO_EXISTE_EN_AVA
pew4qGEZp6E3jN1y,508,,,KIAH,SKBO,internacional,1,0,,,,0,sin_ruta,NO_EXISTE_EN_AVA
2bYR9bENabyw1mkZ,509,,,MMUN,SKCL,internacional,1,0,,,,0,sin_ruta,NO_EXISTE_EN_AVA
gqNWmA3kX89j4OYD,515,,,MPTO,SKBO,internacional,1,0,,,,0,sin_ruta,NO_EXISTE_EN_AVA
605333d1-8705-4a6e-bcf1-fbd4ca30c74d,516,,,MPTO,SKBO,internacional,1,0,,,,0,sin_ruta,NO_EXISTE_EN_AVA
qWM3Dxqw4ZPlXA9R,517,,,MPTO,SKCC,internacional,1,0,,,,0,sin_ruta,NO_EXISTE_EN_AVA
2611e962-2045-4495-9d50-2b9f761bd891,518,,,MPTO,SKCG,internacional,1,0,,,,0,sin_ruta,NO_EXISTE_EN_AVA
2769354d-75d2-433e-b5e0-69e676c4edf5,519,NULL,,MUHA,SKBQ,internacional,1,0,,,,0,sin_ruta,NO_EXISTE_EN_AVA
2ac7827d-98d6-4b60-a3c6-9fc8d1a06fa4,538,NULL,,SBGR,SKRG,internacional,1,0,,,,0,sin_ruta,NO_EXISTE_EN_AVA
24fbacf9-2fe1-4cee-875a-752d6d6213d8,539,NULL,,SCEL,SKCG,internacional,1,0,,,,0,sin_ruta,NO_EXISTE_EN_AVA
92212286-3cb7-40c5-88a2-69e2d211a1cb,540,NULL,,SCEL,SKRG,internacional,1,0,,,,0,sin_ruta,NO_EXISTE_EN_AVA
7741df80-f3aa-4ff7-a40a-7c1da146a026,541,,,SKBO,KATL,internacional,1,0,,,,0,sin_ruta,NO_EXISTE_EN_AVA
kxlzvQE0BpjRWlM7,543,,,SKBO,KBOS,internacional,1,0,,,,0,sin_ruta,NO_EXISTE_EN_AVA
aabdd4b4-40a3-4ef6-bd8c-c5ec682b6751,544,,,SKBO,KLAX,internacional,1,0,,,,0,sin_ruta,NO_EXISTE_EN_AVA
NrlEwPjq961kgX7V,545,NULL,,SKBO,KMIA,internacional,1,0,,,,0,sin_ruta,NO_EXISTE_EN_AVA
eae0c081-fa69-4db7-8b1f-d1b96de0e9c3,546,,,SKBO,KMIA,internacional,1,0,,,,0,sin_ruta,NO_EXISTE_EN_AVA
3a0c8e6a-a58c-4f89-a008-e0b86b5d7d91,547,,,SKBO,KMIA,internacional,1,0,,,,0,sin_ruta,NO_EXISTE_EN_AVA
06066365-bbb4-46ff-9e0c-4b71c61a94e6,548,NULL,,SKBO,KMIA,internacional,1,0,,,,0,sin_ruta,NO_EXISTE_EN_AVA
E1L1YzOPpx6PkL7j,549,,,SKBO,KMIA,internacional,1,0,,,,0,sin_ruta,NO_EXISTE_EN_AVA
d0066bbc-cd52-42de-b90c-d54ce98abe7f,550,,,SKBO,KORD,internacional,1,0,,,,0,sin_ruta,NO_EXISTE_EN_AVA
8E3Vv8jLDljA83m6,551,,,SKBO,MMGL,internacional,1,0,,,,0,sin_ruta,NO_EXISTE_EN_AVA
2Mg0vwjepZwDDA5w,552,NULL,,SKBO,SVMI,internacional,1,0,,,,0,sin_ruta,NO_EXISTE_EN_AVA
f5ee1785-11e3-468a-bbcc-5ee7e2297ee1,553,,,SKCG,CYUL,internacional,1,0,,,,0,sin_ruta,NO_EXISTE_EN_AVA
ePXOLRWdmPy0z8Qj,556,,,MMGL,SKBO,internacional,1,0,,,,0,sin_ruta,NO_EXISTE_EN_AVA
23d94464-3683-4d59-8549-b81d96fc7dc6,557,,,SKCG,KBOS,internacional,1,0,,,,0,sin_ruta,NO_EXISTE_EN_AVA
9aa768a3-5a88-461b-96ed-88e1f62efc28,576,,,SKCG,MPTO,internacional,1,0,,,,0,sin_ruta,NO_EXISTE_EN_AVA
d5bb3558-22bd-45e3-90c6-abfcf221e4aa,577,,,SKCL,KJFK,internacional,1,0,,,,0,sin_ruta,NO_EXISTE_EN_AVA
p5Ej2p3R90nVAEmr,586,,,SKCL,MPTO,internacional,1,0,,,,0,sin_ruta,NO_EXISTE_EN_AVA
13jab5vZ2r70560a,587,,,SKPE,KFLL,internacional,1,0,,,,0,sin_ruta,NO_EXISTE_EN_AVA
n4ZA6qz8lK5DVWql,649,,,SKCL,SCEL,internacional,1,0,,,,0,sin_ruta,NO_EXISTE_EN_AVA
PNXlNOnKpMLGB5G2,656,,,SKRG,MROC,internacional,1,1,SKRG-MROC,A20N,20261003 0110Z,1,colombia,COINCIDE
plAo4Mjo2kQkXOBR,657,,,MROC,SKRG,internacional,1,1,MROC-SKRG,A320,20261002 1615Z,1,colombia,COINCIDE
JBVgA7dYbybKJRyo,692,,,SKBO,MROC,internacional,1,1,SKBO-MROC,A320,20261003 0340Z,1,colombia,COINCIDE
V4M6DRoKQbQBEaeN,693,,,MROC,SKBO,internacional,1,1,MROC-SKBO,A320,20261003 0750Z,1,colombia,COINCIDE
JAgaXxK5oZy93Qzv,699,NULL,VHR26,MROC,SKBO,internacional,1,1,MROC-SKBO,A20N,20261002 2200Z,1,colombia,COINCIDE
9e4Ll7XOXzYG6qBV,753,,,KFLL,KFLL,otra,1,,,,,0,sin_ruta,SIN_DATO
ed90d41f-9b23-4d21-b626-8034d36216dc,775,,,SKRG,KIAH,internacional,1,0,,,,0,sin_ruta,NO_EXISTE_EN_AVA
a298a9a5-1cd9-4917-a99e-4c8c425e714e,776,,,SKRG,KJFK,internacional,1,0,,,,0,sin_ruta,NO_EXISTE_EN_AVA
dbqZNx42LBBp6q2x,777,,,SKRG,KMIA,internacional,1,0,,,,0,sin_ruta,NO_EXISTE_EN_AVA
MlXlWeVwp206PZqJ,778,,,SKRG,KMIA,internacional,1,0,,,,0,sin_ruta,NO_EXISTE_EN_AVA
EZMeJZx3BZn1ojG3,779,,,SKCL,MMUN,internacional,1,0,,,,0,sin_ruta,NO_EXISTE_EN_AVA
aXRQXKY8l3p4nGPe,781,,,SKRG,KIAH,internacional,1,0,,,,0,sin_ruta,NO_EXISTE_EN_AVA
dr9gae6Nr2lplgbO,782,,,KIAH,SKRG,internacional,1,0,,,,0,sin_ruta,NO_EXISTE_EN_AVA
ZdryEAl7Za4YLrD7,783,,,SKSM,MPTO,internacional,1,0,,,,0,sin_ruta,NO_EXISTE_EN_AVA
JY0AyEnO0NGYzAvK,784,,,MPTO,SKSM,internacional,1,0,,,,0,sin_ruta,NO_EXISTE_EN_AVA
LPOaYQ4Pa65PmOzN,785,NULL,,SKCG,MROC,internacional,1,0,,,,0,sin_ruta,NO_EXISTE_EN_AVA
kNoPE9gyJ9l67Lda,786,,,LPAZ,SKBO,internacional,1,0,,,,0,sin_ruta,NO_EXISTE_EN_AVA
0Bd6JlEZVlxWjdXL,787,,,LFBO,LPAZ,otra,1,,,,,0,sin_ruta,SIN_DATO
JxZyLNBb2deJPlvA,791,,,SKBO,KATL,internacional,1,0,,,,0,sin_ruta,NO_EXISTE_EN_AVA
826WJVZ5pDLnkgWV,792,,,KATL,SKBO,internacional,1,0,,,,0,sin_ruta,NO_EXISTE_EN_AVA
pvry9zlRY4kP6rE0,793,,,SKCG,KFLL,internacional,1,0,,,,0,sin_ruta,NO_EXISTE_EN_AVA
zJEbOr9pNq4vlMNr,794,,,KFLL,SKCG,internacional,1,0,,,,0,sin_ruta,NO_EXISTE_EN_AVA
WpzqM7Yg41oWKzeP,795,,,SKBO,MMUN,internacional,1,0,,,,0,sin_ruta,NO_EXISTE_EN_AVA
89lE2GjPrMyNNgeo,796,,,MMUN,SKBO,internacional,1,0,,,,0,sin_ruta,NO_EXISTE_EN_AVA
9wnmpAmQyYB8KRjz,797,,,SKBO,MMMX,internacional,1,0,,,,0,sin_ruta,NO_EXISTE_EN_AVA
d41f6487-7bda-4654-bbad-77164dd3b96c,798,,,SKRG,KMIA,internacional,1,0,,,,0,sin_ruta,NO_EXISTE_EN_AVA
zjyNkDl5JDv5LMoD,799,,,LFBO,LPAZ,otra,1,,,,,0,sin_ruta,SIN_DATO
986c420e-0ca5-4f19-9431-a359d73656e7,804,,,KMIA,SKBO,internacional,1,0,,,,0,sin_ruta,NO_EXISTE_EN_AVA
9f58f26a-b9f5-4aab-9d08-c2d1f1b81851,805,,,SKBO,KMIA,internacional,1,0,,,,0,sin_ruta,NO_EXISTE_EN_AVA
NVPEy7YgNXrJbPBq,812,,,KMIA,SKRG,internacional,1,0,,,,0,sin_ruta,NO_EXISTE_EN_AVA
ee27c53a-fe67-49e7-a344-cdd1231af1a8,813,,,SKBO,KJFK,internacional,1,0,,,,0,sin_ruta,NO_EXISTE_EN_AVA
bb2effaf-460b-4366-9d5d-01bfbfcfd225,814,,,KJFK,SKBO,internacional,1,0,,,,0,sin_ruta,NO_EXISTE_EN_AVA
f422171c-ffdc-41d4-bf9f-b9ccc44244e3,818,,,KMIA,SKRG,internacional,1,0,,,,0,sin_ruta,NO_EXISTE_EN_AVA
66d6052f-b212-4f7d-ba86-34e681af8ba0,819,,,SKRG,KMIA,internacional,1,0,,,,0,sin_ruta,NO_EXISTE_EN_AVA
8cabcce5-6724-4c39-a05d-1bdb173eb870,822,,,MMMX,SKRG,internacional,1,0,,,,0,sin_ruta,NO_EXISTE_EN_AVA
df70aff9-62f9-4f88-8999-53442c34bff8,823,,,SKBO,KFLL,internacional,1,0,,,,0,sin_ruta,NO_EXISTE_EN_AVA
6071bf70-089a-4852-93c8-083d5b56dc1e,826,,,KJFK,SKRG,internacional,1,0,,,,0,sin_ruta,NO_EXISTE_EN_AVA
ac059432-2745-493b-9d6b-5168d3601c78,827,NULL,,SKRG,MDPC,internacional,1,0,,,,0,sin_ruta,NO_EXISTE_EN_AVA
1ee50904-8de4-4f92-a1c3-82fe57655d73,829,,,SKBO,MPTO,internacional,1,0,,,,0,sin_ruta,NO_EXISTE_EN_AVA
021033a0-d3ed-49c1-9d3f-2894c42d61fa,832,,,MDSD,SKCG,internacional,1,0,,,,0,sin_ruta,NO_EXISTE_EN_AVA
178afe40-1147-400e-8a84-c63086a9e9da,833,,,SKBO,TNCC,internacional,1,0,,,,0,sin_ruta,NO_EXISTE_EN_AVA
bfa6f07e-ff3d-48f9-9bd6-93207e22aad5,842,,,KORD,SKBO,internacional,1,0,,,,0,sin_ruta,NO_EXISTE_EN_AVA
3fd61d35-7c61-4d41-9bd7-47a9927acefc,844,NULL,,SCEL,SKBO,internacional,1,0,,,,0,sin_ruta,NO_EXISTE_EN_AVA
7e62baa4-298c-4ba8-abbd-59255704e119,845,NULL,,SKBO,SCEL,internacional,1,0,,,,0,sin_ruta,NO_EXISTE_EN_AVA
d7fc9693-d8d8-4d57-bffd-89986526fd00,846,NULL,,SCEL,SKBO,internacional,1,0,,,,0,sin_ruta,NO_EXISTE_EN_AVA
c9cfb006-5744-4c08-99f6-cf4bb74d1b6a,847,NULL,,SKBO,SUMU,internacional,1,0,,,,0,sin_ruta,NO_EXISTE_EN_AVA
32646f55-183f-4e69-85a8-04e65eb627f7,848,NULL,,SUMU,SKBO,internacional,1,0,,,,0,sin_ruta,NO_EXISTE_EN_AVA
a59c415b-c5b2-4c99-8673-578409dab855,849,NULL,,SKRG,SCEL,internacional,1,0,,,,0,sin_ruta,NO_EXISTE_EN_AVA
56ee3bcb-717f-477d-9e59-51612ed46d84,853,,,SKRG,MPTO,internacional,1,0,,,,0,sin_ruta,NO_EXISTE_EN_AVA
69a9b4cb-54ed-4c3a-98c6-51dfa96679ef,854,,,MPTO,SKRG,internacional,1,0,,,,0,sin_ruta,NO_EXISTE_EN_AVA
ef22c5a3-5059-4194-9c66-f87d47725dc1,855,,,SKBO,KBOS,internacional,1,0,,,,0,sin_ruta,NO_EXISTE_EN_AVA
YjmBAq9XQnjPzNW1,856,,,SKRG,SEQM,internacional,1,0,,,,0,sin_ruta,NO_EXISTE_EN_AVA
2dd353a7-0659-4b78-9d46-1eaf9b183f56,858,,,KATL,SKBO,internacional,1,0,,,,0,sin_ruta,NO_EXISTE_EN_AVA
5af12e9b-04e9-45b5-9493-588fdddd1038,863,,,SKBO,KATL,internacional,1,0,,,,0,sin_ruta,NO_EXISTE_EN_AVA
2fd37ae7-628e-41b2-a6aa-d683521029dc,864,,,KATL,SKBO,internacional,1,0,,,,0,sin_ruta,NO_EXISTE_EN_AVA
16c6cabb-fc31-4aab-990d-7160fe92a86e,865,NULL,,SKRG,TNCC,internacional,1,0,,,,0,sin_ruta,NO_EXISTE_EN_AVA
224de7c0-3877-4b5f-ab32-5720fc5a8150,866,NULL,,TNCC,SKRG,internacional,1,0,,,,0,sin_ruta,NO_EXISTE_EN_AVA
5c5b4bfd-6b78-4d22-b51d-eba53304dd08,867,,,SKRG,MDSD,internacional,1,0,,,,0,sin_ruta,NO_EXISTE_EN_AVA
85262041-e8f8-4ded-87e8-c4b0f93945d0,869,NULL,,SKCG,SPJC,internacional,1,0,,,,0,sin_ruta,NO_EXISTE_EN_AVA
76ec1af1-bc2c-427a-bac1-718c4dcbce7f,873,NULL,,SKBO,KIAD,internacional,1,0,,,,0,sin_ruta,NO_EXISTE_EN_AVA
74b68cbc-d54c-4583-a623-82645b72efb2,874,,,KIAD,SKBO,internacional,1,0,,,,0,sin_ruta,NO_EXISTE_EN_AVA
ojO3XMKE0ZnYxJW8,875,,,SKRG,SPJC,internacional,1,0,,,,0,sin_ruta,NO_EXISTE_EN_AVA
eJY2GPR6Qlon8Kq1,876,NULL,,SLLP,SKBO,internacional,1,0,,,,0,sin_ruta,NO_EXISTE_EN_AVA
b4472cb9-cd39-4ba0-9855-14b7863ac4c0,877,,,SKBO,KIAD,internacional,1,0,,,,0,sin_ruta,NO_EXISTE_EN_AVA
ee4548b4-1af2-4eae-b786-b277cafe0b02,878,,,KIAD,SKBO,internacional,1,0,,,,0,sin_ruta,NO_EXISTE_EN_AVA
da22e879-1cd7-43ee-992c-e33c555020f8,879,,,SKRG,KFLL,internacional,1,0,,,,0,sin_ruta,NO_EXISTE_EN_AVA
d37d6ae2-82ca-4629-abe7-05dcd136537b,880,,,KFLL,SKRG,internacional,1,0,,,,0,sin_ruta,NO_EXISTE_EN_AVA
025db26a-6983-4697-baa7-d45e7e6fed81,881,NULL,,SKBO,SLLP,internacional,1,0,,,,0,sin_ruta,NO_EXISTE_EN_AVA
97eb8303-3164-46b8-9847-d1bd359c5d74,882,NULL,,SLLP,SKBO,internacional,1,0,,,,0,sin_ruta,NO_EXISTE_EN_AVA
ad9f78af-eb11-43d1-8312-75f7fc2a0cf2,886,NULL,,SBGL,SKBO,internacional,1,0,,,,0,sin_ruta,NO_EXISTE_EN_AVA
8ec2d399-ac94-4546-be8d-b84fd5462b1d,887,,,SKCL,KMIA,internacional,1,0,,,,0,sin_ruta,NO_EXISTE_EN_AVA
ebd138c9-5a08-4daa-bce3-385ee76c119c,888,,,KMIA,SKCL,internacional,1,0,,,,0,sin_ruta,NO_EXISTE_EN_AVA
0a8c3b82-4394-484f-9568-1417e38570d3,889,,,SKRG,MMUN,internacional,1,0,,,,0,sin_ruta,NO_EXISTE_EN_AVA
b479a1d9-c3d8-443d-b75e-6382a010ea4e,890,,,MMUN,SKRG,internacional,1,0,,,,0,sin_ruta,NO_EXISTE_EN_AVA
5a1a3b99-b0d1-4f5a-b602-56b64d9aa091,891,NULL,,SKBQ,MUHA,internacional,1,0,,,,0,sin_ruta,NO_EXISTE_EN_AVA
7baa5263-34f6-4c66-9dc7-e1a62b8a975f,893,,,SKRG,KATL,internacional,1,0,,,,0,sin_ruta,NO_EXISTE_EN_AVA
0f3f9d1e-9abd-4ed1-9068-5fd596fc7745,894,,,KATL,SKRG,internacional,1,0,,,,0,sin_ruta,NO_EXISTE_EN_AVA
00d8705a-4196-4e80-babb-c9f89b238a5d,895,,,SKCL,MPTO,internacional,1,0,,,,0,sin_ruta,NO_EXISTE_EN_AVA
9c20084b-700e-4611-b313-7298471f3b97,896,,,MPTO,SKCL,internacional,1,0,,,,0,sin_ruta,NO_EXISTE_EN_AVA
781df2db-db11-4056-8b5e-77bbea6730d2,897,,,SKCL,SPJC,internacional,1,0,,,,0,sin_ruta,NO_EXISTE_EN_AVA
f499ffe3-21a9-462c-be5d-1949ab2bed02,898,,,SPJC,SKCL,internacional,1,0,,,,0,sin_ruta,NO_EXISTE_EN_AVA
a1de6be6-c90e-4f83-a290-4a4f49ff7ab9,899,,,SKRG,SPJC,internacional,1,0,,,,0,sin_ruta,NO_EXISTE_EN_AVA
cdb25afe-f47a-4826-bf2e-b8191a756ed5,900,,,SPJC,SKRG,internacional,1,0,,,,0,sin_ruta,NO_EXISTE_EN_AVA
899b1c7d-75e0-4441-aa15-ee8ea310930b,901,,,SKCL,KFLL,internacional,1,0,,,,0,sin_ruta,NO_EXISTE_EN_AVA
f0e517f1-911e-446a-9942-8fdf275295b8,907,,,SKCL,SCEL,internacional,1,0,,,,0,sin_ruta,NO_EXISTE_EN_AVA
abcd17cf-9fb5-4b02-a895-29169ba5f9ab,910,,,CYUL,SKCG,internacional,1,0,,,,0,sin_ruta,NO_EXISTE_EN_AVA
ZaLB5OVKNeD2zJxK,921,NULL,,SKBO,EGLL,internacional,1,0,,,,0,sin_ruta,NO_EXISTE_EN_AVA
48d287be-bc63-43f8-96bf-497e1bfa99a3,926,,,MMUN,SKBO,internacional,1,0,,,,0,sin_ruta,NO_EXISTE_EN_AVA
59bc59c5-23b4-4326-bcac-588454e22486,934,,,KIAH,SKRG,internacional,1,0,,,,0,sin_ruta,NO_EXISTE_EN_AVA
a752333b-826a-4cd9-93a2-86852b0e0c4d,935,,,SKCL,MMUN,internacional,1,0,,,,0,sin_ruta,NO_EXISTE_EN_AVA
899664f6-9c7f-407b-8fc0-0451c812e7fc,936,,,MMUN,SKCL,internacional,1,0,,,,0,sin_ruta,NO_EXISTE_EN_AVA
rOK1DZErrZXmG5ow,2602,NULL,,SKCC,SKYP,domestica,0,1,SBGR-SBBE,B38M,20261003 0105Z,1,otros,OTRA_RUTA
xwpBgxwRLznw6MA4,2975,,,SKYP,SKBO,domestica,1,1,SKYP-SKBO,AT43,20261003 0009Z,1,colombia,COINCIDE
Bkwa2ZVGlnzbze37,2984,,,SKBO,SKEJ,domestica,1,1,SKBO-SKEJ,AT43,20261002 2100Z,1,colombia,COINCIDE
aV5raE6RJEogGwqp,2993,,,SKYP,SKBO,domestica,1,1,SKYP-SKBO,AT43,20261003 1200Z,1,colombia,COINCIDE
ENwxbNzqePBbJKoA,4001,NULL,,SKVV,SKPC,domestica,1,0,,,,0,sin_ruta,NO_EXISTE_EN_AVA
e469mJ8zl09Yp6Ew,4002,NULL,,SKPC,SKVV,domestica,1,0,,,,0,sin_ruta,NO_EXISTE_EN_AVA
Xmk284yRz4GMdj5Q,4802,,,SKPE,SKBO,domestica,1,1,SKPE-SKBO,A320,20261002 2300Z,1,colombia,COINCIDE
7VKr4N3bYN1oqRpL,4803,,,SKBO,SKPE,domestica,1,1,SKBO-SKPE,A320,20261002 2120Z,1,colombia,COINCIDE
bEyB3VK7xV7w761j,4804,,,SKBO,SKBG,domestica,1,1,SKBO-SKBG,A320,20261002 2220Z,1,colombia,COINCIDE
wyA0zARMK91vaBW6,4805,,,SKBG,SKBO,domestica,1,1,SKBG-SKBO,A320,20261003 0000Z,1,colombia,COINCIDE
jl04KlDxyQmqdEA2,4809,,,SKVV,SKBO,domestica,1,1,SKVV-SKBO,AT72,20261003 1255Z,1,colombia,COINCIDE
Pr51NXPZvEGVvnNW,4810,,,SKBO,SKVV,domestica,1,1,SKBO-SKVV,AT72,20261003 1120Z,1,colombia,COINCIDE
joBl3kepxkpJp76Q,4813,,,SKBG,SKBO,domestica,1,1,SKBG-SKBO,A320,20261002 1600Z,1,colombia,COINCIDE
wG3j0W9NgWNMkJvM,4814,,,SKBO,SKBG,domestica,1,1,SKBO-SKBG,A320,20261002 1424Z,1,colombia,COINCIDE
e10mJPkqEvY6yXna,4815,,,SKBO,SKNV,domestica,1,1,SKBO-SKNV,A320,20261003 1200Z,1,colombia,COINCIDE
zPY138X9Pj5O3gDQ,4816,,,SKNV,SKBO,domestica,1,1,SKNV-SKBO,A320,20261003 1400Z,1,colombia,COINCIDE
bKl2LD1XvGPb7Jze,4822,,,SKBO,SKSM,domestica,1,1,SKBO-SKSM,A320,20261004 0009Z,1,colombia,COINCIDE
WQndNbWkydLNQG6Y,4823,,,SKSM,SKBO,domestica,1,1,SKSM-SKBO,A320,20261003 0225Z,1,colombia,COINCIDE
X1kYbBDQqp0On5wK,4824,,,SKBO,SKVV,domestica,1,1,SKBO-SKVV,AT72,20261003 1845Z,1,colombia,COINCIDE
XPpjX81M68O8qJGd,4827,,,SKVV,SKBO,domestica,1,1,SKVV-SKBO,AT72,20261003 2025Z,1,colombia,COINCIDE
2MVN29d3R9OQAVbp,4828,,,SKEJ,SKBO,domestica,1,1,SKEJ-SKBO,AT72,20261003 1330Z,1,colombia,COINCIDE
eAJ71gwlBg3D8RM7,4831,,,SKSM,SKBO,domestica,1,1,SKSM-SKBO,A320,20261002 1720Z,1,colombia,COINCIDE
YpbprlPkplx1emDM,4832,,,SKBO,SKSM,domestica,1,1,SKBO-SKSM,A320,20261002 1510Z,1,colombia,COINCIDE
x3jmxAaeORqrZbyG,4834,,,SKNV,SKBO,domestica,1,1,SKNV-SKBO,AT72,20261003 2000Z,1,colombia,COINCIDE
9aoYe6NrndL0noWv,4849,,,SKBO,SKIB,domestica,1,1,SKBO-SKIB,A320,20261003 1934Z,1,colombia,COINCIDE
Wo1Xx9bWv9pA41nM,4852,,,SKPE,SKBO,domestica,1,1,SKPE-SKBO,AT72,20261003 0245Z,1,colombia,COINCIDE
pm9bjbGNrb1pD9bl,4861,,,SKSM,SKBO,domestica,1,1,SKSM-SKBO,A320,20261003 0320Z,1,colombia,COINCIDE
nzqmrmRXx9GR96Z5,4867,,,SKBO,SKAR,domestica,1,1,SKBO-SKAR,AT72,20261003 1405Z,1,colombia,COINCIDE
1EZx1rwOvL5rY7Lv,4873,,,SKBO,SKYP,domestica,1,1,SKBO-SKYP,AT72,20261003 2200Z,1,colombia,COINCIDE
rpAbdEQy8BWg804q,4874,,,SKYP,SKBO,domestica,1,1,SKYP-SKBO,AT72,20261002 2335Z,1,colombia,COINCIDE
G0jDoa4w3x9edBlk,4875,NULL,VHR26,SKBG,SKBO,domestica,1,1,SKBG-SKBO,A320,20261003 1225Z,1,colombia,COINCIDE
y2NBmX2J47oQlAkE,4881,,,SKVV,SKBO,domestica,1,1,SKVV-SKBO,AT72,20261003 1635Z,1,colombia,COINCIDE
QWPzr7QE8lG4dPbd,4895,,,SKBO,SKYP,domestica,1,1,SKBO-SKYP,AT72,20261002 2155Z,1,colombia,COINCIDE
2DAJJK1B3a4EwAdW,4897,,,SKVV,SKBU,domestica,1,0,,,,0,sin_ruta,NO_EXISTE_EN_AVA
ez6jMdeQ1d53aw39,5087,,,SKBO,SKPS,domestica,1,1,SKBO-SKPS,A20N,20260928 1215Z,1,colombia,COINCIDE
vqK78A9BxA5vlrJ2,5090,,,SKPS,SKCL,domestica,1,1,SKPS-SKCL,A20N,20260928 1310Z,1,colombia,COINCIDE
nPV8xWP86BqDrVOe,5212,,,SKAR,SKBO,domestica,1,1,SKAR-SKBO,AT72,20261003 0315Z,1,colombia,COINCIDE
Q0BYXRDeqEpozZgv,5213,,,SKBO,SKAR,domestica,1,1,SKBO-SKAR,AT72,20261003 0125Z,1,colombia,COINCIDE
PMXV9NWxvOB07Z1x,5216,NULL,VHR26,SKBO,SKBG,domestica,1,1,SKBO-SKBG,A320,20261003 1035Z,1,colombia,COINCIDE
5KeavQkjKJBKZq6E,5225,,,SKPP,SKBO,domestica,1,1,SKPP-SKBO,A320,20261004 2300Z,1,colombia,COINCIDE
nQoR1kLGDkQaLM3d,5226,,,SKBO,SKCC,domestica,1,1,SKBO-SKCC,A320,20261003 2235Z,1,colombia,COINCIDE
MgY95Gl1LGNWVY9a,5227,,,SKCC,SKBO,domestica,1,1,SKCC-SKBO,A320,20261003 0105Z,1,colombia,COINCIDE
xVk2MmyRBd424N1Y,5232,NULL,VHR26,SKBO,SKCC,domestica,1,1,SKBO-SKCC,A320,20261003 0145Z,1,colombia,COINCIDE
0ded03c3-68d3-486e-8295-e332f0aca9b3,5328,VHR5,,SKCG,SKLT,domestica,0,0,,,,0,sin_ruta,NO_EXISTE_EN_AVA
qnRByZE5pZyN574v,5555,,,SKCG,SKCC,domestica,1,0,,,,0,sin_ruta,NO_EXISTE_EN_AVA
2KE2WKj6OKxWeYnk,5556,,,SKCC,SKCG,domestica,1,0,,,,0,sin_ruta,NO_EXISTE_EN_AVA
WJmw5dqArdpg0PL8,5993,,,SKCG,SKVP,domestica,1,0,,,,0,sin_ruta,NO_EXISTE_EN_AVA
Ld7Z4pbA5pzQY6rx,5994,,,SKVP,SKCG,domestica,1,0,,,,0,sin_ruta,NO_EXISTE_EN_AVA
OKR5b8ZBy8abEGqd,5995,,,SKCG,SKMD,domestica,1,0,,,,0,sin_ruta,NO_EXISTE_EN_AVA
reGepoRb5o3nyX9P,5996,,,SKMD,SKCG,domestica,1,0,,,,0,sin_ruta,NO_EXISTE_EN_AVA
zN68w9blg9N3qEla,5997,,,SKCG,SKPE,domestica,1,0,,,,0,sin_ruta,NO_EXISTE_EN_AVA
LVAGDg3l7Wj31rMQ,5998,,,SKPE,SKCG,domestica,1,0,,,,0,sin_ruta,NO_EXISTE_EN_AVA
Pk1PNKMoJREGZ9d4,8000,NULL,,SKSM,SKMD,domestica,1,0,,,,0,sin_ruta,NO_EXISTE_EN_AVA
RK7zGkoQEkZ93bN3,8002,,,SKPE,SKMD,domestica,1,0,,,,0,sin_ruta,NO_EXISTE_EN_AVA
KWVOp9bxg9J0pLQj,8003,,,SKMD,SKBG,domestica,1,0,,,,0,sin_ruta,NO_EXISTE_EN_AVA
VBg7A9RLl96ZRznD,8004,,,SKBG,SKMD,domestica,1,0,,,,0,sin_ruta,NO_EXISTE_EN_AVA
noXnoqLWJqj5QbRW,8005,,,SKMD,SKPA,domestica,1,0,,,,0,sin_ruta,NO_EXISTE_EN_AVA
ZnRpwXNL8X4DxOPL,8006,,,SKPA,SKMD,domestica,1,0,,,,0,sin_ruta,NO_EXISTE_EN_AVA
D0YjM4qQE418lJ7o,8007,,,SKMD,SKSG,domestica,1,0,,,,0,sin_ruta,NO_EXISTE_EN_AVA
6bMWYZWpBZNBRyv9,8008,,,SKSG,SKMD,domestica,1,0,,,,0,sin_ruta,NO_EXISTE_EN_AVA
bXPqkb0BXbvaG3z1,8009,,,SKMD,SKIB,domestica,1,0,,,,0,sin_ruta,NO_EXISTE_EN_AVA
KbE7kyagLyA6zE5M,8010,,,SKIB,SKMD,domestica,1,0,,,,0,sin_ruta,NO_EXISTE_EN_AVA
OxmqQ3xWZ3EVOmRM,8011,,,SKMD,SKNV,domestica,1,0,,,,0,sin_ruta,NO_EXISTE_EN_AVA
b137Ln1xDgBKxYRX,8012,,,SKNV,SKMD,domestica,1,0,,,,0,sin_ruta,NO_EXISTE_EN_AVA
1LWeY2b062kR4WO3,8013,,,SKMD,SKPP,domestica,1,0,,,,0,sin_ruta,NO_EXISTE_EN_AVA
kaLpQE7y8EGyqAzn,8014,,,SKPP,SKMD,domestica,1,0,,,,0,sin_ruta,NO_EXISTE_EN_AVA
dx689gWKQgO39GEk,8015,,,SKMD,SKNQ,domestica,1,0,,,,0,sin_ruta,NO_EXISTE_EN_AVA
EWa2BnWven9WDax1,8016,,,SKNQ,SKMD,domestica,1,0,,,,0,sin_ruta,NO_EXISTE_EN_AVA
92ZQnAzGkA4EVyE8,8017,,,SKMD,SKCZ,domestica,1,0,,,,0,sin_ruta,NO_EXISTE_EN_AVA
l3ReQqAXLqr8aRPq,8018,,,SKCZ,SKMD,domestica,1,0,,,,0,sin_ruta,NO_EXISTE_EN_AVA
QxModzRK4zxQlVYK,8019,,,SKMD,SKPS,domestica,1,0,,,,0,sin_ruta,NO_EXISTE_EN_AVA
vAYen5W0254a2NV8,8021,,,SKMD,SKAR,domestica,1,0,,,,0,sin_ruta,NO_EXISTE_EN_AVA
24jExXG8MXlrEbKk,8022,,,SKAR,SKMD,domestica,1,0,,,,0,sin_ruta,NO_EXISTE_EN_AVA
NWxEGpPYoRpBVlo5,8023,,,SKMD,SKMZ,domestica,1,0,,,,0,sin_ruta,NO_EXISTE_EN_AVA
MrjKb2kAe2nBYWkB,8024,,,SKMZ,SKMD,domestica,1,0,,,,0,sin_ruta,NO_EXISTE_EN_AVA
WzZD78gPn8nJQMle,8025,,,SKMD,SKTL,domestica,1,0,,,,0,sin_ruta,NO_EXISTE_EN_AVA
nVE315enk5kxJWXd,8026,,,SKTL,SKMD,domestica,1,0,,,,0,sin_ruta,NO_EXISTE_EN_AVA
MDP1bJG0kJkANEa6,8027,,,SKMD,SKBS,domestica,1,0,,,,0,sin_ruta,NO_EXISTE_EN_AVA
xYem66Qp5J6Y5mVl,8028,,,SKBS,SKMD,domestica,1,0,,,,0,sin_ruta,NO_EXISTE_EN_AVA
lNJ1OGVkeGeXEy96,8029,,,SKMD,SKUI,domestica,1,0,,,,0,sin_ruta,NO_EXISTE_EN_AVA
gjOwdJg08J7KlZzm,8030,,,SKUI,SKMD,domestica,1,0,,,,0,sin_ruta,NO_EXISTE_EN_AVA
Vd1LPQq6GQ7oZ1Av,8031,,,SKMD,SKVP,domestica,1,0,,,,0,sin_ruta,NO_EXISTE_EN_AVA
2YnRa8L1G8gAXzkE,8032,,,SKVP,SKMD,domestica,1,0,,,,0,sin_ruta,NO_EXISTE_EN_AVA
2x7yYW82xWr4n7yr,8033,,,SKMD,SKLC,domestica,1,0,,,,0,sin_ruta,NO_EXISTE_EN_AVA
5O0PvYgNPY2jBVxk,8034,,,SKLC,SKMD,domestica,1,0,,,,0,sin_ruta,NO_EXISTE_EN_AVA
bKnVZvdO7vDWVndM,8035,,,SKMD,SKMR,domestica,1,0,,,,0,sin_ruta,NO_EXISTE_EN_AVA
GbXynbyzWbEBmgAP,8036,,,SKMR,SKMD,domestica,1,0,,,,0,sin_ruta,NO_EXISTE_EN_AVA
k5O2EK89gKw39A2x,8037,,,SKMD,SKCC,domestica,1,0,,,,0,sin_ruta,NO_EXISTE_EN_AVA
n67zraWJdaQ2a73z,8038,,,SKCC,SKMD,domestica,1,0,,,,0,sin_ruta,NO_EXISTE_EN_AVA
2K7ly1EW51ALbkwR,8039,,,SKAS,SKCL,domestica,1,0,,,,0,sin_ruta,NO_EXISTE_EN_AVA
DV8ZrAQR4Pggo81W,8040,,,SKBO,SKCZ,domestica,1,0,,,,0,sin_ruta,NO_EXISTE_EN_AVA
GOVwgQxR2kqELVo2,8041,,,SKBO,SKEJ,domestica,1,0,,,,0,sin_ruta,NO_EXISTE_EN_AVA
qdNLd5y2x8WEbNJr,8043,,,SKBO,SKFL,domestica,1,0,,,,0,sin_ruta,NO_EXISTE_EN_AVA
3RoMDv9VXvmME7zk,8044,,,SKBO,SKMD,domestica,1,0,,,,0,sin_ruta,NO_EXISTE_EN_AVA
aA1J7WOx9AgEmJZk,8045,,,SKBO,SKNV,domestica,1,0,,,,0,sin_ruta,NO_EXISTE_EN_AVA
z2mvA0OKG48xewD8,8046,,,SKBO,SKPC,domestica,1,0,,,,0,sin_ruta,NO_EXISTE_EN_AVA
pwGvkOY1VvB657bD,8047,,,SKBO,SKPC,domestica,1,0,,,,0,sin_ruta,NO_EXISTE_EN_AVA
VgAKVld2o6OzJR1M,8048,,,SKBO,SKPP,domestica,1,0,,,,0,sin_ruta,NO_EXISTE_EN_AVA
e5Q1526God862QOa,8049,NULL,VHR26,SKBO,SKPS,domestica,1,0,,,,0,sin_ruta,NO_EXISTE_EN_AVA
oXbrpwoxywEjzNjQ,8050,,,SKBO,SKSG,domestica,1,0,,,,0,sin_ruta,NO_EXISTE_EN_AVA
NL8nn25YK2XGK8Q5,8051,,,SKBO,SKSO,domestica,1,0,,,,0,sin_ruta,NO_EXISTE_EN_AVA
WpZ4WDmPMDggYGY5,8052,,,SKBO,SKVV,domestica,1,0,,,,0,sin_ruta,NO_EXISTE_EN_AVA
gZ1jJEnGPEvel1M4,8053,,,SKBO,SKYP,domestica,1,0,,,,0,sin_ruta,NO_EXISTE_EN_AVA
qLW91n7RgaBVkWRe,8054,,,SKBO,SKYP,domestica,1,0,,,,0,sin_ruta,NO_EXISTE_EN_AVA
26347657-f2f7-4ac5-b6ea-dc4e332ceda6,8055,,,SKBQ,SKCL,domestica,1,0,,,,0,sin_ruta,NO_EXISTE_EN_AVA
KgJyzGvx3GvKV1Xv,8056,,,SKBQ,SKCL,domestica,1,0,,,,0,sin_ruta,NO_EXISTE_EN_AVA
ypVzEKWnMKWGMdJa,8057,,,SKCC,SKCL,domestica,1,0,,,,0,sin_ruta,NO_EXISTE_EN_AVA
GLAbNW2reWN1kAlD,8058,,,SKCG,SKCL,domestica,1,0,,,,0,sin_ruta,NO_EXISTE_EN_AVA
yVayjExggJZW5D0o,8059,NULL,,SKCG,SKPC,domestica,1,0,,,,0,sin_ruta,NO_EXISTE_EN_AVA
deLwmW89kWglmXkw,8060,,,SKCL,SKAS,domestica,1,0,,,,0,sin_ruta,NO_EXISTE_EN_AVA
vGNe43QAl3Q2J0gP,8061,,,SKCL,SKBQ,domestica,1,0,,,,0,sin_ruta,NO_EXISTE_EN_AVA
Q2AKbgk3Ggk2qzO0,8062,,,SKCL,SKCC,domestica,1,0,,,,0,sin_ruta,NO_EXISTE_EN_AVA
eb50bb8b-1ab4-4ec9-95ba-e6af2e3cc85e,8063,,,SKCL,SKCG,domestica,1,0,,,,0,sin_ruta,NO_EXISTE_EN_AVA
MORxVKew9BpzW8b5,8064,,,SKCL,SKCG,domestica,1,0,,,,0,sin_ruta,NO_EXISTE_EN_AVA
R5LemAxjJAmO0LjM,8065,,,SKCL,SKCG,domestica,1,0,,,,0,sin_ruta,NO_EXISTE_EN_AVA
n2pMKE1xjEQd6ry6,8066,,,SKCL,SKCO,domestica,1,0,,,,0,sin_ruta,NO_EXISTE_EN_AVA
7eGnml5kxlvmpP6o,8067,,,SKCL,SKFL,domestica,1,0,,,,0,sin_ruta,NO_EXISTE_EN_AVA
6GEWkr3VoroPQEM7,8068,,,SKCL,SKGP,domestica,1,0,,,,0,sin_ruta,NO_EXISTE_EN_AVA
aRKk7yJevy37rKd0,8069,,,SKCL,SKIP,domestica,1,0,,,,0,sin_ruta,NO_EXISTE_EN_AVA
k2LMK9WdP9PO50gz,8070,,,SKCL,SKMD,domestica,1,0,,,,0,sin_ruta,NO_EXISTE_EN_AVA
VM7pmgoWNY8O03kG,8071,,,SKCL,SKNA,domestica,1,0,,,,0,sin_ruta,NO_EXISTE_EN_AVA
QeRwB7J6G7kAwOdX,8072,,,SKCL,SKPI,domestica,1,0,,,,0,sin_ruta,NO_EXISTE_EN_AVA
g6owwWz4nWYRLoZr,8073,,,SKCL,SKRH,domestica,1,0,,,,0,sin_ruta,NO_EXISTE_EN_AVA
MEqPN3ZxX3YE49e0,8074,,,SKCL,SKUI,domestica,1,0,,,,0,sin_ruta,NO_EXISTE_EN_AVA
Vkg7VbrEObqYjP3o,8075,,,SKCL,SKVG,domestica,1,0,,,,0,sin_ruta,NO_EXISTE_EN_AVA
9zKNJZWX1wEx5KZO,8076,,,SKCL,SKVV,domestica,1,0,,,,0,sin_ruta,NO_EXISTE_EN_AVA
1KraQX7YOXBoBrxW,8077,,,SKCL,SKVV,domestica,1,0,,,,0,sin_ruta,NO_EXISTE_EN_AVA
rgNYl7pDM7dk3KmZ,8078,,,SKCO,SKCL,domestica,1,0,,,,0,sin_ruta,NO_EXISTE_EN_AVA
7QNl27njArKD16mP,8079,,,SKCZ,SKBO,domestica,1,0,,,,0,sin_ruta,NO_EXISTE_EN_AVA
DaKW2DOow4n0vr0p,8080,,,SKEJ,SKBO,domestica,1,0,,,,0,sin_ruta,NO_EXISTE_EN_AVA
MKmdBlbv4NMe7rGD,8081,,,SKFL,SKBO,domestica,1,0,,,,0,sin_ruta,NO_EXISTE_EN_AVA
rpynKjpvGjRa3mV8,8082,,,SKFL,SKCL,domestica,1,0,,,,0,sin_ruta,NO_EXISTE_EN_AVA
VPzYN6kx5q6y9Yb1,8083,,,SKGP,SKCL,domestica,1,0,,,,0,sin_ruta,NO_EXISTE_EN_AVA
eJbpKXdvnrPWNmoV,8084,,,SKIB,SKBO,domestica,1,0,,,,0,sin_ruta,NO_EXISTE_EN_AVA
goVl9g2yegPPzm3r,8085,,,SKIP,SKCL,domestica,1,0,,,,0,sin_ruta,NO_EXISTE_EN_AVA
0yLP2erQmeElKYxG,8086,,,SKMD,SKBO,domestica,1,0,,,,0,sin_ruta,NO_EXISTE_EN_AVA
qD8QAyvZkykGO8y1,8087,,,SKMD,SKCL,domestica,1,0,,,,0,sin_ruta,NO_EXISTE_EN_AVA
XLoAkx6mPxjxeMK8,8088,,,SKNA,SKCL,domestica,1,0,,,,0,sin_ruta,NO_EXISTE_EN_AVA
WemY1pzD9JRvlmyx,8089,,,SKPC,SKBO,domestica,1,0,,,,0,sin_ruta,NO_EXISTE_EN_AVA
wLX9zqJyKaEe58bG,8090,,,SKPC,SKBO,domestica,1,0,,,,0,sin_ruta,NO_EXISTE_EN_AVA
Ml0Xor4JwrXKzA5x,8091,,,SKPI,SKCL,domestica,1,0,,,,0,sin_ruta,NO_EXISTE_EN_AVA
y43Xwq2K9qodg1Xk,8092,,,SKPP,SKCL,domestica,1,0,,,,0,sin_ruta,NO_EXISTE_EN_AVA
0j8J3m2J7mDADZR5,8093,,,SKRH,SKCL,domestica,1,0,,,,0,sin_ruta,NO_EXISTE_EN_AVA
A7aoB1VWx1ZexEKv,8094,,,SKSG,SKBO,domestica,1,0,,,,0,sin_ruta,NO_EXISTE_EN_AVA
xOZa1gvVAgz7LZNz,8095,,,SKSO,SKBO,domestica,1,0,,,,0,sin_ruta,NO_EXISTE_EN_AVA
bly9MkbRZkpOAy2x,8096,,,SKSP,SKBO,domestica,1,0,,,,0,sin_ruta,NO_EXISTE_EN_AVA
LG06QM7NW834BEMD,8097,,,SKSP,SKCL,domestica,1,0,,,,0,sin_ruta,NO_EXISTE_EN_AVA
7R9eYQkwpQJN39kn,8098,,,SKUI,SKCL,domestica,1,0,,,,0,sin_ruta,NO_EXISTE_EN_AVA
9EVJjnE95nYqXVmo,8124,,,SKBG,SKSO,domestica,1,0,,,,0,sin_ruta,NO_EXISTE_EN_AVA
jDqArABXpAPMm3mG,8126,,,SKBG,SKVV,domestica,1,0,,,,0,sin_ruta,NO_EXISTE_EN_AVA
dQnD59JmPd798EJb,8128,,,SKBU,SKVV,domestica,1,0,,,,0,sin_ruta,NO_EXISTE_EN_AVA
r7YQyPG23oA56YqZ,8132,,,SKVV,SKAR,domestica,1,0,,,,0,sin_ruta,NO_EXISTE_EN_AVA
lWenQKlMo6q4bynv,8133,,,SKAR,SKVV,domestica,1,0,,,,0,sin_ruta,NO_EXISTE_EN_AVA
gKB2aP7eA6EqM9Xk,8136,,,SKVV,SKBG,domestica,1,0,,,,0,sin_ruta,NO_EXISTE_EN_AVA
0bG8eEoLW68OaYM6,8137,,,SKBG,SKVV,domestica,1,0,,,,0,sin_ruta,NO_EXISTE_EN_AVA
Mlpl2r8XBlKzaWy7,8138,,,SKVV,SKBQ,domestica,1,0,,,,0,sin_ruta,NO_EXISTE_EN_AVA
1mGWePLvw76jmVjE,8139,,,SKBQ,SKVV,domestica,1,0,,,,0,sin_ruta,NO_EXISTE_EN_AVA
KyjgWlma7VMQ0Rao,8141,,,SKVV,SKCC,domestica,1,0,,,,0,sin_ruta,NO_EXISTE_EN_AVA
E8OYdnOqK8mEv5ev,8142,,,SKCC,SKVV,domestica,1,0,,,,0,sin_ruta,NO_EXISTE_EN_AVA
qXW97avmPndw8zpN,8143,NULL,,SKCG,SKMR,domestica,1,0,,,,0,sin_ruta,NO_EXISTE_EN_AVA
9GJRK0YEw1W5pxmy,8144,NULL,,SKMR,SKCG,domestica,1,0,,,,0,sin_ruta,NO_EXISTE_EN_AVA
Z1qmZ6zPNAJpABvw,8145,,,SKCG,SKSP,domestica,1,0,,,,0,sin_ruta,NO_EXISTE_EN_AVA
pa3LxanrJOlbV30r,8146,,,SKSP,SKCG,domestica,1,0,,,,0,sin_ruta,NO_EXISTE_EN_AVA
3NP1qZGayLOWDPLG,8147,,,SKVV,SKCG,domestica,1,0,,,,0,sin_ruta,NO_EXISTE_EN_AVA
gkjzbA4ZeopkQjRx,8148,,,SKCG,SKVV,domestica,1,0,,,,0,sin_ruta,NO_EXISTE_EN_AVA
K4qr6n0pzbWrBq2z,8149,,,SKVV,SKCL,domestica,1,0,,,,0,sin_ruta,NO_EXISTE_EN_AVA
5e72VA5l1An9v7jP,8150,,,SKVV,SKCL,domestica,1,0,,,,0,sin_ruta,NO_EXISTE_EN_AVA
k896jebv71d7K9RV,8151,,,SKVV,SKCZ,domestica,1,0,,,,0,sin_ruta,NO_EXISTE_EN_AVA
MBmw9d5L14040yZv,8152,,,SKCZ,SKVV,domestica,1,0,,,,0,sin_ruta,NO_EXISTE_EN_AVA
VKz3Ao5yn9Rjb16Q,8153,,,SKVV,SKEJ,domestica,1,0,,,,0,sin_ruta,NO_EXISTE_EN_AVA
gbEyekWyXL9DPEQx,8154,,,SKEJ,SKVV,domestica,1,0,,,,0,sin_ruta,NO_EXISTE_EN_AVA
qV7q1PAqgRODB7Om,8155,,,SKVV,SKFL,domestica,1,0,,,,0,sin_ruta,NO_EXISTE_EN_AVA
zklNrV32gDpRZlbp,8156,,,SKFL,SKVV,domestica,1,0,,,,0,sin_ruta,NO_EXISTE_EN_AVA
NRKA4eqA8DmQoBG1,8157,,,SKVV,SKGI,domestica,1,0,,,,0,sin_ruta,NO_EXISTE_EN_AVA
NlK7YL6eq4kaEAvB,8158,,,SKGI,SKVV,domestica,1,0,,,,0,sin_ruta,NO_EXISTE_EN_AVA
W7jbyab5XEJRR1Np,8159,,,SKVV,SKGP,domestica,1,0,,,,0,sin_ruta,NO_EXISTE_EN_AVA
E1nGP4m6dMakVZOY,8160,,,SKGP,SKVV,domestica,1,0,,,,0,sin_ruta,NO_EXISTE_EN_AVA
RQwGPoXdlE8VXLK7,8161,,,SKVV,SKGY,domestica,1,0,,,,0,sin_ruta,NO_EXISTE_EN_AVA
R4MaYBV3vykb7Mym,8162,,,SKGY,SKVV,domestica,1,0,,,,0,sin_ruta,NO_EXISTE_EN_AVA
aej0R8jVoZDZNLqR,8163,,,SKVV,SKIB,domestica,1,0,,,,0,sin_ruta,NO_EXISTE_EN_AVA
Ga6jbvyxMYNYzjLW,8164,,,SKIB,SKVV,domestica,1,0,,,,0,sin_ruta,NO_EXISTE_EN_AVA
GNV8noK1Yv0Xe5j9,8165,,,SKVV,SKIP,domestica,1,0,,,,0,sin_ruta,NO_EXISTE_EN_AVA
9YAyxNX2M4qQ9meR,8166,,,SKIP,SKVV,domestica,1,0,,,,0,sin_ruta,NO_EXISTE_EN_AVA
6eVDEaqXWYj7wJxo,8167,,,SKVV,SKLC,domestica,1,0,,,,0,sin_ruta,NO_EXISTE_EN_AVA
5myMx8e3vAZ5GB6e,8168,,,SKLC,SKVV,domestica,1,0,,,,0,sin_ruta,NO_EXISTE_EN_AVA
5qWkB71Ka8Dzgn3G,8169,,,SKVV,SKMD,domestica,1,0,,,,0,sin_ruta,NO_EXISTE_EN_AVA
N390BYZXVGWGkPqb,8170,,,SKMD,SKVV,domestica,1,0,,,,0,sin_ruta,NO_EXISTE_EN_AVA
L9VORPKk67mGGqm7,8171,,,SKVV,SKMR,domestica,1,0,,,,0,sin_ruta,NO_EXISTE_EN_AVA
gyqooQEN2MXd4qrx,8172,,,SKMR,SKVV,domestica,1,0,,,,0,sin_ruta,NO_EXISTE_EN_AVA
D7N3ZmQ0bp20g6dA,8173,,,SKVV,SKMU,domestica,1,0,,,,0,sin_ruta,NO_EXISTE_EN_AVA
9EVy9N1PkY3d0Vbr,8174,,,SKMU,SKVV,domestica,1,0,,,,0,sin_ruta,NO_EXISTE_EN_AVA
vBW9dzVrLJMmK3pM,8175,,,SKVV,SKMZ,domestica,1,0,,,,0,sin_ruta,NO_EXISTE_EN_AVA
J0ZE8ylpDB135en4,8176,,,SKMZ,SKVV,domestica,1,0,,,,0,sin_ruta,NO_EXISTE_EN_AVA
NVk0OOVEblXv10gD,8177,,,SKVV,SKNQ,domestica,1,0,,,,0,sin_ruta,NO_EXISTE_EN_AVA
bXmZ712W5l3k1AK0,8178,,,SKNQ,SKVV,domestica,1,0,,,,0,sin_ruta,NO_EXISTE_EN_AVA
aLpVPyVkR1j5gWGA,8179,,,SKVV,SKNV,domestica,1,0,,,,0,sin_ruta,NO_EXISTE_EN_AVA
q8zWJmWaMNlAAn6M,8180,,,SKNV,SKVV,domestica,1,0,,,,0,sin_ruta,NO_EXISTE_EN_AVA
AK1k3X16OlRVDnRq,8181,,,SKVV,SKPA,domestica,1,0,,,,0,sin_ruta,NO_EXISTE_EN_AVA
AZYlRQK7pMmZbL4g,8182,,,SKPA,SKVV,domestica,1,0,,,,0,sin_ruta,NO_EXISTE_EN_AVA
rwl6jRJkKrNwQlW1,8183,,,SKVV,SKPC,domestica,1,0,,,,0,sin_ruta,NO_EXISTE_EN_AVA
O1LMOYDyGnAxoVbK,8184,,,SKPC,SKVV,domestica,1,0,,,,0,sin_ruta,NO_EXISTE_EN_AVA
OGM808QZ1A2lZM5R,8185,,,SKVV,SKPD,domestica,1,0,,,,0,sin_ruta,NO_EXISTE_EN_AVA
RZzLNqvdVDgvgYk6,8186,,,SKPD,SKVV,domestica,1,0,,,,0,sin_ruta,NO_EXISTE_EN_AVA
znjLL8y67nPPDj7W,8187,,,SKVV,SKPE,domestica,1,0,,,,0,sin_ruta,NO_EXISTE_EN_AVA
b385lpe94ZXQlnxr,8188,,,SKPE,SKVV,domestica,1,0,,,,0,sin_ruta,NO_EXISTE_EN_AVA
xrbrl1YQJ5NzkMBD,8189,,,SKVV,SKPI,domestica,1,0,,,,0,sin_ruta,NO_EXISTE_EN_AVA
1o9EqxojVWMe29jg,8190,,,SKPI,SKVV,domestica,1,0,,,,0,sin_ruta,NO_EXISTE_EN_AVA
9BpEaxq04MvJdpa7,8191,,,SKVV,SKPP,domestica,1,0,,,,0,sin_ruta,NO_EXISTE_EN_AVA
MLkgZy62e78AePW8,8192,,,SKPP,SKVV,domestica,1,0,,,,0,sin_ruta,NO_EXISTE_EN_AVA
o2WmNGWgDrxGVMnj,8193,,,SKVV,SKPS,domestica,1,0,,,,0,sin_ruta,NO_EXISTE_EN_AVA
PmbrxEn6KMvZ7p8y,8194,,,SKPS,SKVV,domestica,1,0,,,,0,sin_ruta,NO_EXISTE_EN_AVA
X0g28OWzx1q0z9DN,8195,,,SKVV,SKSJ,domestica,1,0,,,,0,sin_ruta,NO_EXISTE_EN_AVA
bzk5dwyBzeWlom90,8196,,,SKSJ,SKVV,domestica,1,0,,,,0,sin_ruta,NO_EXISTE_EN_AVA
r7BZbLX1RqlQ0BEZ,8197,,,SKCG,SKSP,domestica,1,0,,,,0,sin_ruta,NO_EXISTE_EN_AVA
qlJBrL1kmLenwJ9W,8199,,,SKMD,SKPE,domestica,1,0,,,,0,sin_ruta,NO_EXISTE_EN_AVA
g73o94ylq4qBAklY,8202,,,SKMD,SKVV,domestica,1,0,,,,0,sin_ruta,NO_EXISTE_EN_AVA
jRJE56Xj7kG8gJEl,8204,,,SKPC,SKVV,domestica,1,0,,,,0,sin_ruta,NO_EXISTE_EN_AVA
9alz1zjvG38OzBVj,8208,,,SKPE,SKVV,domestica,1,0,,,,0,sin_ruta,NO_EXISTE_EN_AVA
jvmkZpdjqpGMGP0V,8210,,,SKPS,SKMD,domestica,1,0,,,,0,sin_ruta,NO_EXISTE_EN_AVA
mLpP4dyl378PPpOA,8214,,,SKVV,SKSM,domestica,1,0,,,,0,sin_ruta,NO_EXISTE_EN_AVA
a8Mnwov6YLq3jPOJ,8215,,,SKSM,SKVV,domestica,1,0,,,,0,sin_ruta,NO_EXISTE_EN_AVA
wQ9drpeaO42EaN35,8217,,,SKVV,SKTL,domestica,1,0,,,,0,sin_ruta,NO_EXISTE_EN_AVA
YWgbvxKYj24qdgdl,8218,,,SKTL,SKVV,domestica,1,0,,,,0,sin_ruta,NO_EXISTE_EN_AVA
50zkmWly2WODWGye,8219,,,SKSO,SKYP,domestica,1,0,,,,0,sin_ruta,NO_EXISTE_EN_AVA
qyej0d1k6zlx9PpW,8221,,,SKVV,SKTM,domestica,1,0,,,,0,sin_ruta,NO_EXISTE_EN_AVA
vOZW9wmax5b98j1n,8222,,,SKTM,SKVV,domestica,1,0,,,,0,sin_ruta,NO_EXISTE_EN_AVA
Bk6z48pvjYK3A1Xm,8223,,,SKVV,SKUC,domestica,1,0,,,,0,sin_ruta,NO_EXISTE_EN_AVA
Lmoa6JjAYe7b5KJD,8224,,,SKUC,SKVV,domestica,1,0,,,,0,sin_ruta,NO_EXISTE_EN_AVA
zoeNR5DM37mV5ep9,8225,,,SKVV,SKUI,domestica,1,0,,,,0,sin_ruta,NO_EXISTE_EN_AVA
EWnRZ73QayVERnKR,8226,,,SKUI,SKVV,domestica,1,0,,,,0,sin_ruta,NO_EXISTE_EN_AVA
yVZp7AvEkGPEKnvK,8227,,,SKVV,SKVP,domestica,1,0,,,,0,sin_ruta,NO_EXISTE_EN_AVA
PJK8DdvRlB4GXKo3,8228,,,SKVP,SKVV,domestica,1,0,,,,0,sin_ruta,NO_EXISTE_EN_AVA
jAEyPMR7AbY6pqNW,8229,,,SKSP,SKCG,domestica,1,0,,,,0,sin_ruta,NO_EXISTE_EN_AVA
MXl3dAXRjVwRyPL7,8233,,,SKVV,SKYP,domestica,1,0,,,,0,sin_ruta,NO_EXISTE_EN_AVA
ZxXwzq8jWG2RyAgn,8234,,,SKYP,SKVV,domestica,1,0,,,,0,sin_ruta,NO_EXISTE_EN_AVA
gkG2Q3lYJ3EekZlw,8235,,,SKVG,SKCL,domestica,1,0,,,,0,sin_ruta,NO_EXISTE_EN_AVA
8X0Pv38Oe3DnDbr9,8236,,,SKVV,SKBG,domestica,1,0,,,,0,sin_ruta,NO_EXISTE_EN_AVA
vOrRz7AJv7vLNrw0,8237,,,SKVV,SKMD,domestica,1,0,,,,0,sin_ruta,NO_EXISTE_EN_AVA
yEV9eOn4JaAM5Vjd,8238,,,SKVV,SKPE,domestica,1,0,,,,0,sin_ruta,NO_EXISTE_EN_AVA
V87V30zBYVO4OwN0,8239,,,SKYP,SKBO,domestica,1,0,,,,0,sin_ruta,NO_EXISTE_EN_AVA
dmK0L9Jo699a1Kq0,8383,,,SKBO,SEGU,internacional,1,1,SKBO-SEGU,A320,20261002 2035Z,1,colombia,COINCIDE
OxBVgxGoZxxNGa2j,8384,,,SEGU,SKBO,internacional,1,1,SEGU-SKBO,A320,20261002 1515Z,1,colombia,COINCIDE
4f126540-c9c6-4ff6-b2b6-42f4369efeea,8395,NULL,,SKBO,SAEZ,internacional,1,1,SKBO-SAEZ,A20N,20261002 1225Z,1,colombia,COINCIDE
8d326c20-1c25-44e9-8c7a-da21bad23d38,8396,NULL,,SAEZ,SKBO,internacional,1,1,SAEZ-SKBO,A20N,20261002 2000Z,1,colombia,COINCIDE
BM1YX7YzKoZoRqzb,8398,,,SEGU,SKRG,internacional,1,1,SEGU-SKRG,A20N,20261002 1850Z,1,colombia,COINCIDE
3Q79r04poaeR5LNm,8399,,,SKRG,SEGU,internacional,1,1,SKRG-SEGU,A20N,20261002 2200Z,1,colombia,COINCIDE
D5PoV2pGkAbxewGb,8401,,,SKRG,SKBO,domestica,1,1,SKRG-SKBO,A319,20260927 0155Z,1,colombia,COINCIDE
zm98KveqpvNDJA6B,8403,,,SKRG,SKPE,domestica,1,1,SKRG-SKPE,A320,20261003 0234Z,1,colombia,COINCIDE
WokjZ8Epv2rQqk80,8404,NULL,VHR26,SKPE,SKRG,domestica,1,1,SKPE-SKRG,A320,20261003 1127Z,1,colombia,COINCIDE
Y8RKgBQXdBDMqRGZ,8405,,,SKRG,SKBO,domestica,1,1,SKRG-SKBO,A320,20261002 0200Z,1,colombia,COINCIDE
LmRn3ZLYd8pQxwdq,8407,,,SKBO,SKPE,domestica,1,1,SKBO-SKPE,A319,20261002 1320Z,1,colombia,COINCIDE
Zg8al8OR7x8ABaN7,8409,,,SKBO,SKCL,domestica,1,1,SKBO-SKCL,A320,20261003 1020Z,1,colombia,COINCIDE
arZlr0oZK30Ok9Xm,8411,,,SKBO,SKCL,domestica,1,1,SKBO-SKCL,A319,20261002 1725Z,1,colombia,COINCIDE
p0YwQo6b1oRQajO3,8412,,,SKBO,SKRH,domestica,1,1,SKBO-SKRH,A20N,20261002 1805Z,1,colombia,COINCIDE
LjKzpaLpGY7E5ogQ,8413,,,SKRH,SKBO,domestica,1,1,SKRH-SKBO,A20N,20261002 1800Z,1,colombia,COINCIDE
gLNDl6eAV6mkzNQ3,8416,,,SKCL,SKBO,domestica,1,1,SKCL-SKBO,A320,20261002 1335Z,1,colombia,COINCIDE
ARnMG9LxY9dJyZDb,8418,,,SKCL,SKBO,domestica,1,1,SKCL-SKBO,A320,20261002 1310Z,1,colombia,COINCIDE
37c30c51-b860-4c53-b74e-e8466547f9c4,8419,,,SKBQ,SKBO,domestica,1,1,SKBQ-SKBO,A320,20261003 1135Z,1,colombia,COINCIDE
dLB0jYMla5b65nK9,8421,,,SKBO,SKCL,domestica,1,1,SKBO-SKCL,A320,20261003 0330Z,1,colombia,COINCIDE
rzwJgJzjpr1Go0E2,8422,,,SKCL,SKBO,domestica,1,1,SKCL-SKBO,A319,20261003 1525Z,1,colombia,COINCIDE
JP8DzLwO1LO9VlLE,8423,,,SKCG,SKBO,domestica,1,1,SKCG-SKBO,A320,20261002 1255Z,1,colombia,COINCIDE
x35vEM3yrMybMOLd,8426,,,SKBO,SKCG,domestica,1,1,SKBO-SKCG,A320,20261002 0250Z,1,colombia,COINCIDE
Za1qQwVqWw9D01OR,8427,,,SKRG,SKBO,domestica,1,1,SKRG-SKBO,A320,20261002 1439Z,1,colombia,COINCIDE
kZBaZ4Y5V4maME7x,8428,,,SKBO,SKRH,domestica,1,1,SKBO-SKRH,A320,20261002 2255Z,1,colombia,COINCIDE
6V53yj8kQjdp3YkG,8429,,,SKRH,SKBO,domestica,1,1,SKRH-SKBO,A320,20261003 0115Z,1,colombia,COINCIDE
xdbynJwP46MZjLRN,8432,,,SKBO,SKRG,domestica,1,1,SKBO-SKRG,A320,20261002 1355Z,1,colombia,COINCIDE
ZyJMkMp83MrGgVWl,8433,,,SKCG,SKRG,domestica,1,1,SKCG-SKRG,A320,20261002 2235Z,1,colombia,COINCIDE
3qBgdL07pkR99zor,8434,,,SKBO,SKBQ,domestica,1,1,SKBO-SKBQ,A320,20261002 2105Z,1,colombia,COINCIDE
BkJmnaRy9a6X6YK1,8435,,,SKRG,SKBO,domestica,1,1,SKRG-SKBO,A320,20261003 1214Z,1,colombia,COINCIDE
WgeBpPE6yP85mRGN,8436,,,SKRG,SKSM,domestica,1,1,SKRG-SKSM,A320,20261002 1940Z,1,colombia,COINCIDE
R0WjPM09oMzlVeo9,8437,,,SKSM,SKRG,domestica,1,1,SKSM-SKRG,A320,20261002 2135Z,1,colombia,COINCIDE
JWdJ2W3AQqX2ld5e,8440,NULL,VHR26,SKRG,SKSP,domestica,1,1,SKRG-SKSP,A320,20261002 2100Z,1,colombia,COINCIDE
JOrZ8Z4KjZMG4q9B,8441,,,SKSP,SKRG,domestica,1,1,SKSP-SKRG,A320,20261002 2335Z,1,colombia,COINCIDE
fb422e34-2109-4092-b396-415340251c00,8446,,,SKBO,SKBQ,domestica,1,1,SKBO-SKBQ,A320,20261003 0145Z,1,colombia,COINCIDE
6oNg5rGM1rkpMmzW,8448,,,SKCL,SKRG,domestica,1,1,SKCL-SKRG,A320,20261003 1009Z,1,colombia,COINCIDE
g8qAdwa0WLwVEZxR,8451,,,SKRG,SKBO,domestica,1,1,SKRG-SKBO,A320,20261002 1549Z,1,colombia,COINCIDE
kLyGp7RWj77X2Vv7,8454,,,SKCL,SKBO,domestica,1,1,SKCL-SKBO,A320,20261003 1210Z,1,colombia,COINCIDE
7PV9MnPOwyeYXV9E,8456,,,SKPS,SKBO,domestica,1,1,SKPS-SKBO,A20N,20261002 2230Z,1,colombia,COINCIDE
6J5BOzawJr9lBPAb,8457,,,SKBO,SKPS,domestica,1,1,SKBO-SKPS,A20N,20261002 2025Z,1,colombia,COINCIDE
BLmJ2pleVpjzGm1M,8459,,,SKMR,SKBO,domestica,1,1,SKMR-SKBO,A320,20261003 1215Z,1,colombia,COINCIDE
mYgEY3nwOJ0vbgWB,8466,NULL,,SKRG,SKPS,domestica,1,1,SKRG-SKPS,A320,20261003 1150Z,1,colombia,COINCIDE
kENdp8GZkPyRJNLb,8467,NULL,,SKPS,SKRG,domestica,1,1,SKPS-SKRG,A320,20261003 1345Z,1,colombia,COINCIDE
2bZRQzDR8z5GpLzj,8470,,,SKRG,SKCG,domestica,1,1,SKRG-SKCG,A320,20261003 1010Z,1,colombia,COINCIDE
02WM6QlbBaA9VKJL,8472,NULL,,SKBO,SKCG,domestica,1,1,SKBO-SKCG,A320,20261002 2345Z,1,colombia,COINCIDE
AJ6oE1Az4G25vWGl,8473,NULL,,SKSM,SKPE,domestica,1,1,SKSM-SKPE,A320,20260901 1925Z,1,colombia,COINCIDE
VpLz4P1V8P4GmEWd,8480,,,SKBO,SKCG,domestica,1,1,SKBO-SKCG,A320,20261003 2325Z,1,colombia,COINCIDE
eQNGoKvzZK97JNJg,8484,,,SKBO,SKSM,domestica,1,1,SKBO-SKSM,A320,20261002 1325Z,1,colombia,COINCIDE
MVBbxzQ7azZDJ0Q5,8486,,,SKBO,SKSM,domestica,1,1,SKBO-SKSM,A320,20261003 0205Z,1,colombia,COINCIDE
PElaoZV5GZgqVmpd,8487,,,SKSM,SKBO,domestica,1,1,SKSM-SKBO,A319,20261002 1340Z,1,colombia,COINCIDE
427e9992-f422-470c-bbfe-0b58be4c4607,8490,NULL,,SKBO,SKCG,domestica,1,1,SKBO-SKCG,A320,20261002 1850Z,1,colombia,COINCIDE
7q0q4pJq1xPlnBNy,8496,NULL,VHR26,SKBO,SKSM,domestica,1,1,SKBO-SKSM,A320,20261002 2220Z,1,colombia,COINCIDE
oa6NMB3o8BJnX5Jr,8500,,,SKBO,SKMR,domestica,1,1,SKBO-SKMR,A320,20261002 1945Z,1,colombia,COINCIDE
GkM60Bxw8jb5gPma,8504,,,SKPE,SKBO,domestica,1,1,SKPE-SKBO,A320,20261002 1754Z,1,colombia,COINCIDE
eVGYzDrxgDRbvAYr,8508,,,SKBO,SKMR,domestica,1,1,SKBO-SKMR,A320,20261002 2315Z,1,colombia,COINCIDE
MxB9pO5ALO72pew3,8509,,,SKMR,SKBO,domestica,1,1,SKMR-SKBO,A320,20261002 2155Z,1,colombia,COINCIDE
db320086-30f1-4000-80af-ebd844a922f1,8511,,,SKCG,SKRG,domestica,1,1,SKCG-SKRG,A320,20261003 0115Z,1,colombia,COINCIDE
qY3Z4GwMdz5qPo7r,8515,,,SKBO,SKPE,domestica,1,1,SKBO-SKPE,A320,20261003 1009Z,1,colombia,COINCIDE
aNLmpaWMdajBJVOb,8516,,,SKRG,SKRH,domestica,1,1,SKRG-SKRH,A320,20261002 1835Z,1,colombia,COINCIDE
kG6nQdPKzdeovZ1L,8517,,,SKRH,SKRG,domestica,1,1,SKRH-SKRG,A320,20261002 2040Z,1,colombia,COINCIDE
YZ7G4x6M0wrW4ePK,8522,,,SKCL,SKBO,domestica,1,1,SKCL-SKBO,A320,20261002 1620Z,1,colombia,COINCIDE
3valGnPaQpkAMAyk,8523,,,SKBO,SKCL,domestica,1,1,SKBO-SKCL,A320,20261002 1425Z,1,colombia,COINCIDE
MgElBbkVpbvg9oky,8524,,,SKBO,SKBQ,domestica,1,1,SKBO-SKBQ,A320,20261003 1110Z,1,colombia,COINCIDE
PaBK92RWP2qg1JRx,8525,,,SKBQ,SKBO,domestica,1,1,SKBQ-SKBO,A320,20261003 1035Z,1,colombia,COINCIDE
BxeVNjgGYjKB8eq6,8537,,,SKCG,SKBO,domestica,1,1,SKCG-SKBO,A320,20261003 1115Z,1,colombia,COINCIDE
O1MWJBjgQl0PzYjW,8538,,,SKPE,SKBO,domestica,1,1,SKPE-SKBO,A320,20261003 1024Z,1,colombia,COINCIDE
1YloOxR23xomnl43,8539,,,SKBO,SKPE,domestica,1,1,SKBO-SKPE,A320,20261003 0015Z,1,colombia,COINCIDE
O5BVz4XDKOP7KBRm,8544,,,SKAR,SKBO,domestica,1,1,SKAR-SKBO,A320,20261003 1914Z,1,colombia,COINCIDE
1r7AYqRgWqOQL7jW,8545,,,SKBQ,SKRG,domestica,1,1,SKBQ-SKRG,A320,20261003 1205Z,1,colombia,COINCIDE
9YEoKLYBdLM3NEAv,8546,,,SKRG,SKBQ,domestica,1,1,SKRG-SKBQ,A320,20261003 1010Z,1,colombia,COINCIDE
rRZN5m7Jdm5mmn0L,8559,,,SKCG,SKBO,domestica,1,1,SKCG-SKBO,A319,20261002 1840Z,1,colombia,COINCIDE
l509R5KwQ5DoabYn,8561,,,SKSP,SKBO,domestica,1,1,SKSP-SKBO,A320,20261002 1715Z,1,colombia,COINCIDE
pXParRMOL4zW4aDr,8562,NULL,,SKBO,SKBG,domestica,1,1,SKBO-SKBG,A319,20261003 1205Z,1,colombia,COINCIDE
anoaO2v892znpY9q,8563,,,SKBG,SKBO,domestica,1,1,SKBG-SKBO,A320,20261002 2125Z,1,colombia,COINCIDE
jgnJPa9YkQN5yZ9k,8569,,,SKCG,SKCL,domestica,1,1,SKCG-SKCL,A320,20261002 1350Z,1,colombia,COINCIDE
b621Jygp5Pl1PG7E,8570,NULL,VHR26,SKCL,SKCG,domestica,1,1,SKCL-SKCG,A320,20261002 1140Z,1,colombia,COINCIDE
JnmPPaREvaRQ0mYp,8574,,,SKBO,SKBQ,domestica,1,1,SKBO-SKBQ,A320,20261002 1630Z,1,colombia,COINCIDE
p7dyZLQnBLQOXmAy,8575,,,SKBQ,SKBO,domestica,1,1,SKBQ-SKBO,A319,20261002 2135Z,1,colombia,COINCIDE
0nKALWd04WN6oGWA,8576,,,SKBO,SKVP,domestica,1,1,SKBO-SKVP,A319,20261002 2100Z,1,colombia,COINCIDE
r3eBjO4rq373bq6A,8577,,,SKVP,SKBO,domestica,1,1,SKVP-SKBO,A319,20261002 2325Z,1,colombia,COINCIDE
mKgWKpeO6pDKJgJr,8580,,,SKBO,SKVP,domestica,1,1,SKBO-SKVP,A320,20261003 0015Z,1,colombia,COINCIDE
LZrEjdEKqdW3x9oD,8581,,,SKVP,SKBO,domestica,1,1,SKVP-SKBO,A320,20261003 0225Z,1,colombia,COINCIDE
yPOe1ny5qnXmyOMZ,8584,,,SKPS,SKBO,domestica,1,1,SKPS-SKBO,A20N,20261002 1315Z,1,colombia,COINCIDE
orJWQroeprgeWPvN,8587,,,SKBO,SKPS,domestica,1,1,SKBO-SKPS,A320,20261002 1315Z,1,colombia,COINCIDE
MD2m1OnzwKY0g2y5,8590,NULL,VHR26,SKBO,SKRH,domestica,1,1,SKBO-SKRH,A20N,20261002 1545Z,1,colombia,COINCIDE
06549143-fca1-494f-8b0f-7ad522829046,8593,,,SKCL,SKBQ,domestica,1,1,SKCL-SKBQ,A320,20261003 1015Z,1,colombia,COINCIDE
gaVNxaYZRavvXO7G,8911,,,SKMD,SKML,domestica,1,0,,,,0,sin_ruta,NO_EXISTE_EN_AVA
58X90vPABveG1pqv,8912,,,SKML,SKMD,domestica,1,0,,,,0,sin_ruta,NO_EXISTE_EN_AVA
ED95O8bER8vGEleN,9002,,,SKSO,SKBG,domestica,1,0,,,,0,sin_ruta,NO_EXISTE_EN_AVA
EJbRGjedLj96z36D,9003,,,SKYP,SKSO,domestica,1,0,,,,0,sin_ruta,NO_EXISTE_EN_AVA
RprNl8ZGJVjpGNqz,9005,,,SKCC,SKSO,domestica,1,0,,,,0,sin_ruta,NO_EXISTE_EN_AVA
Z4eb6BKy7BEkle6P,9006,,,SKSO,SKCC,domestica,1,0,,,,0,sin_ruta,NO_EXISTE_EN_AVA
xkY8kjwJ5jgz6OQK,9007,,,SKPS,SKPP,domestica,1,0,,,,0,sin_ruta,NO_EXISTE_EN_AVA
EJR4W3M4e36E01pQ,9009,,,SKBQ,SKSP,domestica,1,0,,,,0,sin_ruta,NO_EXISTE_EN_AVA
yG8jn4xnE2J1WLJY,9010,,,SKSP,SKBQ,domestica,1,0,,,,0,sin_ruta,NO_EXISTE_EN_AVA
K2xPGW3amVD2kPjp,9011,NULL,,SKBG,SKSM,domestica,1,0,,,,0,sin_ruta,NO_EXISTE_EN_AVA
3b1GRAPNQoWlDqMk,9012,NULL,,SKSM,SKBG,domestica,1,0,,,,0,sin_ruta,NO_EXISTE_EN_AVA
kGmWoZwdArZ2BagR,9013,,,SKMR,SKVP,domestica,1,0,,,,0,sin_ruta,NO_EXISTE_EN_AVA
nKlReKy780KY0PDr,9014,,,SKVP,SKMR,domestica,1,0,,,,0,sin_ruta,NO_EXISTE_EN_AVA
L4MWzVxv3VPVJEgD,9015,,,SKSP,SKPV,domestica,1,0,,,,0,sin_ruta,NO_EXISTE_EN_AVA
YewmenOYEnmVMw0Z,9016,,,SKPV,SKSP,domestica,1,0,,,,0,sin_ruta,NO_EXISTE_EN_AVA
adL67W5GaW9lzMEN,9059,,,SKBG,SKCC,domestica,1,0,,,,0,sin_ruta,NO_EXISTE_EN_AVA
m0Gy1572O5vR6GRJ,9060,,,SKCC,SKBG,domestica,1,0,,,,0,sin_ruta,NO_EXISTE_EN_AVA
zXoEzagneaqyjNGL,9147,,,SKCC,SKUC,domestica,1,0,,,,0,sin_ruta,NO_EXISTE_EN_AVA
wVzPnvl9WvXxabMg,9148,,,SKUC,SKCC,domestica,1,0,,,,0,sin_ruta,NO_EXISTE_EN_AVA
8y5M6NDaZ2b2QmYo,9203,,,SKBO,SKCL,domestica,1,1,SKBO-SKCL,A319,20261003 0005Z,1,colombia,COINCIDE
03M3DdEenX5AK7mN,9204,,,SKCL,SKBO,domestica,1,1,SKCL-SKBO,A319,20261002 1820Z,1,colombia,COINCIDE
MQq9Q1JpW1v1Pqk3,9205,,,SKBO,SKCL,domestica,1,1,SKBO-SKCL,A20N,20261002 1940Z,1,colombia,COINCIDE
AkqOQPDYgPW1eob1,9211,,,SKRG,SKCL,domestica,1,1,SKRG-SKCL,A320,20261002 1330Z,1,colombia,COINCIDE
RpgmQL3kAYrbLg89,9218,NULL,VHR26,SKCL,SKBO,domestica,1,1,SKCL-SKBO,A320,20261003 1125Z,1,colombia,COINCIDE
BdXDb7K6O7B1Go0L,9220,,,SKCL,SKBO,domestica,1,1,SKCL-SKBO,A320,20261002 2325Z,1,colombia,COINCIDE
NOe6OQa1oQ4NJGKo,9221,,,SKBO,SKCL,domestica,1,1,SKBO-SKCL,A320,20261003 0300Z,1,colombia,COINCIDE
4AXE6Z9aNZDNZJol,9222,,,SKCL,SKSM,domestica,1,1,SKCL-SKSM,A320,20261002 2130Z,1,colombia,COINCIDE
KZP7pBGmABvYY1a4,9225,,,SKSM,SKCL,domestica,1,1,SKSM-SKCL,A320,20261002 2345Z,1,colombia,COINCIDE
LRAjoVl6KVe4W7Mz,9232,,,SKBO,SKRG,domestica,1,1,SKBO-SKRG,A20N,20260927 0025Z,1,colombia,COINCIDE
r0E3VezGaewA6JVw,9234,,,SKBO,SKRG,domestica,1,1,SKBO-SKRG,A320,20261002 2305Z,1,colombia,COINCIDE
1PrBp0kKoGx49Jw5,9242,,,SKBO,SKRG,domestica,1,1,SKBO-SKRG,A320,20261003 0235Z,1,colombia,COINCIDE
QVYEKLBWmq9A3kZ1,9243,,,SKRG,SKBO,domestica,1,1,SKRG-SKBO,A320,20261002 1345Z,1,colombia,COINCIDE
Le8XEJ3qVJ6bzopk,9246,,,SKBG,SKRG,domestica,1,1,SKBG-SKRG,AT72,20261003 1710Z,1,colombia,COINCIDE
0Yj81NYWlNa7gKMG,9247,,,SKRG,SKBG,domestica,1,1,SKRG-SKBG,AT72,20261003 1530Z,1,colombia,COINCIDE
jwlxzk5pakKpOm4k,9252,,,SKBO,SKRG,domestica,1,1,SKBO-SKRG,A320,20261003 1030Z,1,colombia,COINCIDE
zKOxxVBPGVPVBO52,9254,,,SKRG,SKAR,domestica,1,1,SKRG-SKAR,AT72,20261003 1850Z,1,colombia,COINCIDE
LQPgJDNkzP555RvW,9255,,,SKAR,SKRG,domestica,1,1,SKAR-SKRG,AT72,20261003 2020Z,1,colombia,COINCIDE
kmrNLb5YQ4bJgKoP,9260,,,SKBO,SKRG,domestica,1,1,SKBO-SKRG,A319,20261002 1315Z,1,colombia,COINCIDE
QDK3Qalq4aDPbonw,9264,,,SKPE,SKRG,domestica,1,1,SKPE-SKRG,AT72,20261002 2330Z,1,colombia,COINCIDE
zjXqaAnVRwA3gqdR,9276,,,SKRG,SKMR,domestica,1,1,SKRG-SKMR,AT72,20261003 1210Z,1,colombia,COINCIDE
ZxAeWeJyLe49K32N,9277,,,SKMR,SKRG,domestica,1,1,SKMR-SKRG,AT72,20261003 1350Z,1,colombia,COINCIDE
N7p2goXlPM4xmJPr,9294,NULL,VHR26,SKPS,SKCL,domestica,1,1,SKPS-SKCL,A320,20261002 2144Z,1,colombia,COINCIDE
QqZMnbDmjb2jn59G,9295,,,SKCL,SKPS,domestica,1,1,SKCL-SKPS,A320,20261002 2005Z,1,colombia,COINCIDE
bkeb9vL1B2ar5pGM,9303,,,SKRG,SKBO,domestica,1,1,SKRG-SKBO,A320,20261002 1704Z,1,colombia,COINCIDE
OKPxqoyRm4ddy70Z,9304,,,SKBO,SKRG,domestica,1,1,SKBO-SKRG,A320,20261003 0125Z,1,colombia,COINCIDE
y3WjkGpBbGe8XnNA,9348,,,SKRG,SKSP,domestica,1,1,SKRG-SKSP,A320,20261002 1325Z,1,colombia,COINCIDE
YV6bRmKGd5bEz6Ln,9376,,,SKBO,SKSP,domestica,1,1,SKBO-SKSP,A320,20261002 1720Z,1,colombia,COINCIDE
XgqbRkdx0Yg9kqr7,9377,,,SKSP,SKBO,domestica,1,1,SKSP-SKBO,A320,20261002 2015Z,1,colombia,COINCIDE
Yedxj39Y53NE9AMa,9382,,,SKCL,SKRG,domestica,1,1,SKCL-SKRG,A320,20261002 1519Z,1,colombia,COINCIDE
38cc5c1c-c570-4f48-92e0-a47a123c6084,9384,,,SKCL,SKRG,domestica,1,1,SKCL-SKRG,A320,20261003 0144Z,1,colombia,COINCIDE
Ez5Dx8QyR8xzK5Gy,9388,,,SKPE,SKCG,domestica,1,1,SKPE-SKCG,A320,20261002 2135Z,1,colombia,COINCIDE
VQZ6PN147NP9Yl8e,9389,,,SKCG,SKPE,domestica,1,1,SKCG-SKPE,A320,20261002 1925Z,1,colombia,COINCIDE
4qZ91n6QKRn7QJew,9396,,,SKBO,SKMR,domestica,1,1,SKBO-SKMR,A320,20261002 1315Z,1,colombia,COINCIDE
DaMZ1eYg9eZYDP8l,9397,,,SKMR,SKBO,domestica,1,1,SKMR-SKBO,A319,20261002 1855Z,1,colombia,COINCIDE
3Oall5rbP5VwwaPN,9402,,,SKPS,SKBO,domestica,1,1,SKPS-SKBO,A320,20261002 1515Z,1,colombia,COINCIDE
1zGzEokpgo90A89Q,9431,,,SKRG,SKCL,domestica,1,1,SKRG-SKCL,A320,20261002 1805Z,1,colombia,COINCIDE
eVAgg7Onj7E60A4M,9445,,,SKSP,SKBO,domestica,1,1,SKSP-SKBO,A320,20261002 1415Z,1,colombia,COINCIDE
AD5L4e12MkX9e5zr,9465,,,SKBG,SKBO,domestica,1,1,SKBG-SKBO,A319,20261002 1415Z,1,colombia,COINCIDE
DVMQyOepaN7NjM4Y,9466,,,SKBO,SKBG,domestica,1,1,SKBO-SKBG,A319,20261003 0305Z,1,colombia,COINCIDE
qdmpOgoaMGWGPBVx,9488,,,SKBO,SKLT,domestica,1,1,SKBO-SKLT,A20N,20261002 1210Z,1,colombia,COINCIDE
LNzodyxK5rqZMVkl,9489,,,SKLT,SKBO,domestica,1,1,SKLT-SKBO,A20N,20261002 1520Z,1,colombia,COINCIDE
3MEbXx6qlxwJkZao,9491,,,SKBO,SKLT,domestica,1,1,SKBO-SKLT,A320,20261002 2010Z,1,colombia,COINCIDE
A1qdbpNedpZ6BJ7W,9492,,,SKLT,SKBO,domestica,1,1,SKLT-SKBO,A320,20261002 2300Z,1,colombia,COINCIDE
d2PGd1kJv1xjwYO7,9507,,,SKCC,SKRG,domestica,1,1,SKCC-SKRG,A320,20261003 1155Z,1,colombia,COINCIDE
96Ja51VD0j5wwJ0E,9508,NULL,,SKRG,SKCC,domestica,1,1,SKRG-SKCC,A320,20261003 1010Z,1,colombia,COINCIDE
rv7m4OrxgO23npDx,9510,,,SKRG,SKCC,domestica,1,1,SKRG-SKCC,A320,20261002 2135Z,1,colombia,COINCIDE
kvObJeEL5pAlBOrP,9511,NULL,VHR26,SKCC,SKRG,domestica,1,1,SKCC-SKRG,A320,20261002 2330Z,1,colombia,COINCIDE
bgjrMn6dlnam49oP,9520,,,SKBO,SKBQ,domestica,1,1,SKBO-SKBQ,A320,20261002 2210Z,1,colombia,COINCIDE
5BK1oMlmRMdZZ3x0,9521,,,SKBQ,SKBO,domestica,1,1,SKBQ-SKBO,A320,20261002 1325Z,1,colombia,COINCIDE
Rg3onwZX0wMwgJEq,9523,,,SKBQ,SKBO,domestica,1,1,SKBQ-SKBO,A320,20261002 1000Z,1,colombia,COINCIDE
5QBG0X7lyXq1GwyP,9524,,,SKBO,SKBQ,domestica,1,1,SKBO-SKBQ,A320,20261002 1710Z,1,colombia,COINCIDE
zrg2wMYKjR3m8GE6,9525,,,SKBQ,SKBO,domestica,1,1,SKBQ-SKBO,A320,20261002 2330Z,1,colombia,COINCIDE
qDLYyo4wqNAWNLwx,9613,NULL,VHR26,SKSP,SKCL,domestica,1,1,SKSP-SKCL,A320,20261002 1845Z,1,colombia,COINCIDE
QEkEpZxm6nqnbNqY,9614,,,SKCL,SKSP,domestica,1,1,SKCL-SKSP,A320,20261002 1605Z,1,colombia,COINCIDE
arg3B4PkoRv7rO4v,9700,,,SKEJ,SKBO,domestica,1,1,SKEJ-SKBO,A320,20261002 2234Z,1,colombia,COINCIDE
7leGR8Z2Ad8DAP4O,9701,,,SKBO,SKEJ,domestica,1,1,SKBO-SKEJ,A320,20261002 2055Z,1,colombia,COINCIDE
Nm79DKyvQaO6LrE9,9710,NULL,,SKBO,SKBG,domestica,1,1,SKBO-SKBG,A319,20261002 1655Z,1,colombia,COINCIDE
rBjggnBzGrevKjaA,9711,,,SKBG,SKBO,domestica,1,1,SKBG-SKBO,A319,20261002 1835Z,1,colombia,COINCIDE
YZ0EQNx9qNL4g0mo,9774,,,SKBO,SKSP,domestica,1,1,SKBO-SKSP,A320,20261003 1120Z,1,colombia,COINCIDE
6bXMrwD6Mwe0OEJV,9776,,,SKBO,SKSP,domestica,1,1,SKBO-SKSP,A319,20261002 2100Z,1,colombia,COINCIDE
v0YKq2rBl2g9dPeR,9778,,,SKBO,SKSP,domestica,1,1,SKBO-SKSP,A319,20260928 1410Z,1,colombia,COINCIDE
JlolW0lmd0bBOAeR,9820,,,SKCG,SKBG,domestica,1,1,SKCG-SKBG,A320,20261002 1855Z,1,colombia,COINCIDE
yrVjGlOxg7lZ3BzN,9821,,,SKBG,SKCG,domestica,1,1,SKBG-SKCG,A320,20261002 2050Z,1,colombia,COINCIDE
