bloque,numeros_ava_observados,domesticos,internacionales,otros,nuestros_vuelos,nuestros_activos,nuestros_que_ava_usa,nuestros_que_ava_no_usa,nuestros_coinciden_ruta,equipos_ava,rutas_frecuentes
001-099,86,0,84,2,280,45,260,0,44,A320:49 B788:17 A20N:15 A319:2,MPTO-SKBO(4) SKBO-MPTO(4) SKBO-SPJC(4) SPJC-SKBO(4) KMIA-SKBO(3)
100-999,430,5,222,203,301,301,70,228,61,A20N:154 A320:145 B788:18 A319:9,MSLP-KJFK(6) KMIA-SKBO(5) MROC-SKBO(5) KJFK-MSLP(5) SKBO-MROC(5)
1xxx,10,1,6,3,0,0,0,0,0,MD80:3 A320:3 B757:2 A20N:1,KMIA-SKBO(2) SKBQ-KMIA(1) SKCG-KMIA(1) KMIA-SKRG(1) SKBO-KMIA(1)
2xxx,43,19,0,24,4,3,4,0,3,AT43:15 B738:11 B38M:9 AT72:4,SBGR-SBBE(2) SBGL-SBKP(2) SBGL-SBFI(2) SKYP-SKBO(2) SKBO-SKYP(2)
3xxx,2,0,2,0,0,0,0,0,0,B752:1 MD83:1,KFLL-SKBO(1) KMIA-SKRG(1)
4xxx,120,95,12,13,30,30,27,3,27,A320:57 AT72:30 A20N:14 A319:8,SKBO-SKYP(7) SKBO-SKSM(6) SKBO-SKPE(5) SKBG-SKBO(5) SKBO-SKNV(5)
5xxx,35,31,4,0,18,17,9,9,9,A320:28 A20N:3 AT72:2 A319:2,SKCC-SKBO(5) SKBO-SKCC(3) SKBO-SEGU(3) SKBO-SKAR(2) SKBO-SKBG(2)
7xxx,11,0,2,9,0,0,0,0,0,A20N:6 A320:1,SEGU-KJFK(2) KJFK-SEGU(1) SEQM-KJFK(1) SAAR-SABE(1) SABE-SAAR(1)
8xxx,209,148,28,33,275,275,85,190,85,A320:133 A319:26 A20N:14 A330:2,SKBO-SKCL(11) SKBO-SKCG(10) SKBQ-SKBO(8) SKBO-SKBQ(7) SKCL-SKBO(7)
9xxx,258,254,2,2,81,81,64,17,64,A320:153 A319:25 AT72:10 A20N:9,SKBO-SKRG(24) SKRG-SKBO(20) SKBO-SKCL(14) SKCG-SKBO(14) SKCL-SKBO(14)
