id_vuelo,origen,destino,numero_actual,diagnostico,numero_propuesto,par_ida_vuelta,motivo
ZD5NLZXxqKa0bpOR,CYUL,SKCG,301,NO_EXISTE_EN_AVA,,,sin numero directo confirmado de Avianca en este sentido (posible itinerario con escala o ruta no operada por AVA): mantener numero propio y alinear el bloque
abcd17cf-9fb5-4b02-a895-29169ba5f9ab,CYUL,SKCG,910,NO_EXISTE_EN_AVA,,,sin numero directo confirmado de Avianca en este sentido (posible itinerario con escala o ruta no operada por AVA): mantener numero propio y alinear el bloque
PlgewN7Oea2M3A0j,CYYZ,SKBO,302,NO_EXISTE_EN_AVA,205,si,numero de Avianca en servicio en esa misma ruta (2026)
1ZGv5LKdkN0ENO0P,EDDF,SKBO,306,NO_EXISTE_EN_AVA,,,sin numero directo confirmado de Avianca en este sentido (posible itinerario con escala o ruta no operada por AVA): mantener numero propio y alinear el bloque
KJOyNYnGQOl60MDl,EGLL,SKBO,309,NO_EXISTE_EN_AVA,121,si,numero de Avianca en servicio en esa misma ruta (2026)
OvQ143MR4b0PYLK9,KATL,SKBO,327,NO_EXISTE_EN_AVA,,,sin numero directo confirmado de Avianca en este sentido (posible itinerario con escala o ruta no operada por AVA): mantener numero propio y alinear el bloque
826WJVZ5pDLnkgWV,KATL,SKBO,792,NO_EXISTE_EN_AVA,,,sin numero directo confirmado de Avianca en este sentido (posible itinerario con escala o ruta no operada por AVA): mantener numero propio y alinear el bloque
2dd353a7-0659-4b78-9d46-1eaf9b183f56,KATL,SKBO,858,NO_EXISTE_EN_AVA,,,sin numero directo confirmado de Avianca en este sentido (posible itinerario con escala o ruta no operada por AVA): mantener numero propio y alinear el bloque
2fd37ae7-628e-41b2-a6aa-d683521029dc,KATL,SKBO,864,NO_EXISTE_EN_AVA,,,sin numero directo confirmado de Avianca en este sentido (posible itinerario con escala o ruta no operada por AVA): mantener numero propio y alinear el bloque
5m78BjxeXyENYPNp,KATL,SKRG,330,NO_EXISTE_EN_AVA,,,sin numero directo confirmado de Avianca en este sentido (posible itinerario con escala o ruta no operada por AVA): mantener numero propio y alinear el bloque
0f3f9d1e-9abd-4ed1-9068-5fd596fc7745,KATL,SKRG,894,NO_EXISTE_EN_AVA,,,sin numero directo confirmado de Avianca en este sentido (posible itinerario con escala o ruta no operada por AVA): mantener numero propio y alinear el bloque
bbdba497-ee3c-45d3-b1b0-58719e722f83,KBOS,SKCG,320,NO_EXISTE_EN_AVA,,,sin numero directo confirmado de Avianca en este sentido (posible itinerario con escala o ruta no operada por AVA): mantener numero propio y alinear el bloque
jXr16M9pQRvkJ8qg,KBOS,SKCG,332,NO_EXISTE_EN_AVA,,,sin numero directo confirmado de Avianca en este sentido (posible itinerario con escala o ruta no operada por AVA): mantener numero propio y alinear el bloque
vQZbpv3EA0jQ86wL,KDFW,SKBO,113,OTRA_RUTA,,,sin numero directo confirmado de Avianca en este sentido (posible itinerario con escala o ruta no operada por AVA): mantener numero propio y alinear el bloque
o4YB6JO9dVNjwYbJ,KEWR,SKBO,269,OTRA_RUTA,,,sin numero directo confirmado de Avianca en este sentido (posible itinerario con escala o ruta no operada por AVA): mantener numero propio y alinear el bloque
k0wK1DQjZgozaLjn,KEWR,SKBO,270,OTRA_RUTA,,,sin numero directo confirmado de Avianca en este sentido (posible itinerario con escala o ruta no operada por AVA): mantener numero propio y alinear el bloque
xbEzQg1w4GyyApN5,KEWR,SKCG,334,NO_EXISTE_EN_AVA,,,sin numero directo confirmado de Avianca en este sentido (posible itinerario con escala o ruta no operada por AVA): mantener numero propio y alinear el bloque
04eL0xbO7Y3NOepL,KFLL,SKAR,336,NO_EXISTE_EN_AVA,,,sin numero directo confirmado de Avianca en este sentido (posible itinerario con escala o ruta no operada por AVA): mantener numero propio y alinear el bloque
e7f2d554-a0cc-4c0d-abc8-56ad12df81c5,KFLL,SKBO,349,NO_EXISTE_EN_AVA,67,si,numero de Avianca en servicio en esa misma ruta (2026)
149df27e-b060-4006-abec-23aed1df9d0e,KFLL,SKCG,338,NO_EXISTE_EN_AVA,,,sin numero directo confirmado de Avianca en este sentido (posible itinerario con escala o ruta no operada por AVA): mantener numero propio y alinear el bloque
zJEbOr9pNq4vlMNr,KFLL,SKCG,794,NO_EXISTE_EN_AVA,,,sin numero directo confirmado de Avianca en este sentido (posible itinerario con escala o ruta no operada por AVA): mantener numero propio y alinear el bloque
me816g1n75dbL05x,KFLL,SKCL,339,NO_EXISTE_EN_AVA,237,si,numero de Avianca en servicio en esa misma ruta (2026)
07df8c8b-4315-4d00-92a7-62ded30d5d21,KFLL,SKCL,340,NO_EXISTE_EN_AVA,,,sin numero directo confirmado de Avianca en este sentido (posible itinerario con escala o ruta no operada por AVA): mantener numero propio y alinear el bloque
d37d6ae2-82ca-4629-abe7-05dcd136537b,KFLL,SKRG,880,NO_EXISTE_EN_AVA,,,sin numero directo confirmado de Avianca en este sentido (posible itinerario con escala o ruta no operada por AVA): mantener numero propio y alinear el bloque
rBJgMBz48JJ1p6LX,KIAD,SKBO,246,COINCIDE_INVERSO,149,si,numero de Avianca en servicio en esa misma ruta (2026)
zq54N1O4DJB2gY7d,KIAD,SKBO,345,NO_EXISTE_EN_AVA,,,sin numero directo confirmado de Avianca en este sentido (posible itinerario con escala o ruta no operada por AVA): mantener numero propio y alinear el bloque
74b68cbc-d54c-4583-a623-82645b72efb2,KIAD,SKBO,874,NO_EXISTE_EN_AVA,,,sin numero directo confirmado de Avianca en este sentido (posible itinerario con escala o ruta no operada por AVA): mantener numero propio y alinear el bloque
ee4548b4-1af2-4eae-b786-b277cafe0b02,KIAD,SKBO,878,NO_EXISTE_EN_AVA,,,sin numero directo confirmado de Avianca en este sentido (posible itinerario con escala o ruta no operada por AVA): mantener numero propio y alinear el bloque
pew4qGEZp6E3jN1y,KIAH,SKBO,508,NO_EXISTE_EN_AVA,,,sin numero directo confirmado de Avianca en este sentido (posible itinerario con escala o ruta no operada por AVA): mantener numero propio y alinear el bloque
dr9gae6Nr2lplgbO,KIAH,SKRG,782,NO_EXISTE_EN_AVA,,,sin numero directo confirmado de Avianca en este sentido (posible itinerario con escala o ruta no operada por AVA): mantener numero propio y alinear el bloque
59bc59c5-23b4-4326-bcac-588454e22486,KIAH,SKRG,934,NO_EXISTE_EN_AVA,,,sin numero directo confirmado de Avianca en este sentido (posible itinerario con escala o ruta no operada por AVA): mantener numero propio y alinear el bloque
dc32ad0d-7956-44f6-b35d-5378efb68903,KJFK,SKBO,371,NO_EXISTE_EN_AVA,245,si,numero de Avianca en servicio en esa misma ruta (2026)
bb2effaf-460b-4366-9d5d-01bfbfcfd225,KJFK,SKBO,814,NO_EXISTE_EN_AVA,,,sin numero directo confirmado de Avianca en este sentido (posible itinerario con escala o ruta no operada por AVA): mantener numero propio y alinear el bloque
d0BODa0MX8K1dPv1,KJFK,SKCL,61,OTRA_RUTA,,,sin numero directo confirmado de Avianca en este sentido (posible itinerario con escala o ruta no operada por AVA): mantener numero propio y alinear el bloque
6071bf70-089a-4852-93c8-083d5b56dc1e,KJFK,SKRG,826,NO_EXISTE_EN_AVA,43,si,numero de Avianca en servicio en esa misma ruta (2026)
6kReb6M3VeZMgYep,KLAX,SKBO,348,NO_EXISTE_EN_AVA,,,sin numero directo confirmado de Avianca en este sentido (posible itinerario con escala o ruta no operada por AVA): mantener numero propio y alinear el bloque
4f78a1ee-6166-4329-9bd8-6b91bdf0fd80,KLAX,SKBO,381,NO_EXISTE_EN_AVA,,,sin numero directo confirmado de Avianca en este sentido (posible itinerario con escala o ruta no operada por AVA): mantener numero propio y alinear el bloque
3wjMy2D5JxR3vjAD,KMCO,SKBO,388,NO_EXISTE_EN_AVA,119,si,numero de Avianca en servicio en esa misma ruta (2026)
rvKjY4BaodyP4Oam,KMCO,SKCG,352,NO_EXISTE_EN_AVA,,,sin numero directo confirmado de Avianca en este sentido (posible itinerario con escala o ruta no operada por AVA): mantener numero propio y alinear el bloque
53dmpaGw2LrakK8G,KMIA,SKBO,106,OTRA_RUTA,5,si,numero de Avianca en servicio en esa misma ruta (2026)
aVYOOrWBgD9OoYRj,KMIA,SKBO,137,OTRA_RUTA,127,si,numero de Avianca en servicio en esa misma ruta (2026)
AN1L0yLPw3laV1nE,KMIA,SKBO,353,NO_EXISTE_EN_AVA,4911,no,numero de Avianca en servicio en esa misma ruta (2026)
aOBn4pZjvk6XRn1G,KMIA,SKBO,354,NO_EXISTE_EN_AVA,,,sin numero directo confirmado de Avianca en este sentido (posible itinerario con escala o ruta no operada por AVA): mantener numero propio y alinear el bloque
287f124e-4b8c-44b8-99cb-18bbf323e3ce,KMIA,SKBO,391,NO_EXISTE_EN_AVA,,,sin numero directo confirmado de Avianca en este sentido (posible itinerario con escala o ruta no operada por AVA): mantener numero propio y alinear el bloque
e5a916fe-84fa-4fb0-8ee0-a93502fc6121,KMIA,SKBO,395,NO_EXISTE_EN_AVA,,,sin numero directo confirmado de Avianca en este sentido (posible itinerario con escala o ruta no operada por AVA): mantener numero propio y alinear el bloque
10d1c8c9-4a62-44ea-9d5b-06a79dde38c8,KMIA,SKBO,406,NO_EXISTE_EN_AVA,,,sin numero directo confirmado de Avianca en este sentido (posible itinerario con escala o ruta no operada por AVA): mantener numero propio y alinear el bloque
Rp0vgaOP6r2JBw1Q,KMIA,SKBO,427,NO_EXISTE_EN_AVA,,,sin numero directo confirmado de Avianca en este sentido (posible itinerario con escala o ruta no operada por AVA): mantener numero propio y alinear el bloque
986c420e-0ca5-4f19-9431-a359d73656e7,KMIA,SKBO,804,NO_EXISTE_EN_AVA,,,sin numero directo confirmado de Avianca en este sentido (posible itinerario con escala o ruta no operada por AVA): mantener numero propio y alinear el bloque
ef3eac6d-b3aa-450c-81f7-7ef77cd10c92,KMIA,SKBQ,447,NO_EXISTE_EN_AVA,,,sin numero directo confirmado de Avianca en este sentido (posible itinerario con escala o ruta no operada por AVA): mantener numero propio y alinear el bloque
jk89DKnwXNLODzBl,KMIA,SKCG,358,NO_EXISTE_EN_AVA,,,sin numero directo confirmado de Avianca en este sentido (posible itinerario con escala o ruta no operada por AVA): mantener numero propio y alinear el bloque
E9eBv6OVRxV93ejd,KMIA,SKCL,360,NO_EXISTE_EN_AVA,,,sin numero directo confirmado de Avianca en este sentido (posible itinerario con escala o ruta no operada por AVA): mantener numero propio y alinear el bloque
ebd138c9-5a08-4daa-bce3-385ee76c119c,KMIA,SKCL,888,NO_EXISTE_EN_AVA,,,sin numero directo confirmado de Avianca en este sentido (posible itinerario con escala o ruta no operada por AVA): mantener numero propio y alinear el bloque
g8KPDVb2d98GwKGd,KMIA,SKPE,362,NO_EXISTE_EN_AVA,,,sin numero directo confirmado de Avianca en este sentido (posible itinerario con escala o ruta no operada por AVA): mantener numero propio y alinear el bloque
JeLljRpE89yjj7Wa,KMIA,SKRG,364,NO_EXISTE_EN_AVA,31,si,numero de Avianca en servicio en esa misma ruta (2026)
OpEGrY2dqQYQyJoD,KMIA,SKRG,474,NO_EXISTE_EN_AVA,33,si,numero de Avianca en servicio en esa misma ruta (2026)
2fafba1f-c9b7-45fa-9eee-1518c34eb3f0,KMIA,SKRG,484,NO_EXISTE_EN_AVA,,,sin numero directo confirmado de Avianca en este sentido (posible itinerario con escala o ruta no operada por AVA): mantener numero propio y alinear el bloque
NVPEy7YgNXrJbPBq,KMIA,SKRG,812,NO_EXISTE_EN_AVA,,,sin numero directo confirmado de Avianca en este sentido (posible itinerario con escala o ruta no operada por AVA): mantener numero propio y alinear el bloque
f422171c-ffdc-41d4-bf9f-b9ccc44244e3,KMIA,SKRG,818,NO_EXISTE_EN_AVA,,,sin numero directo confirmado de Avianca en este sentido (posible itinerario con escala o ruta no operada por AVA): mantener numero propio y alinear el bloque
xr75P4XkvlQNl0oN,KMIA,SKSP,489,NO_EXISTE_EN_AVA,,,sin numero directo confirmado de Avianca en este sentido (posible itinerario con escala o ruta no operada por AVA): mantener numero propio y alinear el bloque
bfa6f07e-ff3d-48f9-9bd6-93207e22aad5,KORD,SKBO,842,NO_EXISTE_EN_AVA,,,sin numero directo confirmado de Avianca en este sentido (posible itinerario con escala o ruta no operada por AVA): mantener numero propio y alinear el bloque
BrmXbM5AdyW9dNJk,LEMD,SKRG,502,NO_EXISTE_EN_AVA,,,sin numero directo confirmado de Avianca en este sentido (posible itinerario con escala o ruta no operada por AVA): mantener numero propio y alinear el bloque
vVB17Llb9PKPqRGr,LPAZ,SKBO,503,NO_EXISTE_EN_AVA,,,sin numero directo confirmado de Avianca en este sentido (posible itinerario con escala o ruta no operada por AVA): mantener numero propio y alinear el bloque
kNoPE9gyJ9l67Lda,LPAZ,SKBO,786,NO_EXISTE_EN_AVA,,,sin numero directo confirmado de Avianca en este sentido (posible itinerario con escala o ruta no operada por AVA): mantener numero propio y alinear el bloque
4zNnApoxR3gqbkWM,MDPC,SKBO,504,NO_EXISTE_EN_AVA,,,sin numero directo confirmado de Avianca en este sentido (posible itinerario con escala o ruta no operada por AVA): mantener numero propio y alinear el bloque
vMyOpkZN58kz7wXD,MDPC,SKRG,376,NO_EXISTE_EN_AVA,221,si,numero de Avianca en servicio en esa misma ruta (2026)
X4YVvpJ0jDLjAYog,MDSD,SKCG,505,NO_EXISTE_EN_AVA,,,sin numero directo confirmado de Avianca en este sentido (posible itinerario con escala o ruta no operada por AVA): mantener numero propio y alinear el bloque
021033a0-d3ed-49c1-9d3f-2894c42d61fa,MDSD,SKCG,832,NO_EXISTE_EN_AVA,,,sin numero directo confirmado de Avianca en este sentido (posible itinerario con escala o ruta no operada por AVA): mantener numero propio y alinear el bloque
yz0o45ER36N4kaOA,MDSD,SKCL,378,NO_EXISTE_EN_AVA,,,sin numero directo confirmado de Avianca en este sentido (posible itinerario con escala o ruta no operada por AVA): mantener numero propio y alinear el bloque
mOpG2B1RexBaXzED,MDSD,SKRG,380,NO_EXISTE_EN_AVA,,,sin numero directo confirmado de Avianca en este sentido (posible itinerario con escala o ruta no operada por AVA): mantener numero propio y alinear el bloque
VAw0GLne5kkW5zxg,MHTG,SKBO,387,NO_EXISTE_EN_AVA,,,sin numero directo confirmado de Avianca en este sentido (posible itinerario con escala o ruta no operada por AVA): mantener numero propio y alinear el bloque
ePXOLRWdmPy0z8Qj,MMGL,SKBO,556,NO_EXISTE_EN_AVA,,,sin numero directo confirmado de Avianca en este sentido (posible itinerario con escala o ruta no operada por AVA): mantener numero propio y alinear el bloque
8cabcce5-6724-4c39-a05d-1bdb173eb870,MMMX,SKRG,822,NO_EXISTE_EN_AVA,,,sin numero directo confirmado de Avianca en este sentido (posible itinerario con escala o ruta no operada por AVA): mantener numero propio y alinear el bloque
WEeVaWOdbo1xmGky,MMUN,SKBO,402,NO_EXISTE_EN_AVA,257,si,numero de Avianca en servicio en esa misma ruta (2026)
89lE2GjPrMyNNgeo,MMUN,SKBO,796,NO_EXISTE_EN_AVA,265,si,numero de Avianca en servicio en esa misma ruta (2026)
48d287be-bc63-43f8-96bf-497e1bfa99a3,MMUN,SKBO,926,NO_EXISTE_EN_AVA,,,sin numero directo confirmado de Avianca en este sentido (posible itinerario con escala o ruta no operada por AVA): mantener numero propio y alinear el bloque
2bYR9bENabyw1mkZ,MMUN,SKCL,509,NO_EXISTE_EN_AVA,,,sin numero directo confirmado de Avianca en este sentido (posible itinerario con escala o ruta no operada por AVA): mantener numero propio y alinear el bloque
899664f6-9c7f-407b-8fc0-0451c812e7fc,MMUN,SKCL,936,NO_EXISTE_EN_AVA,,,sin numero directo confirmado de Avianca en este sentido (posible itinerario con escala o ruta no operada por AVA): mantener numero propio y alinear el bloque
549ElAd0KNkWJznj,MMUN,SKRG,405,NO_EXISTE_EN_AVA,,,sin numero directo confirmado de Avianca en este sentido (posible itinerario con escala o ruta no operada por AVA): mantener numero propio y alinear el bloque
b479a1d9-c3d8-443d-b75e-6382a010ea4e,MMUN,SKRG,890,NO_EXISTE_EN_AVA,,,sin numero directo confirmado de Avianca en este sentido (posible itinerario con escala o ruta no operada por AVA): mantener numero propio y alinear el bloque
bwVdnQva8gEg0ZrL,MPPA,SKRG,410,NO_EXISTE_EN_AVA,,,sin numero directo confirmado de Avianca en este sentido (posible itinerario con escala o ruta no operada por AVA): mantener numero propio y alinear el bloque
51KA96PewDmjWKGr,MPTO,SKBO,412,NO_EXISTE_EN_AVA,41,si,numero de Avianca en servicio en esa misma ruta (2026)
gqNWmA3kX89j4OYD,MPTO,SKBO,515,NO_EXISTE_EN_AVA,,,sin numero directo confirmado de Avianca en este sentido (posible itinerario con escala o ruta no operada por AVA): mantener numero propio y alinear el bloque
605333d1-8705-4a6e-bcf1-fbd4ca30c74d,MPTO,SKBO,516,NO_EXISTE_EN_AVA,,,sin numero directo confirmado de Avianca en este sentido (posible itinerario con escala o ruta no operada por AVA): mantener numero propio y alinear el bloque
qWM3Dxqw4ZPlXA9R,MPTO,SKCC,517,NO_EXISTE_EN_AVA,,,sin numero directo confirmado de Avianca en este sentido (posible itinerario con escala o ruta no operada por AVA): mantener numero propio y alinear el bloque
10lr35OVMjq8265A,MPTO,SKCG,417,NO_EXISTE_EN_AVA,,,sin numero directo confirmado de Avianca en este sentido (posible itinerario con escala o ruta no operada por AVA): mantener numero propio y alinear el bloque
2611e962-2045-4495-9d50-2b9f761bd891,MPTO,SKCG,518,NO_EXISTE_EN_AVA,,,sin numero directo confirmado de Avianca en este sentido (posible itinerario con escala o ruta no operada por AVA): mantener numero propio y alinear el bloque
yQ6d0d4x7Rv1D6R1,MPTO,SKCL,308,NO_EXISTE_EN_AVA,,,sin numero directo confirmado de Avianca en este sentido (posible itinerario con escala o ruta no operada por AVA): mantener numero propio y alinear el bloque
9c20084b-700e-4611-b313-7298471f3b97,MPTO,SKCL,896,NO_EXISTE_EN_AVA,,,sin numero directo confirmado de Avianca en este sentido (posible itinerario con escala o ruta no operada por AVA): mantener numero propio y alinear el bloque
W2eZJP59EkjWPelx,MPTO,SKPE,420,NO_EXISTE_EN_AVA,,,sin numero directo confirmado de Avianca en este sentido (posible itinerario con escala o ruta no operada por AVA): mantener numero propio y alinear el bloque
oz6knMxbwq1DmOge,MPTO,SKRG,437,NO_EXISTE_EN_AVA,,,sin numero directo confirmado de Avianca en este sentido (posible itinerario con escala o ruta no operada por AVA): mantener numero propio y alinear el bloque
69a9b4cb-54ed-4c3a-98c6-51dfa96679ef,MPTO,SKRG,854,NO_EXISTE_EN_AVA,,,sin numero directo confirmado de Avianca en este sentido (posible itinerario con escala o ruta no operada por AVA): mantener numero propio y alinear el bloque
JY0AyEnO0NGYzAvK,MPTO,SKSM,784,NO_EXISTE_EN_AVA,,,sin numero directo confirmado de Avianca en este sentido (posible itinerario con escala o ruta no operada por AVA): mantener numero propio y alinear el bloque
q09WYz02jkKmrljV,MPTO,SKSP,439,NO_EXISTE_EN_AVA,,,sin numero directo confirmado de Avianca en este sentido (posible itinerario con escala o ruta no operada por AVA): mantener numero propio y alinear el bloque
pzjQPY2856ngAkrY,MUHA,SKBQ,460,NO_EXISTE_EN_AVA,,,sin numero directo confirmado de Avianca en este sentido (posible itinerario con escala o ruta no operada por AVA): mantener numero propio y alinear el bloque
2769354d-75d2-433e-b5e0-69e676c4edf5,MUHA,SKBQ,519,NO_EXISTE_EN_AVA,,,sin numero directo confirmado de Avianca en este sentido (posible itinerario con escala o ruta no operada por AVA): mantener numero propio y alinear el bloque
gv68dVpO0yDNd6XK,MUHA,SKRG,462,NO_EXISTE_EN_AVA,,,sin numero directo confirmado de Avianca en este sentido (posible itinerario con escala o ruta no operada por AVA): mantener numero propio y alinear el bloque
lag60DavAwBZlkBN,MWCR,SKBO,465,NO_EXISTE_EN_AVA,,,sin numero directo confirmado de Avianca en este sentido (posible itinerario con escala o ruta no operada por AVA): mantener numero propio y alinear el bloque
ad9f78af-eb11-43d1-8312-75f7fc2a0cf2,SBGL,SKBO,886,NO_EXISTE_EN_AVA,260,si,numero de Avianca en servicio en esa misma ruta (2026)
BOeJazjok5kJvwv9,SBGR,SKRG,467,NO_EXISTE_EN_AVA,,,sin numero directo confirmado de Avianca en este sentido (posible itinerario con escala o ruta no operada por AVA): mantener numero propio y alinear el bloque
2ac7827d-98d6-4b60-a3c6-9fc8d1a06fa4,SBGR,SKRG,538,NO_EXISTE_EN_AVA,,,sin numero directo confirmado de Avianca en este sentido (posible itinerario con escala o ruta no operada por AVA): mantener numero propio y alinear el bloque
3fd61d35-7c61-4d41-9bd7-47a9927acefc,SCEL,SKBO,844,NO_EXISTE_EN_AVA,240,si,numero de Avianca en servicio en esa misma ruta (2026)
d7fc9693-d8d8-4d57-bffd-89986526fd00,SCEL,SKBO,846,NO_EXISTE_EN_AVA,,,sin numero directo confirmado de Avianca en este sentido (posible itinerario con escala o ruta no operada por AVA): mantener numero propio y alinear el bloque
24fbacf9-2fe1-4cee-875a-752d6d6213d8,SCEL,SKCG,539,NO_EXISTE_EN_AVA,,,sin numero directo confirmado de Avianca en este sentido (posible itinerario con escala o ruta no operada por AVA): mantener numero propio y alinear el bloque
Y8qM4NQEz8Kjy1dz,SCEL,SKCL,470,NO_EXISTE_EN_AVA,,,sin numero directo confirmado de Avianca en este sentido (posible itinerario con escala o ruta no operada por AVA): mantener numero propio y alinear el bloque
e3ba75d8-9fea-4f6f-b0c7-d704f2c69504,SCEL,SKCL,471,NO_EXISTE_EN_AVA,,,sin numero directo confirmado de Avianca en este sentido (posible itinerario con escala o ruta no operada por AVA): mantener numero propio y alinear el bloque
81gjZqKW6lvJQ0MR,SCEL,SKRG,473,NO_EXISTE_EN_AVA,,,sin numero directo confirmado de Avianca en este sentido (posible itinerario con escala o ruta no operada por AVA): mantener numero propio y alinear el bloque
92212286-3cb7-40c5-88a2-69e2d211a1cb,SCEL,SKRG,540,NO_EXISTE_EN_AVA,,,sin numero directo confirmado de Avianca en este sentido (posible itinerario con escala o ruta no operada por AVA): mantener numero propio y alinear el bloque
w8pdrwXAndL8Qo3K,SECU,SKCL,477,NO_EXISTE_EN_AVA,,,sin numero directo confirmado de Avianca en este sentido (posible itinerario con escala o ruta no operada por AVA): mantener numero propio y alinear el bloque
KBVeGEm470ZLLgxN,SKAR,KFLL,335,NO_EXISTE_EN_AVA,,,sin numero directo confirmado de Avianca en este sentido (posible itinerario con escala o ruta no operada por AVA): mantener numero propio y alinear el bloque
24jExXG8MXlrEbKk,SKAR,SKMD,8022,NO_EXISTE_EN_AVA,,,sin numero directo confirmado de Avianca en este sentido (posible itinerario con escala o ruta no operada por AVA): mantener numero propio y alinear el bloque
lWenQKlMo6q4bynv,SKAR,SKVV,8133,NO_EXISTE_EN_AVA,,,sin numero directo confirmado de Avianca en este sentido (posible itinerario con escala o ruta no operada por AVA): mantener numero propio y alinear el bloque
2K7ly1EW51ALbkwR,SKAS,SKCL,8039,NO_EXISTE_EN_AVA,,,sin numero directo confirmado de Avianca en este sentido (posible itinerario con escala o ruta no operada por AVA): mantener numero propio y alinear el bloque
adL67W5GaW9lzMEN,SKBG,SKCC,9059,NO_EXISTE_EN_AVA,,,sin numero directo confirmado de Avianca en este sentido (posible itinerario con escala o ruta no operada por AVA): mantener numero propio y alinear el bloque
VBg7A9RLl96ZRznD,SKBG,SKMD,8004,NO_EXISTE_EN_AVA,,,sin numero directo confirmado de Avianca en este sentido (posible itinerario con escala o ruta no operada por AVA): mantener numero propio y alinear el bloque
K2xPGW3amVD2kPjp,SKBG,SKSM,9011,NO_EXISTE_EN_AVA,,,sin numero directo confirmado de Avianca en este sentido (posible itinerario con escala o ruta no operada por AVA): mantener numero propio y alinear el bloque
9EVJjnE95nYqXVmo,SKBG,SKSO,8124,NO_EXISTE_EN_AVA,,,sin numero directo confirmado de Avianca en este sentido (posible itinerario con escala o ruta no operada por AVA): mantener numero propio y alinear el bloque
jDqArABXpAPMm3mG,SKBG,SKVV,8126,NO_EXISTE_EN_AVA,,,sin numero directo confirmado de Avianca en este sentido (posible itinerario con escala o ruta no operada por AVA): mantener numero propio y alinear el bloque
0bG8eEoLW68OaYM6,SKBG,SKVV,8137,NO_EXISTE_EN_AVA,,,sin numero directo confirmado de Avianca en este sentido (posible itinerario con escala o ruta no operada por AVA): mantener numero propio y alinear el bloque
DzBN3bNX8RNmjoVg,SKBO,EDDF,305,NO_EXISTE_EN_AVA,,,sin numero directo confirmado de Avianca en este sentido (posible itinerario con escala o ruta no operada por AVA): mantener numero propio y alinear el bloque
ZaLB5OVKNeD2zJxK,SKBO,EGLL,921,NO_EXISTE_EN_AVA,120,si,numero de Avianca en servicio en esa misma ruta (2026)
8l78V3DNaqxZ9eRB,SKBO,KATL,326,NO_EXISTE_EN_AVA,,,sin numero directo confirmado de Avianca en este sentido (posible itinerario con escala o ruta no operada por AVA): mantener numero propio y alinear el bloque
7741df80-f3aa-4ff7-a40a-7c1da146a026,SKBO,KATL,541,NO_EXISTE_EN_AVA,,,sin numero directo confirmado de Avianca en este sentido (posible itinerario con escala o ruta no operada por AVA): mantener numero propio y alinear el bloque
JxZyLNBb2deJPlvA,SKBO,KATL,791,NO_EXISTE_EN_AVA,,,sin numero directo confirmado de Avianca en este sentido (posible itinerario con escala o ruta no operada por AVA): mantener numero propio y alinear el bloque
5af12e9b-04e9-45b5-9493-588fdddd1038,SKBO,KATL,863,NO_EXISTE_EN_AVA,,,sin numero directo confirmado de Avianca en este sentido (posible itinerario con escala o ruta no operada por AVA): mantener numero propio y alinear el bloque
kxlzvQE0BpjRWlM7,SKBO,KBOS,543,NO_EXISTE_EN_AVA,222,no,numero de Avianca en servicio en esa misma ruta (2026)
ef22c5a3-5059-4194-9c66-f87d47725dc1,SKBO,KBOS,855,NO_EXISTE_EN_AVA,,,sin numero directo confirmado de Avianca en este sentido (posible itinerario con escala o ruta no operada por AVA): mantener numero propio y alinear el bloque
aYP4eKG9dWL4l74L,SKBO,KEWR,139,OTRA_RUTA,,,sin numero directo confirmado de Avianca en este sentido (posible itinerario con escala o ruta no operada por AVA): mantener numero propio y alinear el bloque
df70aff9-62f9-4f88-8999-53442c34bff8,SKBO,KFLL,823,NO_EXISTE_EN_AVA,36,si,numero de Avianca en servicio en esa misma ruta (2026)
r16q9z13MmE9k6ZB,SKBO,KIAD,346,NO_EXISTE_EN_AVA,,,sin numero directo confirmado de Avianca en este sentido (posible itinerario con escala o ruta no operada por AVA): mantener numero propio y alinear el bloque
76ec1af1-bc2c-427a-bac1-718c4dcbce7f,SKBO,KIAD,873,NO_EXISTE_EN_AVA,,,sin numero directo confirmado de Avianca en este sentido (posible itinerario con escala o ruta no operada por AVA): mantener numero propio y alinear el bloque
b4472cb9-cd39-4ba0-9855-14b7863ac4c0,SKBO,KIAD,877,NO_EXISTE_EN_AVA,,,sin numero directo confirmado de Avianca en este sentido (posible itinerario con escala o ruta no operada por AVA): mantener numero propio y alinear el bloque
6xXoQjaM79a9Lqm9,SKBO,KIAH,507,NO_EXISTE_EN_AVA,,,sin numero directo confirmado de Avianca en este sentido (posible itinerario con escala o ruta no operada por AVA): mantener numero propio y alinear el bloque
ee27c53a-fe67-49e7-a344-cdd1231af1a8,SKBO,KJFK,813,NO_EXISTE_EN_AVA,,,sin numero directo confirmado de Avianca en este sentido (posible itinerario con escala o ruta no operada por AVA): mantener numero propio y alinear el bloque
20RD0mkXq4ZOrR1O,SKBO,KLAX,347,NO_EXISTE_EN_AVA,,,sin numero directo confirmado de Avianca en este sentido (posible itinerario con escala o ruta no operada por AVA): mantener numero propio y alinear el bloque
aabdd4b4-40a3-4ef6-bd8c-c5ec682b6751,SKBO,KLAX,544,NO_EXISTE_EN_AVA,,,sin numero directo confirmado de Avianca en este sentido (posible itinerario con escala o ruta no operada por AVA): mantener numero propio y alinear el bloque
NrlEwPjq961kgX7V,SKBO,KMIA,545,NO_EXISTE_EN_AVA,6,si,numero de Avianca en servicio en esa misma ruta (2026)
eae0c081-fa69-4db7-8b1f-d1b96de0e9c3,SKBO,KMIA,546,NO_EXISTE_EN_AVA,8,si,numero de Avianca en servicio en esa misma ruta (2026)
3a0c8e6a-a58c-4f89-a008-e0b86b5d7d91,SKBO,KMIA,547,NO_EXISTE_EN_AVA,,,sin numero directo confirmado de Avianca en este sentido (posible itinerario con escala o ruta no operada por AVA): mantener numero propio y alinear el bloque
06066365-bbb4-46ff-9e0c-4b71c61a94e6,SKBO,KMIA,548,NO_EXISTE_EN_AVA,,,sin numero directo confirmado de Avianca en este sentido (posible itinerario con escala o ruta no operada por AVA): mantener numero propio y alinear el bloque
E1L1YzOPpx6PkL7j,SKBO,KMIA,549,NO_EXISTE_EN_AVA,,,sin numero directo confirmado de Avianca en este sentido (posible itinerario con escala o ruta no operada por AVA): mantener numero propio y alinear el bloque
9f58f26a-b9f5-4aab-9d08-c2d1f1b81851,SKBO,KMIA,805,NO_EXISTE_EN_AVA,,,sin numero directo confirmado de Avianca en este sentido (posible itinerario con escala o ruta no operada por AVA): mantener numero propio y alinear el bloque
d0066bbc-cd52-42de-b90c-d54ce98abe7f,SKBO,KORD,550,NO_EXISTE_EN_AVA,,,sin numero directo confirmado de Avianca en este sentido (posible itinerario con escala o ruta no operada por AVA): mantener numero propio y alinear el bloque
37MNvmqgOlVzVMvA,SKBO,MDPC,373,NO_EXISTE_EN_AVA,136,si,numero de Avianca en servicio en esa misma ruta (2026)
J4a0kvYZ6wWJWmyA,SKBO,MDPC,374,NO_EXISTE_EN_AVA,252,si,numero de Avianca en servicio en esa misma ruta (2026)
nqRr351qJ66vZmWd,SKBO,MHTG,386,NO_EXISTE_EN_AVA,,,sin numero directo confirmado de Avianca en este sentido (posible itinerario con escala o ruta no operada por AVA): mantener numero propio y alinear el bloque
8E3Vv8jLDljA83m6,SKBO,MMGL,551,NO_EXISTE_EN_AVA,,,sin numero directo confirmado de Avianca en este sentido (posible itinerario con escala o ruta no operada por AVA): mantener numero propio y alinear el bloque
9wnmpAmQyYB8KRjz,SKBO,MMMX,797,NO_EXISTE_EN_AVA,186,si,numero de Avianca en servicio en esa misma ruta (2026)
10322312-259a-4891-ab46-d905f5f6214a,SKBO,MMUN,403,NO_EXISTE_EN_AVA,256,si,numero de Avianca en servicio en esa misma ruta (2026)
WpzqM7Yg41oWKzeP,SKBO,MMUN,795,NO_EXISTE_EN_AVA,,,sin numero directo confirmado de Avianca en este sentido (posible itinerario con escala o ruta no operada por AVA): mantener numero propio y alinear el bloque
dG1Jmw50l7r46yxM,SKBO,MPTO,413,NO_EXISTE_EN_AVA,56,si,numero de Avianca en servicio en esa misma ruta (2026)
1ee50904-8de4-4f92-a1c3-82fe57655d73,SKBO,MPTO,829,NO_EXISTE_EN_AVA,58,si,numero de Avianca en servicio en esa misma ruta (2026)
xvQrd43JKzzDdr3O,SKBO,MWCR,464,NO_EXISTE_EN_AVA,,,sin numero directo confirmado de Avianca en este sentido (posible itinerario con escala o ruta no operada por AVA): mantener numero propio y alinear el bloque
7e62baa4-298c-4ba8-abbd-59255704e119,SKBO,SCEL,845,NO_EXISTE_EN_AVA,,,sin numero directo confirmado de Avianca en este sentido (posible itinerario con escala o ruta no operada por AVA): mantener numero propio y alinear el bloque
DV8ZrAQR4Pggo81W,SKBO,SKCZ,8040,NO_EXISTE_EN_AVA,,,sin numero directo confirmado de Avianca en este sentido (posible itinerario con escala o ruta no operada por AVA): mantener numero propio y alinear el bloque
GOVwgQxR2kqELVo2,SKBO,SKEJ,8041,NO_EXISTE_EN_AVA,4829,si,numero de Avianca en servicio en esa misma ruta (2026)
qdNLd5y2x8WEbNJr,SKBO,SKFL,8043,NO_EXISTE_EN_AVA,,,sin numero directo confirmado de Avianca en este sentido (posible itinerario con escala o ruta no operada por AVA): mantener numero propio y alinear el bloque
3RoMDv9VXvmME7zk,SKBO,SKMD,8044,NO_EXISTE_EN_AVA,,,sin numero directo confirmado de Avianca en este sentido (posible itinerario con escala o ruta no operada por AVA): mantener numero propio y alinear el bloque
aA1J7WOx9AgEmJZk,SKBO,SKNV,8045,NO_EXISTE_EN_AVA,4835,si,numero de Avianca en servicio en esa misma ruta (2026)
z2mvA0OKG48xewD8,SKBO,SKPC,8046,NO_EXISTE_EN_AVA,,,sin numero directo confirmado de Avianca en este sentido (posible itinerario con escala o ruta no operada por AVA): mantener numero propio y alinear el bloque
pwGvkOY1VvB657bD,SKBO,SKPC,8047,NO_EXISTE_EN_AVA,,,sin numero directo confirmado de Avianca en este sentido (posible itinerario con escala o ruta no operada por AVA): mantener numero propio y alinear el bloque
VgAKVld2o6OzJR1M,SKBO,SKPP,8048,NO_EXISTE_EN_AVA,4891,si,numero de Avianca en servicio en esa misma ruta (2026)
e5Q1526God862QOa,SKBO,SKPS,8049,NO_EXISTE_EN_AVA,,,sin numero directo confirmado de Avianca en este sentido (posible itinerario con escala o ruta no operada por AVA): mantener numero propio y alinear el bloque
oXbrpwoxywEjzNjQ,SKBO,SKSG,8050,NO_EXISTE_EN_AVA,,,sin numero directo confirmado de Avianca en este sentido (posible itinerario con escala o ruta no operada por AVA): mantener numero propio y alinear el bloque
NL8nn25YK2XGK8Q5,SKBO,SKSO,8051,NO_EXISTE_EN_AVA,,,sin numero directo confirmado de Avianca en este sentido (posible itinerario con escala o ruta no operada por AVA): mantener numero propio y alinear el bloque
WpZ4WDmPMDggYGY5,SKBO,SKVV,8052,NO_EXISTE_EN_AVA,4880,si,numero de Avianca en servicio en esa misma ruta (2026)
gZ1jJEnGPEvel1M4,SKBO,SKYP,8053,NO_EXISTE_EN_AVA,4857,si,numero de Avianca en servicio en esa misma ruta (2026)
qLW91n7RgaBVkWRe,SKBO,SKYP,8054,NO_EXISTE_EN_AVA,4879,si,numero de Avianca en servicio en esa misma ruta (2026)
025db26a-6983-4697-baa7-d45e7e6fed81,SKBO,SLLP,881,NO_EXISTE_EN_AVA,,,sin numero directo confirmado de Avianca en este sentido (posible itinerario con escala o ruta no operada por AVA): mantener numero propio y alinear el bloque
c9cfb006-5744-4c08-99f6-cf4bb74d1b6a,SKBO,SUMU,847,NO_EXISTE_EN_AVA,,,sin numero directo confirmado de Avianca en este sentido (posible itinerario con escala o ruta no operada por AVA): mantener numero propio y alinear el bloque
2Mg0vwjepZwDDA5w,SKBO,SVMI,552,NO_EXISTE_EN_AVA,122,si,numero de Avianca en servicio en esa misma ruta (2026)
ryRgykP6LkkbNAZg,SKBO,TNCA,478,NO_EXISTE_EN_AVA,242,si,numero de Avianca en servicio en esa misma ruta (2026)
178afe40-1147-400e-8a84-c63086a9e9da,SKBO,TNCC,833,NO_EXISTE_EN_AVA,78,si,numero de Avianca en servicio en esa misma ruta (2026)
D4mDkV4yeNJeWA9o,SKBQ,KMIA,355,NO_EXISTE_EN_AVA,,,sin numero directo confirmado de Avianca en este sentido (posible itinerario con escala o ruta no operada por AVA): mantener numero propio y alinear el bloque
567170b4-17f8-4335-a2fa-d57cc8636e5a,SKBQ,KMIA,356,NO_EXISTE_EN_AVA,,,sin numero directo confirmado de Avianca en este sentido (posible itinerario con escala o ruta no operada por AVA): mantener numero propio y alinear el bloque
xKgn5A7E23LpwVBv,SKBQ,MUHA,459,NO_EXISTE_EN_AVA,,,sin numero directo confirmado de Avianca en este sentido (posible itinerario con escala o ruta no operada por AVA): mantener numero propio y alinear el bloque
5a1a3b99-b0d1-4f5a-b602-56b64d9aa091,SKBQ,MUHA,891,NO_EXISTE_EN_AVA,,,sin numero directo confirmado de Avianca en este sentido (posible itinerario con escala o ruta no operada por AVA): mantener numero propio y alinear el bloque
26347657-f2f7-4ac5-b6ea-dc4e332ceda6,SKBQ,SKCL,8055,NO_EXISTE_EN_AVA,,,sin numero directo confirmado de Avianca en este sentido (posible itinerario con escala o ruta no operada por AVA): mantener numero propio y alinear el bloque
KgJyzGvx3GvKV1Xv,SKBQ,SKCL,8056,NO_EXISTE_EN_AVA,,,sin numero directo confirmado de Avianca en este sentido (posible itinerario con escala o ruta no operada por AVA): mantener numero propio y alinear el bloque
EJR4W3M4e36E01pQ,SKBQ,SKSP,9009,NO_EXISTE_EN_AVA,,,sin numero directo confirmado de Avianca en este sentido (posible itinerario con escala o ruta no operada por AVA): mantener numero propio y alinear el bloque
1mGWePLvw76jmVjE,SKBQ,SKVV,8139,NO_EXISTE_EN_AVA,,,sin numero directo confirmado de Avianca en este sentido (posible itinerario con escala o ruta no operada por AVA): mantener numero propio y alinear el bloque
xYem66Qp5J6Y5mVl,SKBS,SKMD,8028,NO_EXISTE_EN_AVA,,,sin numero directo confirmado de Avianca en este sentido (posible itinerario con escala o ruta no operada por AVA): mantener numero propio y alinear el bloque
dQnD59JmPd798EJb,SKBU,SKVV,8128,NO_EXISTE_EN_AVA,,,sin numero directo confirmado de Avianca en este sentido (posible itinerario con escala o ruta no operada por AVA): mantener numero propio y alinear el bloque
o86VNP2QaK2M960x,SKCC,MPTO,491,NO_EXISTE_EN_AVA,,,sin numero directo confirmado de Avianca en este sentido (posible itinerario con escala o ruta no operada por AVA): mantener numero propio y alinear el bloque
m0Gy1572O5vR6GRJ,SKCC,SKBG,9060,NO_EXISTE_EN_AVA,,,sin numero directo confirmado de Avianca en este sentido (posible itinerario con escala o ruta no operada por AVA): mantener numero propio y alinear el bloque
2KE2WKj6OKxWeYnk,SKCC,SKCG,5556,NO_EXISTE_EN_AVA,,,sin numero directo confirmado de Avianca en este sentido (posible itinerario con escala o ruta no operada por AVA): mantener numero propio y alinear el bloque
ypVzEKWnMKWGMdJa,SKCC,SKCL,8057,NO_EXISTE_EN_AVA,,,sin numero directo confirmado de Avianca en este sentido (posible itinerario con escala o ruta no operada por AVA): mantener numero propio y alinear el bloque
n67zraWJdaQ2a73z,SKCC,SKMD,8038,NO_EXISTE_EN_AVA,,,sin numero directo confirmado de Avianca en este sentido (posible itinerario con escala o ruta no operada por AVA): mantener numero propio y alinear el bloque
RprNl8ZGJVjpGNqz,SKCC,SKSO,9005,NO_EXISTE_EN_AVA,,,sin numero directo confirmado de Avianca en este sentido (posible itinerario con escala o ruta no operada por AVA): mantener numero propio y alinear el bloque
zXoEzagneaqyjNGL,SKCC,SKUC,9147,NO_EXISTE_EN_AVA,,,sin numero directo confirmado de Avianca en este sentido (posible itinerario con escala o ruta no operada por AVA): mantener numero propio y alinear el bloque
E8OYdnOqK8mEv5ev,SKCC,SKVV,8142,NO_EXISTE_EN_AVA,,,sin numero directo confirmado de Avianca en este sentido (posible itinerario con escala o ruta no operada por AVA): mantener numero propio y alinear el bloque
W36bbKE5ja8Wo6Ro,SKCG,CYUL,300,NO_EXISTE_EN_AVA,,,sin numero directo confirmado de Avianca en este sentido (posible itinerario con escala o ruta no operada por AVA): mantener numero propio y alinear el bloque
f5ee1785-11e3-468a-bbcc-5ee7e2297ee1,SKCG,CYUL,553,NO_EXISTE_EN_AVA,,,sin numero directo confirmado de Avianca en este sentido (posible itinerario con escala o ruta no operada por AVA): mantener numero propio y alinear el bloque
Md8mxPGAgzk96w7j,SKCG,KBOS,331,NO_EXISTE_EN_AVA,,,sin numero directo confirmado de Avianca en este sentido (posible itinerario con escala o ruta no operada por AVA): mantener numero propio y alinear el bloque
23d94464-3683-4d59-8549-b81d96fc7dc6,SKCG,KBOS,557,NO_EXISTE_EN_AVA,,,sin numero directo confirmado de Avianca en este sentido (posible itinerario con escala o ruta no operada por AVA): mantener numero propio y alinear el bloque
vVykBWb8JXbrx9bX,SKCG,KEWR,333,NO_EXISTE_EN_AVA,,,sin numero directo confirmado de Avianca en este sentido (posible itinerario con escala o ruta no operada por AVA): mantener numero propio y alinear el bloque
ec5e99c3-55eb-4289-b9a2-1dfdd574638d,SKCG,KFLL,337,NO_EXISTE_EN_AVA,,,sin numero directo confirmado de Avianca en este sentido (posible itinerario con escala o ruta no operada por AVA): mantener numero propio y alinear el bloque
pvry9zlRY4kP6rE0,SKCG,KFLL,793,NO_EXISTE_EN_AVA,,,sin numero directo confirmado de Avianca en este sentido (posible itinerario con escala o ruta no operada por AVA): mantener numero propio y alinear el bloque
ZQmJROVP7Z4PJmqL,SKCG,KMCO,351,NO_EXISTE_EN_AVA,,,sin numero directo confirmado de Avianca en este sentido (posible itinerario con escala o ruta no operada por AVA): mantener numero propio y alinear el bloque
BL3V9dp4BPj9VRo2,SKCG,KMIA,357,NO_EXISTE_EN_AVA,,,sin numero directo confirmado de Avianca en este sentido (posible itinerario con escala o ruta no operada por AVA): mantener numero propio y alinear el bloque
kbqYg2YRlZvJ4mL0,SKCG,MDSD,341,NO_EXISTE_EN_AVA,,,sin numero directo confirmado de Avianca en este sentido (posible itinerario con escala o ruta no operada por AVA): mantener numero propio y alinear el bloque
LYg34YBPLxO9PjaG,SKCG,MPTO,416,NO_EXISTE_EN_AVA,,,sin numero directo confirmado de Avianca en este sentido (posible itinerario con escala o ruta no operada por AVA): mantener numero propio y alinear el bloque
9aa768a3-5a88-461b-96ed-88e1f62efc28,SKCG,MPTO,576,NO_EXISTE_EN_AVA,,,sin numero directo confirmado de Avianca en este sentido (posible itinerario con escala o ruta no operada por AVA): mantener numero propio y alinear el bloque
LPOaYQ4Pa65PmOzN,SKCG,MROC,785,NO_EXISTE_EN_AVA,,,sin numero directo confirmado de Avianca en este sentido (posible itinerario con escala o ruta no operada por AVA): mantener numero propio y alinear el bloque
xOVWZqJ2oyGLnmaP,SKCG,SCEL,468,NO_EXISTE_EN_AVA,,,sin numero directo confirmado de Avianca en este sentido (posible itinerario con escala o ruta no operada por AVA): mantener numero propio y alinear el bloque
f901e09a-3d7a-4182-a188-ed46f1b09a10,SKCG,SCEL,469,NO_EXISTE_EN_AVA,,,sin numero directo confirmado de Avianca en este sentido (posible itinerario con escala o ruta no operada por AVA): mantener numero propio y alinear el bloque
qnRByZE5pZyN574v,SKCG,SKCC,5555,NO_EXISTE_EN_AVA,,,sin numero directo confirmado de Avianca en este sentido (posible itinerario con escala o ruta no operada por AVA): mantener numero propio y alinear el bloque
GLAbNW2reWN1kAlD,SKCG,SKCL,8058,NO_EXISTE_EN_AVA,,,sin numero directo confirmado de Avianca en este sentido (posible itinerario con escala o ruta no operada por AVA): mantener numero propio y alinear el bloque
OKR5b8ZBy8abEGqd,SKCG,SKMD,5995,NO_EXISTE_EN_AVA,,,sin numero directo confirmado de Avianca en este sentido (posible itinerario con escala o ruta no operada por AVA): mantener numero propio y alinear el bloque
qXW97avmPndw8zpN,SKCG,SKMR,8143,NO_EXISTE_EN_AVA,,,sin numero directo confirmado de Avianca en este sentido (posible itinerario con escala o ruta no operada por AVA): mantener numero propio y alinear el bloque
yVayjExggJZW5D0o,SKCG,SKPC,8059,NO_EXISTE_EN_AVA,,,sin numero directo confirmado de Avianca en este sentido (posible itinerario con escala o ruta no operada por AVA): mantener numero propio y alinear el bloque
zN68w9blg9N3qEla,SKCG,SKPE,5997,NO_EXISTE_EN_AVA,,,sin numero directo confirmado de Avianca en este sentido (posible itinerario con escala o ruta no operada por AVA): mantener numero propio y alinear el bloque
Z1qmZ6zPNAJpABvw,SKCG,SKSP,8145,NO_EXISTE_EN_AVA,,,sin numero directo confirmado de Avianca en este sentido (posible itinerario con escala o ruta no operada por AVA): mantener numero propio y alinear el bloque
r7BZbLX1RqlQ0BEZ,SKCG,SKSP,8197,NO_EXISTE_EN_AVA,,,sin numero directo confirmado de Avianca en este sentido (posible itinerario con escala o ruta no operada por AVA): mantener numero propio y alinear el bloque
WJmw5dqArdpg0PL8,SKCG,SKVP,5993,NO_EXISTE_EN_AVA,,,sin numero directo confirmado de Avianca en este sentido (posible itinerario con escala o ruta no operada por AVA): mantener numero propio y alinear el bloque
gkjzbA4ZeopkQjRx,SKCG,SKVV,8148,NO_EXISTE_EN_AVA,,,sin numero directo confirmado de Avianca en este sentido (posible itinerario con escala o ruta no operada por AVA): mantener numero propio y alinear el bloque
Q9WXBVzJ9KQgD0KM,SKCG,SPJC,494,NO_EXISTE_EN_AVA,,,sin numero directo confirmado de Avianca en este sentido (posible itinerario con escala o ruta no operada por AVA): mantener numero propio y alinear el bloque
85262041-e8f8-4ded-87e8-c4b0f93945d0,SKCG,SPJC,869,NO_EXISTE_EN_AVA,,,sin numero directo confirmado de Avianca en este sentido (posible itinerario con escala o ruta no operada por AVA): mantener numero propio y alinear el bloque
qOEeLmKR9r0OnMWe,SKCL,KFLL,407,NO_EXISTE_EN_AVA,236,si,numero de Avianca en servicio en esa misma ruta (2026)
899b1c7d-75e0-4441-aa15-ee8ea310930b,SKCL,KFLL,901,NO_EXISTE_EN_AVA,,,sin numero directo confirmado de Avianca en este sentido (posible itinerario con escala o ruta no operada por AVA): mantener numero propio y alinear el bloque
d5bb3558-22bd-45e3-90c6-abfcf221e4aa,SKCL,KJFK,577,NO_EXISTE_EN_AVA,,,sin numero directo confirmado de Avianca en este sentido (posible itinerario con escala o ruta no operada por AVA): mantener numero propio y alinear el bloque
mKJYq1Rly7lN2J47,SKCL,KMIA,359,NO_EXISTE_EN_AVA,,,sin numero directo confirmado de Avianca en este sentido (posible itinerario con escala o ruta no operada por AVA): mantener numero propio y alinear el bloque
8ec2d399-ac94-4546-be8d-b84fd5462b1d,SKCL,KMIA,887,NO_EXISTE_EN_AVA,,,sin numero directo confirmado de Avianca en este sentido (posible itinerario con escala o ruta no operada por AVA): mantener numero propio y alinear el bloque
VNAV67dzYGOgRAdy,SKCL,MDSD,377,NO_EXISTE_EN_AVA,,,sin numero directo confirmado de Avianca en este sentido (posible itinerario con escala o ruta no operada por AVA): mantener numero propio y alinear el bloque
EZMeJZx3BZn1ojG3,SKCL,MMUN,779,NO_EXISTE_EN_AVA,,,sin numero directo confirmado de Avianca en este sentido (posible itinerario con escala o ruta no operada por AVA): mantener numero propio y alinear el bloque
a752333b-826a-4cd9-93a2-86852b0e0c4d,SKCL,MMUN,935,NO_EXISTE_EN_AVA,,,sin numero directo confirmado de Avianca en este sentido (posible itinerario con escala o ruta no operada por AVA): mantener numero propio y alinear el bloque
p5Ej2p3R90nVAEmr,SKCL,MPTO,586,NO_EXISTE_EN_AVA,,,sin numero directo confirmado de Avianca en este sentido (posible itinerario con escala o ruta no operada por AVA): mantener numero propio y alinear el bloque
00d8705a-4196-4e80-babb-c9f89b238a5d,SKCL,MPTO,895,NO_EXISTE_EN_AVA,,,sin numero directo confirmado de Avianca en este sentido (posible itinerario con escala o ruta no operada por AVA): mantener numero propio y alinear el bloque
n4ZA6qz8lK5DVWql,SKCL,SCEL,649,NO_EXISTE_EN_AVA,,,sin numero directo confirmado de Avianca en este sentido (posible itinerario con escala o ruta no operada por AVA): mantener numero propio y alinear el bloque
f0e517f1-911e-446a-9942-8fdf275295b8,SKCL,SCEL,907,NO_EXISTE_EN_AVA,,,sin numero directo confirmado de Avianca en este sentido (posible itinerario con escala o ruta no operada por AVA): mantener numero propio y alinear el bloque
54a8Y6qrgEJ1vzYJ,SKCL,SECU,476,NO_EXISTE_EN_AVA,,,sin numero directo confirmado de Avianca en este sentido (posible itinerario con escala o ruta no operada por AVA): mantener numero propio y alinear el bloque
deLwmW89kWglmXkw,SKCL,SKAS,8060,NO_EXISTE_EN_AVA,,,sin numero directo confirmado de Avianca en este sentido (posible itinerario con escala o ruta no operada por AVA): mantener numero propio y alinear el bloque
vGNe43QAl3Q2J0gP,SKCL,SKBQ,8061,NO_EXISTE_EN_AVA,,,sin numero directo confirmado de Avianca en este sentido (posible itinerario con escala o ruta no operada por AVA): mantener numero propio y alinear el bloque
Q2AKbgk3Ggk2qzO0,SKCL,SKCC,8062,NO_EXISTE_EN_AVA,,,sin numero directo confirmado de Avianca en este sentido (posible itinerario con escala o ruta no operada por AVA): mantener numero propio y alinear el bloque
eb50bb8b-1ab4-4ec9-95ba-e6af2e3cc85e,SKCL,SKCG,8063,NO_EXISTE_EN_AVA,,,sin numero directo confirmado de Avianca en este sentido (posible itinerario con escala o ruta no operada por AVA): mantener numero propio y alinear el bloque
MORxVKew9BpzW8b5,SKCL,SKCG,8064,NO_EXISTE_EN_AVA,,,sin numero directo confirmado de Avianca en este sentido (posible itinerario con escala o ruta no operada por AVA): mantener numero propio y alinear el bloque
R5LemAxjJAmO0LjM,SKCL,SKCG,8065,NO_EXISTE_EN_AVA,,,sin numero directo confirmado de Avianca en este sentido (posible itinerario con escala o ruta no operada por AVA): mantener numero propio y alinear el bloque
n2pMKE1xjEQd6ry6,SKCL,SKCO,8066,NO_EXISTE_EN_AVA,,,sin numero directo confirmado de Avianca en este sentido (posible itinerario con escala o ruta no operada por AVA): mantener numero propio y alinear el bloque
7eGnml5kxlvmpP6o,SKCL,SKFL,8067,NO_EXISTE_EN_AVA,,,sin numero directo confirmado de Avianca en este sentido (posible itinerario con escala o ruta no operada por AVA): mantener numero propio y alinear el bloque
6GEWkr3VoroPQEM7,SKCL,SKGP,8068,NO_EXISTE_EN_AVA,,,sin numero directo confirmado de Avianca en este sentido (posible itinerario con escala o ruta no operada por AVA): mantener numero propio y alinear el bloque
aRKk7yJevy37rKd0,SKCL,SKIP,8069,NO_EXISTE_EN_AVA,,,sin numero directo confirmado de Avianca en este sentido (posible itinerario con escala o ruta no operada por AVA): mantener numero propio y alinear el bloque
k2LMK9WdP9PO50gz,SKCL,SKMD,8070,NO_EXISTE_EN_AVA,,,sin numero directo confirmado de Avianca en este sentido (posible itinerario con escala o ruta no operada por AVA): mantener numero propio y alinear el bloque
VM7pmgoWNY8O03kG,SKCL,SKNA,8071,NO_EXISTE_EN_AVA,,,sin numero directo confirmado de Avianca en este sentido (posible itinerario con escala o ruta no operada por AVA): mantener numero propio y alinear el bloque
QeRwB7J6G7kAwOdX,SKCL,SKPI,8072,NO_EXISTE_EN_AVA,,,sin numero directo confirmado de Avianca en este sentido (posible itinerario con escala o ruta no operada por AVA): mantener numero propio y alinear el bloque
g6owwWz4nWYRLoZr,SKCL,SKRH,8073,NO_EXISTE_EN_AVA,,,sin numero directo confirmado de Avianca en este sentido (posible itinerario con escala o ruta no operada por AVA): mantener numero propio y alinear el bloque
MEqPN3ZxX3YE49e0,SKCL,SKUI,8074,NO_EXISTE_EN_AVA,,,sin numero directo confirmado de Avianca en este sentido (posible itinerario con escala o ruta no operada por AVA): mantener numero propio y alinear el bloque
Vkg7VbrEObqYjP3o,SKCL,SKVG,8075,NO_EXISTE_EN_AVA,,,sin numero directo confirmado de Avianca en este sentido (posible itinerario con escala o ruta no operada por AVA): mantener numero propio y alinear el bloque
9zKNJZWX1wEx5KZO,SKCL,SKVV,8076,NO_EXISTE_EN_AVA,,,sin numero directo confirmado de Avianca en este sentido (posible itinerario con escala o ruta no operada por AVA): mantener numero propio y alinear el bloque
1KraQX7YOXBoBrxW,SKCL,SKVV,8077,NO_EXISTE_EN_AVA,,,sin numero directo confirmado de Avianca en este sentido (posible itinerario con escala o ruta no operada por AVA): mantener numero propio y alinear el bloque
dGPmgzL6p7KzzyBw,SKCL,SPJC,389,NO_EXISTE_EN_AVA,,,sin numero directo confirmado de Avianca en este sentido (posible itinerario con escala o ruta no operada por AVA): mantener numero propio y alinear el bloque
781df2db-db11-4056-8b5e-77bbea6730d2,SKCL,SPJC,897,NO_EXISTE_EN_AVA,,,sin numero directo confirmado de Avianca en este sentido (posible itinerario con escala o ruta no operada por AVA): mantener numero propio y alinear el bloque
rgNYl7pDM7dk3KmZ,SKCO,SKCL,8078,NO_EXISTE_EN_AVA,,,sin numero directo confirmado de Avianca en este sentido (posible itinerario con escala o ruta no operada por AVA): mantener numero propio y alinear el bloque
7QNl27njArKD16mP,SKCZ,SKBO,8079,NO_EXISTE_EN_AVA,,,sin numero directo confirmado de Avianca en este sentido (posible itinerario con escala o ruta no operada por AVA): mantener numero propio y alinear el bloque
l3ReQqAXLqr8aRPq,SKCZ,SKMD,8018,NO_EXISTE_EN_AVA,,,sin numero directo confirmado de Avianca en este sentido (posible itinerario con escala o ruta no operada por AVA): mantener numero propio y alinear el bloque
MBmw9d5L14040yZv,SKCZ,SKVV,8152,NO_EXISTE_EN_AVA,,,sin numero directo confirmado de Avianca en este sentido (posible itinerario con escala o ruta no operada por AVA): mantener numero propio y alinear el bloque
DaKW2DOow4n0vr0p,SKEJ,SKBO,8080,NO_EXISTE_EN_AVA,,,sin numero directo confirmado de Avianca en este sentido (posible itinerario con escala o ruta no operada por AVA): mantener numero propio y alinear el bloque
gbEyekWyXL9DPEQx,SKEJ,SKVV,8154,NO_EXISTE_EN_AVA,,,sin numero directo confirmado de Avianca en este sentido (posible itinerario con escala o ruta no operada por AVA): mantener numero propio y alinear el bloque
MKmdBlbv4NMe7rGD,SKFL,SKBO,8081,NO_EXISTE_EN_AVA,,,sin numero directo confirmado de Avianca en este sentido (posible itinerario con escala o ruta no operada por AVA): mantener numero propio y alinear el bloque
rpynKjpvGjRa3mV8,SKFL,SKCL,8082,NO_EXISTE_EN_AVA,,,sin numero directo confirmado de Avianca en este sentido (posible itinerario con escala o ruta no operada por AVA): mantener numero propio y alinear el bloque
zklNrV32gDpRZlbp,SKFL,SKVV,8156,NO_EXISTE_EN_AVA,,,sin numero directo confirmado de Avianca en este sentido (posible itinerario con escala o ruta no operada por AVA): mantener numero propio y alinear el bloque
NlK7YL6eq4kaEAvB,SKGI,SKVV,8158,NO_EXISTE_EN_AVA,,,sin numero directo confirmado de Avianca en este sentido (posible itinerario con escala o ruta no operada por AVA): mantener numero propio y alinear el bloque
VPzYN6kx5q6y9Yb1,SKGP,SKCL,8083,NO_EXISTE_EN_AVA,,,sin numero directo confirmado de Avianca en este sentido (posible itinerario con escala o ruta no operada por AVA): mantener numero propio y alinear el bloque
E1nGP4m6dMakVZOY,SKGP,SKVV,8160,NO_EXISTE_EN_AVA,,,sin numero directo confirmado de Avianca en este sentido (posible itinerario con escala o ruta no operada por AVA): mantener numero propio y alinear el bloque
R4MaYBV3vykb7Mym,SKGY,SKVV,8162,NO_EXISTE_EN_AVA,,,sin numero directo confirmado de Avianca en este sentido (posible itinerario con escala o ruta no operada por AVA): mantener numero propio y alinear el bloque
eJbpKXdvnrPWNmoV,SKIB,SKBO,8084,NO_EXISTE_EN_AVA,4848,si,numero de Avianca en servicio en esa misma ruta (2026)
KbE7kyagLyA6zE5M,SKIB,SKMD,8010,NO_EXISTE_EN_AVA,,,sin numero directo confirmado de Avianca en este sentido (posible itinerario con escala o ruta no operada por AVA): mantener numero propio y alinear el bloque
Ga6jbvyxMYNYzjLW,SKIB,SKVV,8164,NO_EXISTE_EN_AVA,,,sin numero directo confirmado de Avianca en este sentido (posible itinerario con escala o ruta no operada por AVA): mantener numero propio y alinear el bloque
goVl9g2yegPPzm3r,SKIP,SKCL,8085,NO_EXISTE_EN_AVA,,,sin numero directo confirmado de Avianca en este sentido (posible itinerario con escala o ruta no operada por AVA): mantener numero propio y alinear el bloque
9YAyxNX2M4qQ9meR,SKIP,SKVV,8166,NO_EXISTE_EN_AVA,,,sin numero directo confirmado de Avianca en este sentido (posible itinerario con escala o ruta no operada por AVA): mantener numero propio y alinear el bloque
5O0PvYgNPY2jBVxk,SKLC,SKMD,8034,NO_EXISTE_EN_AVA,,,sin numero directo confirmado de Avianca en este sentido (posible itinerario con escala o ruta no operada por AVA): mantener numero propio y alinear el bloque
5myMx8e3vAZ5GB6e,SKLC,SKVV,8168,NO_EXISTE_EN_AVA,,,sin numero directo confirmado de Avianca en este sentido (posible itinerario con escala o ruta no operada por AVA): mantener numero propio y alinear el bloque
vAYen5W0254a2NV8,SKMD,SKAR,8021,NO_EXISTE_EN_AVA,,,sin numero directo confirmado de Avianca en este sentido (posible itinerario con escala o ruta no operada por AVA): mantener numero propio y alinear el bloque
KWVOp9bxg9J0pLQj,SKMD,SKBG,8003,NO_EXISTE_EN_AVA,,,sin numero directo confirmado de Avianca en este sentido (posible itinerario con escala o ruta no operada por AVA): mantener numero propio y alinear el bloque
0yLP2erQmeElKYxG,SKMD,SKBO,8086,NO_EXISTE_EN_AVA,,,sin numero directo confirmado de Avianca en este sentido (posible itinerario con escala o ruta no operada por AVA): mantener numero propio y alinear el bloque
MDP1bJG0kJkANEa6,SKMD,SKBS,8027,NO_EXISTE_EN_AVA,,,sin numero directo confirmado de Avianca en este sentido (posible itinerario con escala o ruta no operada por AVA): mantener numero propio y alinear el bloque
k5O2EK89gKw39A2x,SKMD,SKCC,8037,NO_EXISTE_EN_AVA,,,sin numero directo confirmado de Avianca en este sentido (posible itinerario con escala o ruta no operada por AVA): mantener numero propio y alinear el bloque
reGepoRb5o3nyX9P,SKMD,SKCG,5996,NO_EXISTE_EN_AVA,,,sin numero directo confirmado de Avianca en este sentido (posible itinerario con escala o ruta no operada por AVA): mantener numero propio y alinear el bloque
qD8QAyvZkykGO8y1,SKMD,SKCL,8087,NO_EXISTE_EN_AVA,,,sin numero directo confirmado de Avianca en este sentido (posible itinerario con escala o ruta no operada por AVA): mantener numero propio y alinear el bloque
92ZQnAzGkA4EVyE8,SKMD,SKCZ,8017,NO_EXISTE_EN_AVA,,,sin numero directo confirmado de Avianca en este sentido (posible itinerario con escala o ruta no operada por AVA): mantener numero propio y alinear el bloque
bXPqkb0BXbvaG3z1,SKMD,SKIB,8009,NO_EXISTE_EN_AVA,,,sin numero directo confirmado de Avianca en este sentido (posible itinerario con escala o ruta no operada por AVA): mantener numero propio y alinear el bloque
2x7yYW82xWr4n7yr,SKMD,SKLC,8033,NO_EXISTE_EN_AVA,,,sin numero directo confirmado de Avianca en este sentido (posible itinerario con escala o ruta no operada por AVA): mantener numero propio y alinear el bloque
gaVNxaYZRavvXO7G,SKMD,SKML,8911,NO_EXISTE_EN_AVA,,,sin numero directo confirmado de Avianca en este sentido (posible itinerario con escala o ruta no operada por AVA): mantener numero propio y alinear el bloque
bKnVZvdO7vDWVndM,SKMD,SKMR,8035,NO_EXISTE_EN_AVA,,,sin numero directo confirmado de Avianca en este sentido (posible itinerario con escala o ruta no operada por AVA): mantener numero propio y alinear el bloque
NWxEGpPYoRpBVlo5,SKMD,SKMZ,8023,NO_EXISTE_EN_AVA,,,sin numero directo confirmado de Avianca en este sentido (posible itinerario con escala o ruta no operada por AVA): mantener numero propio y alinear el bloque
dx689gWKQgO39GEk,SKMD,SKNQ,8015,NO_EXISTE_EN_AVA,,,sin numero directo confirmado de Avianca en este sentido (posible itinerario con escala o ruta no operada por AVA): mantener numero propio y alinear el bloque
OxmqQ3xWZ3EVOmRM,SKMD,SKNV,8011,NO_EXISTE_EN_AVA,,,sin numero directo confirmado de Avianca en este sentido (posible itinerario con escala o ruta no operada por AVA): mantener numero propio y alinear el bloque
noXnoqLWJqj5QbRW,SKMD,SKPA,8005,NO_EXISTE_EN_AVA,,,sin numero directo confirmado de Avianca en este sentido (posible itinerario con escala o ruta no operada por AVA): mantener numero propio y alinear el bloque
qlJBrL1kmLenwJ9W,SKMD,SKPE,8199,NO_EXISTE_EN_AVA,,,sin numero directo confirmado de Avianca en este sentido (posible itinerario con escala o ruta no operada por AVA): mantener numero propio y alinear el bloque
1LWeY2b062kR4WO3,SKMD,SKPP,8013,NO_EXISTE_EN_AVA,,,sin numero directo confirmado de Avianca en este sentido (posible itinerario con escala o ruta no operada por AVA): mantener numero propio y alinear el bloque
QxModzRK4zxQlVYK,SKMD,SKPS,8019,NO_EXISTE_EN_AVA,,,sin numero directo confirmado de Avianca en este sentido (posible itinerario con escala o ruta no operada por AVA): mantener numero propio y alinear el bloque
D0YjM4qQE418lJ7o,SKMD,SKSG,8007,NO_EXISTE_EN_AVA,,,sin numero directo confirmado de Avianca en este sentido (posible itinerario con escala o ruta no operada por AVA): mantener numero propio y alinear el bloque
WzZD78gPn8nJQMle,SKMD,SKTL,8025,NO_EXISTE_EN_AVA,,,sin numero directo confirmado de Avianca en este sentido (posible itinerario con escala o ruta no operada por AVA): mantener numero propio y alinear el bloque
lNJ1OGVkeGeXEy96,SKMD,SKUI,8029,NO_EXISTE_EN_AVA,,,sin numero directo confirmado de Avianca en este sentido (posible itinerario con escala o ruta no operada por AVA): mantener numero propio y alinear el bloque
Vd1LPQq6GQ7oZ1Av,SKMD,SKVP,8031,NO_EXISTE_EN_AVA,,,sin numero directo confirmado de Avianca en este sentido (posible itinerario con escala o ruta no operada por AVA): mantener numero propio y alinear el bloque
N390BYZXVGWGkPqb,SKMD,SKVV,8170,NO_EXISTE_EN_AVA,,,sin numero directo confirmado de Avianca en este sentido (posible itinerario con escala o ruta no operada por AVA): mantener numero propio y alinear el bloque
g73o94ylq4qBAklY,SKMD,SKVV,8202,NO_EXISTE_EN_AVA,,,sin numero directo confirmado de Avianca en este sentido (posible itinerario con escala o ruta no operada por AVA): mantener numero propio y alinear el bloque
58X90vPABveG1pqv,SKML,SKMD,8912,NO_EXISTE_EN_AVA,,,sin numero directo confirmado de Avianca en este sentido (posible itinerario con escala o ruta no operada por AVA): mantener numero propio y alinear el bloque
9GJRK0YEw1W5pxmy,SKMR,SKCG,8144,NO_EXISTE_EN_AVA,,,sin numero directo confirmado de Avianca en este sentido (posible itinerario con escala o ruta no operada por AVA): mantener numero propio y alinear el bloque
GbXynbyzWbEBmgAP,SKMR,SKMD,8036,NO_EXISTE_EN_AVA,,,sin numero directo confirmado de Avianca en este sentido (posible itinerario con escala o ruta no operada por AVA): mantener numero propio y alinear el bloque
kGmWoZwdArZ2BagR,SKMR,SKVP,9013,NO_EXISTE_EN_AVA,,,sin numero directo confirmado de Avianca en este sentido (posible itinerario con escala o ruta no operada por AVA): mantener numero propio y alinear el bloque
gyqooQEN2MXd4qrx,SKMR,SKVV,8172,NO_EXISTE_EN_AVA,,,sin numero directo confirmado de Avianca en este sentido (posible itinerario con escala o ruta no operada por AVA): mantener numero propio y alinear el bloque
9EVy9N1PkY3d0Vbr,SKMU,SKVV,8174,NO_EXISTE_EN_AVA,,,sin numero directo confirmado de Avianca en este sentido (posible itinerario con escala o ruta no operada por AVA): mantener numero propio y alinear el bloque
MrjKb2kAe2nBYWkB,SKMZ,SKMD,8024,NO_EXISTE_EN_AVA,,,sin numero directo confirmado de Avianca en este sentido (posible itinerario con escala o ruta no operada por AVA): mantener numero propio y alinear el bloque
J0ZE8ylpDB135en4,SKMZ,SKVV,8176,NO_EXISTE_EN_AVA,,,sin numero directo confirmado de Avianca en este sentido (posible itinerario con escala o ruta no operada por AVA): mantener numero propio y alinear el bloque
XLoAkx6mPxjxeMK8,SKNA,SKCL,8088,NO_EXISTE_EN_AVA,,,sin numero directo confirmado de Avianca en este sentido (posible itinerario con escala o ruta no operada por AVA): mantener numero propio y alinear el bloque
EWa2BnWven9WDax1,SKNQ,SKMD,8016,NO_EXISTE_EN_AVA,,,sin numero directo confirmado de Avianca en este sentido (posible itinerario con escala o ruta no operada por AVA): mantener numero propio y alinear el bloque
bXmZ712W5l3k1AK0,SKNQ,SKVV,8178,NO_EXISTE_EN_AVA,,,sin numero directo confirmado de Avianca en este sentido (posible itinerario con escala o ruta no operada por AVA): mantener numero propio y alinear el bloque
b137Ln1xDgBKxYRX,SKNV,SKMD,8012,NO_EXISTE_EN_AVA,,,sin numero directo confirmado de Avianca en este sentido (posible itinerario con escala o ruta no operada por AVA): mantener numero propio y alinear el bloque
q8zWJmWaMNlAAn6M,SKNV,SKVV,8180,NO_EXISTE_EN_AVA,,,sin numero directo confirmado de Avianca en este sentido (posible itinerario con escala o ruta no operada por AVA): mantener numero propio y alinear el bloque
ZnRpwXNL8X4DxOPL,SKPA,SKMD,8006,NO_EXISTE_EN_AVA,,,sin numero directo confirmado de Avianca en este sentido (posible itinerario con escala o ruta no operada por AVA): mantener numero propio y alinear el bloque
AZYlRQK7pMmZbL4g,SKPA,SKVV,8182,NO_EXISTE_EN_AVA,,,sin numero directo confirmado de Avianca en este sentido (posible itinerario con escala o ruta no operada por AVA): mantener numero propio y alinear el bloque
WemY1pzD9JRvlmyx,SKPC,SKBO,8089,NO_EXISTE_EN_AVA,,,sin numero directo confirmado de Avianca en este sentido (posible itinerario con escala o ruta no operada por AVA): mantener numero propio y alinear el bloque
wLX9zqJyKaEe58bG,SKPC,SKBO,8090,NO_EXISTE_EN_AVA,,,sin numero directo confirmado de Avianca en este sentido (posible itinerario con escala o ruta no operada por AVA): mantener numero propio y alinear el bloque
e469mJ8zl09Yp6Ew,SKPC,SKVV,4002,NO_EXISTE_EN_AVA,,,sin numero directo confirmado de Avianca en este sentido (posible itinerario con escala o ruta no operada por AVA): mantener numero propio y alinear el bloque
O1LMOYDyGnAxoVbK,SKPC,SKVV,8184,NO_EXISTE_EN_AVA,,,sin numero directo confirmado de Avianca en este sentido (posible itinerario con escala o ruta no operada por AVA): mantener numero propio y alinear el bloque
jRJE56Xj7kG8gJEl,SKPC,SKVV,8204,NO_EXISTE_EN_AVA,,,sin numero directo confirmado de Avianca en este sentido (posible itinerario con escala o ruta no operada por AVA): mantener numero propio y alinear el bloque
RZzLNqvdVDgvgYk6,SKPD,SKVV,8186,NO_EXISTE_EN_AVA,,,sin numero directo confirmado de Avianca en este sentido (posible itinerario con escala o ruta no operada por AVA): mantener numero propio y alinear el bloque
13jab5vZ2r70560a,SKPE,KFLL,587,NO_EXISTE_EN_AVA,,,sin numero directo confirmado de Avianca en este sentido (posible itinerario con escala o ruta no operada por AVA): mantener numero propio y alinear el bloque
Qw1Gojb4l0Qbx1Ng,SKPE,KMIA,361,NO_EXISTE_EN_AVA,,,sin numero directo confirmado de Avianca en este sentido (posible itinerario con escala o ruta no operada por AVA): mantener numero propio y alinear el bloque
Olj5DmlLqEXXeVEa,SKPE,MPTO,419,NO_EXISTE_EN_AVA,,,sin numero directo confirmado de Avianca en este sentido (posible itinerario con escala o ruta no operada por AVA): mantener numero propio y alinear el bloque
LVAGDg3l7Wj31rMQ,SKPE,SKCG,5998,NO_EXISTE_EN_AVA,,,sin numero directo confirmado de Avianca en este sentido (posible itinerario con escala o ruta no operada por AVA): mantener numero propio y alinear el bloque
RK7zGkoQEkZ93bN3,SKPE,SKMD,8002,NO_EXISTE_EN_AVA,,,sin numero directo confirmado de Avianca en este sentido (posible itinerario con escala o ruta no operada por AVA): mantener numero propio y alinear el bloque
b385lpe94ZXQlnxr,SKPE,SKVV,8188,NO_EXISTE_EN_AVA,,,sin numero directo confirmado de Avianca en este sentido (posible itinerario con escala o ruta no operada por AVA): mantener numero propio y alinear el bloque
9alz1zjvG38OzBVj,SKPE,SKVV,8208,NO_EXISTE_EN_AVA,,,sin numero directo confirmado de Avianca en este sentido (posible itinerario con escala o ruta no operada por AVA): mantener numero propio y alinear el bloque
Ml0Xor4JwrXKzA5x,SKPI,SKCL,8091,NO_EXISTE_EN_AVA,,,sin numero directo confirmado de Avianca en este sentido (posible itinerario con escala o ruta no operada por AVA): mantener numero propio y alinear el bloque
1o9EqxojVWMe29jg,SKPI,SKVV,8190,NO_EXISTE_EN_AVA,,,sin numero directo confirmado de Avianca en este sentido (posible itinerario con escala o ruta no operada por AVA): mantener numero propio y alinear el bloque
y43Xwq2K9qodg1Xk,SKPP,SKCL,8092,NO_EXISTE_EN_AVA,,,sin numero directo confirmado de Avianca en este sentido (posible itinerario con escala o ruta no operada por AVA): mantener numero propio y alinear el bloque
kaLpQE7y8EGyqAzn,SKPP,SKMD,8014,NO_EXISTE_EN_AVA,,,sin numero directo confirmado de Avianca en este sentido (posible itinerario con escala o ruta no operada por AVA): mantener numero propio y alinear el bloque
MLkgZy62e78AePW8,SKPP,SKVV,8192,NO_EXISTE_EN_AVA,,,sin numero directo confirmado de Avianca en este sentido (posible itinerario con escala o ruta no operada por AVA): mantener numero propio y alinear el bloque
jvmkZpdjqpGMGP0V,SKPS,SKMD,8210,NO_EXISTE_EN_AVA,,,sin numero directo confirmado de Avianca en este sentido (posible itinerario con escala o ruta no operada por AVA): mantener numero propio y alinear el bloque
xkY8kjwJ5jgz6OQK,SKPS,SKPP,9007,NO_EXISTE_EN_AVA,,,sin numero directo confirmado de Avianca en este sentido (posible itinerario con escala o ruta no operada por AVA): mantener numero propio y alinear el bloque
PmbrxEn6KMvZ7p8y,SKPS,SKVV,8194,NO_EXISTE_EN_AVA,,,sin numero directo confirmado de Avianca en este sentido (posible itinerario con escala o ruta no operada por AVA): mantener numero propio y alinear el bloque
YewmenOYEnmVMw0Z,SKPV,SKSP,9016,NO_EXISTE_EN_AVA,,,sin numero directo confirmado de Avianca en este sentido (posible itinerario con escala o ruta no operada por AVA): mantener numero propio y alinear el bloque
7x0qkOJnZ6QGAmaD,SKRG,KATL,329,NO_EXISTE_EN_AVA,,,sin numero directo confirmado de Avianca en este sentido (posible itinerario con escala o ruta no operada por AVA): mantener numero propio y alinear el bloque
7baa5263-34f6-4c66-9dc7-e1a62b8a975f,SKRG,KATL,893,NO_EXISTE_EN_AVA,,,sin numero directo confirmado de Avianca en este sentido (posible itinerario con escala o ruta no operada por AVA): mantener numero propio y alinear el bloque
da22e879-1cd7-43ee-992c-e33c555020f8,SKRG,KFLL,879,NO_EXISTE_EN_AVA,,,sin numero directo confirmado de Avianca en este sentido (posible itinerario con escala o ruta no operada por AVA): mantener numero propio y alinear el bloque
ed90d41f-9b23-4d21-b626-8034d36216dc,SKRG,KIAH,775,NO_EXISTE_EN_AVA,,,sin numero directo confirmado de Avianca en este sentido (posible itinerario con escala o ruta no operada por AVA): mantener numero propio y alinear el bloque
aXRQXKY8l3p4nGPe,SKRG,KIAH,781,NO_EXISTE_EN_AVA,,,sin numero directo confirmado de Avianca en este sentido (posible itinerario con escala o ruta no operada por AVA): mantener numero propio y alinear el bloque
a298a9a5-1cd9-4917-a99e-4c8c425e714e,SKRG,KJFK,776,NO_EXISTE_EN_AVA,152,si,numero de Avianca en servicio en esa misma ruta (2026)
85rR3yMAXl26GwPn,SKRG,KMIA,130,OTRA_RUTA,30,si,numero de Avianca en servicio en esa misma ruta (2026)
83jv62oZwVDA8jV2,SKRG,KMIA,363,NO_EXISTE_EN_AVA,32,si,numero de Avianca en servicio en esa misma ruta (2026)
dbqZNx42LBBp6q2x,SKRG,KMIA,777,NO_EXISTE_EN_AVA,,,sin numero directo confirmado de Avianca en este sentido (posible itinerario con escala o ruta no operada por AVA): mantener numero propio y alinear el bloque
MlXlWeVwp206PZqJ,SKRG,KMIA,778,NO_EXISTE_EN_AVA,,,sin numero directo confirmado de Avianca en este sentido (posible itinerario con escala o ruta no operada por AVA): mantener numero propio y alinear el bloque
d41f6487-7bda-4654-bbad-77164dd3b96c,SKRG,KMIA,798,NO_EXISTE_EN_AVA,,,sin numero directo confirmado de Avianca en este sentido (posible itinerario con escala o ruta no operada por AVA): mantener numero propio y alinear el bloque
66d6052f-b212-4f7d-ba86-34e681af8ba0,SKRG,KMIA,819,NO_EXISTE_EN_AVA,,,sin numero directo confirmado de Avianca en este sentido (posible itinerario con escala o ruta no operada por AVA): mantener numero propio y alinear el bloque
3QOozBreJkBYyVBN,SKRG,MDPC,142,OTRA_RUTA,220,si,numero de Avianca en servicio en esa misma ruta (2026)
QJ6XBQq5ERY3NgLx,SKRG,MDPC,375,NO_EXISTE_EN_AVA,,,sin numero directo confirmado de Avianca en este sentido (posible itinerario con escala o ruta no operada por AVA): mantener numero propio y alinear el bloque
ac059432-2745-493b-9d6b-5168d3601c78,SKRG,MDPC,827,NO_EXISTE_EN_AVA,,,sin numero directo confirmado de Avianca en este sentido (posible itinerario con escala o ruta no operada por AVA): mantener numero propio y alinear el bloque
3kmqbXq8vPXldVgv,SKRG,MDSD,379,NO_EXISTE_EN_AVA,,,sin numero directo confirmado de Avianca en este sentido (posible itinerario con escala o ruta no operada por AVA): mantener numero propio y alinear el bloque
5c5b4bfd-6b78-4d22-b51d-eba53304dd08,SKRG,MDSD,867,NO_EXISTE_EN_AVA,,,sin numero directo confirmado de Avianca en este sentido (posible itinerario con escala o ruta no operada por AVA): mantener numero propio y alinear el bloque
qNLk63N4J1nW0YlG,SKRG,MMMX,399,NO_EXISTE_EN_AVA,234,si,numero de Avianca en servicio en esa misma ruta (2026)
7938f4c5-e650-4521-bbab-fdd48fe7d549,SKRG,MMMX,400,NO_EXISTE_EN_AVA,,,sin numero directo confirmado de Avianca en este sentido (posible itinerario con escala o ruta no operada por AVA): mantener numero propio y alinear el bloque
yX1ZbMdpwxpOG1Nl,SKRG,MMUN,404,NO_EXISTE_EN_AVA,268,si,numero de Avianca en servicio en esa misma ruta (2026)
0a8c3b82-4394-484f-9568-1417e38570d3,SKRG,MMUN,889,NO_EXISTE_EN_AVA,,,sin numero directo confirmado de Avianca en este sentido (posible itinerario con escala o ruta no operada por AVA): mantener numero propio y alinear el bloque
RbkNBvQRdMA6rknx,SKRG,MPPA,409,NO_EXISTE_EN_AVA,,,sin numero directo confirmado de Avianca en este sentido (posible itinerario con escala o ruta no operada por AVA): mantener numero propio y alinear el bloque
WKXKyEOv0Zaj3A2q,SKRG,MPTO,436,NO_EXISTE_EN_AVA,,,sin numero directo confirmado de Avianca en este sentido (posible itinerario con escala o ruta no operada por AVA): mantener numero propio y alinear el bloque
56ee3bcb-717f-477d-9e59-51612ed46d84,SKRG,MPTO,853,NO_EXISTE_EN_AVA,,,sin numero directo confirmado de Avianca en este sentido (posible itinerario con escala o ruta no operada por AVA): mantener numero propio y alinear el bloque
V1879oXPGzjmMZDl,SKRG,MUHA,461,NO_EXISTE_EN_AVA,,,sin numero directo confirmado de Avianca en este sentido (posible itinerario con escala o ruta no operada por AVA): mantener numero propio y alinear el bloque
wVjaE80m6L6e9jAG,SKRG,SBGR,466,NO_EXISTE_EN_AVA,,,sin numero directo confirmado de Avianca en este sentido (posible itinerario con escala o ruta no operada por AVA): mantener numero propio y alinear el bloque
OQj1Az7oZEBbPj84,SKRG,SCEL,472,NO_EXISTE_EN_AVA,,,sin numero directo confirmado de Avianca en este sentido (posible itinerario con escala o ruta no operada por AVA): mantener numero propio y alinear el bloque
a59c415b-c5b2-4c99-8673-578409dab855,SKRG,SCEL,849,NO_EXISTE_EN_AVA,,,sin numero directo confirmado de Avianca en este sentido (posible itinerario con escala o ruta no operada por AVA): mantener numero propio y alinear el bloque
YjmBAq9XQnjPzNW1,SKRG,SEQM,856,NO_EXISTE_EN_AVA,159,si,numero de Avianca en servicio en esa misma ruta (2026)
ojO3XMKE0ZnYxJW8,SKRG,SPJC,875,NO_EXISTE_EN_AVA,,,sin numero directo confirmado de Avianca en este sentido (posible itinerario con escala o ruta no operada por AVA): mantener numero propio y alinear el bloque
a1de6be6-c90e-4f83-a290-4a4f49ff7ab9,SKRG,SPJC,899,NO_EXISTE_EN_AVA,,,sin numero directo confirmado de Avianca en este sentido (posible itinerario con escala o ruta no operada por AVA): mantener numero propio y alinear el bloque
zw7jdQRP5z0agEaQ,SKRG,TNCA,496,NO_EXISTE_EN_AVA,,,sin numero directo confirmado de Avianca en este sentido (posible itinerario con escala o ruta no operada por AVA): mantener numero propio y alinear el bloque
Gy0YQOwkl99Dn0l9,SKRG,TNCC,498,NO_EXISTE_EN_AVA,,,sin numero directo confirmado de Avianca en este sentido (posible itinerario con escala o ruta no operada por AVA): mantener numero propio y alinear el bloque
16c6cabb-fc31-4aab-990d-7160fe92a86e,SKRG,TNCC,865,NO_EXISTE_EN_AVA,,,sin numero directo confirmado de Avianca en este sentido (posible itinerario con escala o ruta no operada por AVA): mantener numero propio y alinear el bloque
0j8J3m2J7mDADZR5,SKRH,SKCL,8093,NO_EXISTE_EN_AVA,,,sin numero directo confirmado de Avianca en este sentido (posible itinerario con escala o ruta no operada por AVA): mantener numero propio y alinear el bloque
A7aoB1VWx1ZexEKv,SKSG,SKBO,8094,NO_EXISTE_EN_AVA,,,sin numero directo confirmado de Avianca en este sentido (posible itinerario con escala o ruta no operada por AVA): mantener numero propio y alinear el bloque
6bMWYZWpBZNBRyv9,SKSG,SKMD,8008,NO_EXISTE_EN_AVA,,,sin numero directo confirmado de Avianca en este sentido (posible itinerario con escala o ruta no operada por AVA): mantener numero propio y alinear el bloque
bzk5dwyBzeWlom90,SKSJ,SKVV,8196,NO_EXISTE_EN_AVA,,,sin numero directo confirmado de Avianca en este sentido (posible itinerario con escala o ruta no operada por AVA): mantener numero propio y alinear el bloque
ZdryEAl7Za4YLrD7,SKSM,MPTO,783,NO_EXISTE_EN_AVA,,,sin numero directo confirmado de Avianca en este sentido (posible itinerario con escala o ruta no operada por AVA): mantener numero propio y alinear el bloque
3b1GRAPNQoWlDqMk,SKSM,SKBG,9012,NO_EXISTE_EN_AVA,,,sin numero directo confirmado de Avianca en este sentido (posible itinerario con escala o ruta no operada por AVA): mantener numero propio y alinear el bloque
Pk1PNKMoJREGZ9d4,SKSM,SKMD,8000,NO_EXISTE_EN_AVA,,,sin numero directo confirmado de Avianca en este sentido (posible itinerario con escala o ruta no operada por AVA): mantener numero propio y alinear el bloque
a8Mnwov6YLq3jPOJ,SKSM,SKVV,8215,NO_EXISTE_EN_AVA,,,sin numero directo confirmado de Avianca en este sentido (posible itinerario con escala o ruta no operada por AVA): mantener numero propio y alinear el bloque
ED95O8bER8vGEleN,SKSO,SKBG,9002,NO_EXISTE_EN_AVA,,,sin numero directo confirmado de Avianca en este sentido (posible itinerario con escala o ruta no operada por AVA): mantener numero propio y alinear el bloque
xOZa1gvVAgz7LZNz,SKSO,SKBO,8095,NO_EXISTE_EN_AVA,,,sin numero directo confirmado de Avianca en este sentido (posible itinerario con escala o ruta no operada por AVA): mantener numero propio y alinear el bloque
Z4eb6BKy7BEkle6P,SKSO,SKCC,9006,NO_EXISTE_EN_AVA,,,sin numero directo confirmado de Avianca en este sentido (posible itinerario con escala o ruta no operada por AVA): mantener numero propio y alinear el bloque
50zkmWly2WODWGye,SKSO,SKYP,8219,NO_EXISTE_EN_AVA,,,sin numero directo confirmado de Avianca en este sentido (posible itinerario con escala o ruta no operada por AVA): mantener numero propio y alinear el bloque
pYmBAM01zxWbPjvN,SKSP,KMIA,485,NO_EXISTE_EN_AVA,,,sin numero directo confirmado de Avianca en este sentido (posible itinerario con escala o ruta no operada por AVA): mantener numero propio y alinear el bloque
Q1BgwOl1bEEYPgbP,SKSP,MPTO,438,NO_EXISTE_EN_AVA,,,sin numero directo confirmado de Avianca en este sentido (posible itinerario con escala o ruta no operada por AVA): mantener numero propio y alinear el bloque
bly9MkbRZkpOAy2x,SKSP,SKBO,8096,NO_EXISTE_EN_AVA,,,sin numero directo confirmado de Avianca en este sentido (posible itinerario con escala o ruta no operada por AVA): mantener numero propio y alinear el bloque
yG8jn4xnE2J1WLJY,SKSP,SKBQ,9010,NO_EXISTE_EN_AVA,,,sin numero directo confirmado de Avianca en este sentido (posible itinerario con escala o ruta no operada por AVA): mantener numero propio y alinear el bloque
pa3LxanrJOlbV30r,SKSP,SKCG,8146,NO_EXISTE_EN_AVA,,,sin numero directo confirmado de Avianca en este sentido (posible itinerario con escala o ruta no operada por AVA): mantener numero propio y alinear el bloque
jAEyPMR7AbY6pqNW,SKSP,SKCG,8229,NO_EXISTE_EN_AVA,,,sin numero directo confirmado de Avianca en este sentido (posible itinerario con escala o ruta no operada por AVA): mantener numero propio y alinear el bloque
LG06QM7NW834BEMD,SKSP,SKCL,8097,NO_EXISTE_EN_AVA,,,sin numero directo confirmado de Avianca en este sentido (posible itinerario con escala o ruta no operada por AVA): mantener numero propio y alinear el bloque
L4MWzVxv3VPVJEgD,SKSP,SKPV,9015,NO_EXISTE_EN_AVA,,,sin numero directo confirmado de Avianca en este sentido (posible itinerario con escala o ruta no operada por AVA): mantener numero propio y alinear el bloque
nVE315enk5kxJWXd,SKTL,SKMD,8026,NO_EXISTE_EN_AVA,,,sin numero directo confirmado de Avianca en este sentido (posible itinerario con escala o ruta no operada por AVA): mantener numero propio y alinear el bloque
YWgbvxKYj24qdgdl,SKTL,SKVV,8218,NO_EXISTE_EN_AVA,,,sin numero directo confirmado de Avianca en este sentido (posible itinerario con escala o ruta no operada por AVA): mantener numero propio y alinear el bloque
vOZW9wmax5b98j1n,SKTM,SKVV,8222,NO_EXISTE_EN_AVA,,,sin numero directo confirmado de Avianca en este sentido (posible itinerario con escala o ruta no operada por AVA): mantener numero propio y alinear el bloque
wVzPnvl9WvXxabMg,SKUC,SKCC,9148,NO_EXISTE_EN_AVA,,,sin numero directo confirmado de Avianca en este sentido (posible itinerario con escala o ruta no operada por AVA): mantener numero propio y alinear el bloque
Lmoa6JjAYe7b5KJD,SKUC,SKVV,8224,NO_EXISTE_EN_AVA,,,sin numero directo confirmado de Avianca en este sentido (posible itinerario con escala o ruta no operada por AVA): mantener numero propio y alinear el bloque
7R9eYQkwpQJN39kn,SKUI,SKCL,8098,NO_EXISTE_EN_AVA,,,sin numero directo confirmado de Avianca en este sentido (posible itinerario con escala o ruta no operada por AVA): mantener numero propio y alinear el bloque
gjOwdJg08J7KlZzm,SKUI,SKMD,8030,NO_EXISTE_EN_AVA,,,sin numero directo confirmado de Avianca en este sentido (posible itinerario con escala o ruta no operada por AVA): mantener numero propio y alinear el bloque
EWnRZ73QayVERnKR,SKUI,SKVV,8226,NO_EXISTE_EN_AVA,,,sin numero directo confirmado de Avianca en este sentido (posible itinerario con escala o ruta no operada por AVA): mantener numero propio y alinear el bloque
gkG2Q3lYJ3EekZlw,SKVG,SKCL,8235,NO_EXISTE_EN_AVA,,,sin numero directo confirmado de Avianca en este sentido (posible itinerario con escala o ruta no operada por AVA): mantener numero propio y alinear el bloque
Ld7Z4pbA5pzQY6rx,SKVP,SKCG,5994,NO_EXISTE_EN_AVA,,,sin numero directo confirmado de Avianca en este sentido (posible itinerario con escala o ruta no operada por AVA): mantener numero propio y alinear el bloque
2YnRa8L1G8gAXzkE,SKVP,SKMD,8032,NO_EXISTE_EN_AVA,,,sin numero directo confirmado de Avianca en este sentido (posible itinerario con escala o ruta no operada por AVA): mantener numero propio y alinear el bloque
nKlReKy780KY0PDr,SKVP,SKMR,9014,NO_EXISTE_EN_AVA,,,sin numero directo confirmado de Avianca en este sentido (posible itinerario con escala o ruta no operada por AVA): mantener numero propio y alinear el bloque
PJK8DdvRlB4GXKo3,SKVP,SKVV,8228,NO_EXISTE_EN_AVA,,,sin numero directo confirmado de Avianca en este sentido (posible itinerario con escala o ruta no operada por AVA): mantener numero propio y alinear el bloque
r7YQyPG23oA56YqZ,SKVV,SKAR,8132,NO_EXISTE_EN_AVA,,,sin numero directo confirmado de Avianca en este sentido (posible itinerario con escala o ruta no operada por AVA): mantener numero propio y alinear el bloque
gKB2aP7eA6EqM9Xk,SKVV,SKBG,8136,NO_EXISTE_EN_AVA,,,sin numero directo confirmado de Avianca en este sentido (posible itinerario con escala o ruta no operada por AVA): mantener numero propio y alinear el bloque
8X0Pv38Oe3DnDbr9,SKVV,SKBG,8236,NO_EXISTE_EN_AVA,,,sin numero directo confirmado de Avianca en este sentido (posible itinerario con escala o ruta no operada por AVA): mantener numero propio y alinear el bloque
Mlpl2r8XBlKzaWy7,SKVV,SKBQ,8138,NO_EXISTE_EN_AVA,,,sin numero directo confirmado de Avianca en este sentido (posible itinerario con escala o ruta no operada por AVA): mantener numero propio y alinear el bloque
2DAJJK1B3a4EwAdW,SKVV,SKBU,4897,NO_EXISTE_EN_AVA,,,sin numero directo confirmado de Avianca en este sentido (posible itinerario con escala o ruta no operada por AVA): mantener numero propio y alinear el bloque
KyjgWlma7VMQ0Rao,SKVV,SKCC,8141,NO_EXISTE_EN_AVA,,,sin numero directo confirmado de Avianca en este sentido (posible itinerario con escala o ruta no operada por AVA): mantener numero propio y alinear el bloque
3NP1qZGayLOWDPLG,SKVV,SKCG,8147,NO_EXISTE_EN_AVA,,,sin numero directo confirmado de Avianca en este sentido (posible itinerario con escala o ruta no operada por AVA): mantener numero propio y alinear el bloque
K4qr6n0pzbWrBq2z,SKVV,SKCL,8149,NO_EXISTE_EN_AVA,,,sin numero directo confirmado de Avianca en este sentido (posible itinerario con escala o ruta no operada por AVA): mantener numero propio y alinear el bloque
5e72VA5l1An9v7jP,SKVV,SKCL,8150,NO_EXISTE_EN_AVA,,,sin numero directo confirmado de Avianca en este sentido (posible itinerario con escala o ruta no operada por AVA): mantener numero propio y alinear el bloque
k896jebv71d7K9RV,SKVV,SKCZ,8151,NO_EXISTE_EN_AVA,,,sin numero directo confirmado de Avianca en este sentido (posible itinerario con escala o ruta no operada por AVA): mantener numero propio y alinear el bloque
VKz3Ao5yn9Rjb16Q,SKVV,SKEJ,8153,NO_EXISTE_EN_AVA,,,sin numero directo confirmado de Avianca en este sentido (posible itinerario con escala o ruta no operada por AVA): mantener numero propio y alinear el bloque
qV7q1PAqgRODB7Om,SKVV,SKFL,8155,NO_EXISTE_EN_AVA,,,sin numero directo confirmado de Avianca en este sentido (posible itinerario con escala o ruta no operada por AVA): mantener numero propio y alinear el bloque
NRKA4eqA8DmQoBG1,SKVV,SKGI,8157,NO_EXISTE_EN_AVA,,,sin numero directo confirmado de Avianca en este sentido (posible itinerario con escala o ruta no operada por AVA): mantener numero propio y alinear el bloque
W7jbyab5XEJRR1Np,SKVV,SKGP,8159,NO_EXISTE_EN_AVA,,,sin numero directo confirmado de Avianca en este sentido (posible itinerario con escala o ruta no operada por AVA): mantener numero propio y alinear el bloque
RQwGPoXdlE8VXLK7,SKVV,SKGY,8161,NO_EXISTE_EN_AVA,,,sin numero directo confirmado de Avianca en este sentido (posible itinerario con escala o ruta no operada por AVA): mantener numero propio y alinear el bloque
aej0R8jVoZDZNLqR,SKVV,SKIB,8163,NO_EXISTE_EN_AVA,,,sin numero directo confirmado de Avianca en este sentido (posible itinerario con escala o ruta no operada por AVA): mantener numero propio y alinear el bloque
GNV8noK1Yv0Xe5j9,SKVV,SKIP,8165,NO_EXISTE_EN_AVA,,,sin numero directo confirmado de Avianca en este sentido (posible itinerario con escala o ruta no operada por AVA): mantener numero propio y alinear el bloque
6eVDEaqXWYj7wJxo,SKVV,SKLC,8167,NO_EXISTE_EN_AVA,,,sin numero directo confirmado de Avianca en este sentido (posible itinerario con escala o ruta no operada por AVA): mantener numero propio y alinear el bloque
5qWkB71Ka8Dzgn3G,SKVV,SKMD,8169,NO_EXISTE_EN_AVA,,,sin numero directo confirmado de Avianca en este sentido (posible itinerario con escala o ruta no operada por AVA): mantener numero propio y alinear el bloque
vOrRz7AJv7vLNrw0,SKVV,SKMD,8237,NO_EXISTE_EN_AVA,,,sin numero directo confirmado de Avianca en este sentido (posible itinerario con escala o ruta no operada por AVA): mantener numero propio y alinear el bloque
L9VORPKk67mGGqm7,SKVV,SKMR,8171,NO_EXISTE_EN_AVA,,,sin numero directo confirmado de Avianca en este sentido (posible itinerario con escala o ruta no operada por AVA): mantener numero propio y alinear el bloque
D7N3ZmQ0bp20g6dA,SKVV,SKMU,8173,NO_EXISTE_EN_AVA,,,sin numero directo confirmado de Avianca en este sentido (posible itinerario con escala o ruta no operada por AVA): mantener numero propio y alinear el bloque
vBW9dzVrLJMmK3pM,SKVV,SKMZ,8175,NO_EXISTE_EN_AVA,,,sin numero directo confirmado de Avianca en este sentido (posible itinerario con escala o ruta no operada por AVA): mantener numero propio y alinear el bloque
NVk0OOVEblXv10gD,SKVV,SKNQ,8177,NO_EXISTE_EN_AVA,,,sin numero directo confirmado de Avianca en este sentido (posible itinerario con escala o ruta no operada por AVA): mantener numero propio y alinear el bloque
aLpVPyVkR1j5gWGA,SKVV,SKNV,8179,NO_EXISTE_EN_AVA,,,sin numero directo confirmado de Avianca en este sentido (posible itinerario con escala o ruta no operada por AVA): mantener numero propio y alinear el bloque
AK1k3X16OlRVDnRq,SKVV,SKPA,8181,NO_EXISTE_EN_AVA,,,sin numero directo confirmado de Avianca en este sentido (posible itinerario con escala o ruta no operada por AVA): mantener numero propio y alinear el bloque
ENwxbNzqePBbJKoA,SKVV,SKPC,4001,NO_EXISTE_EN_AVA,,,sin numero directo confirmado de Avianca en este sentido (posible itinerario con escala o ruta no operada por AVA): mantener numero propio y alinear el bloque
rwl6jRJkKrNwQlW1,SKVV,SKPC,8183,NO_EXISTE_EN_AVA,,,sin numero directo confirmado de Avianca en este sentido (posible itinerario con escala o ruta no operada por AVA): mantener numero propio y alinear el bloque
OGM808QZ1A2lZM5R,SKVV,SKPD,8185,NO_EXISTE_EN_AVA,,,sin numero directo confirmado de Avianca en este sentido (posible itinerario con escala o ruta no operada por AVA): mantener numero propio y alinear el bloque
znjLL8y67nPPDj7W,SKVV,SKPE,8187,NO_EXISTE_EN_AVA,,,sin numero directo confirmado de Avianca en este sentido (posible itinerario con escala o ruta no operada por AVA): mantener numero propio y alinear el bloque
yEV9eOn4JaAM5Vjd,SKVV,SKPE,8238,NO_EXISTE_EN_AVA,,,sin numero directo confirmado de Avianca en este sentido (posible itinerario con escala o ruta no operada por AVA): mantener numero propio y alinear el bloque
xrbrl1YQJ5NzkMBD,SKVV,SKPI,8189,NO_EXISTE_EN_AVA,,,sin numero directo confirmado de Avianca en este sentido (posible itinerario con escala o ruta no operada por AVA): mantener numero propio y alinear el bloque
9BpEaxq04MvJdpa7,SKVV,SKPP,8191,NO_EXISTE_EN_AVA,,,sin numero directo confirmado de Avianca en este sentido (posible itinerario con escala o ruta no operada por AVA): mantener numero propio y alinear el bloque
o2WmNGWgDrxGVMnj,SKVV,SKPS,8193,NO_EXISTE_EN_AVA,,,sin numero directo confirmado de Avianca en este sentido (posible itinerario con escala o ruta no operada por AVA): mantener numero propio y alinear el bloque
X0g28OWzx1q0z9DN,SKVV,SKSJ,8195,NO_EXISTE_EN_AVA,,,sin numero directo confirmado de Avianca en este sentido (posible itinerario con escala o ruta no operada por AVA): mantener numero propio y alinear el bloque
mLpP4dyl378PPpOA,SKVV,SKSM,8214,NO_EXISTE_EN_AVA,,,sin numero directo confirmado de Avianca en este sentido (posible itinerario con escala o ruta no operada por AVA): mantener numero propio y alinear el bloque
wQ9drpeaO42EaN35,SKVV,SKTL,8217,NO_EXISTE_EN_AVA,,,sin numero directo confirmado de Avianca en este sentido (posible itinerario con escala o ruta no operada por AVA): mantener numero propio y alinear el bloque
qyej0d1k6zlx9PpW,SKVV,SKTM,8221,NO_EXISTE_EN_AVA,,,sin numero directo confirmado de Avianca en este sentido (posible itinerario con escala o ruta no operada por AVA): mantener numero propio y alinear el bloque
Bk6z48pvjYK3A1Xm,SKVV,SKUC,8223,NO_EXISTE_EN_AVA,,,sin numero directo confirmado de Avianca en este sentido (posible itinerario con escala o ruta no operada por AVA): mantener numero propio y alinear el bloque
zoeNR5DM37mV5ep9,SKVV,SKUI,8225,NO_EXISTE_EN_AVA,,,sin numero directo confirmado de Avianca en este sentido (posible itinerario con escala o ruta no operada por AVA): mantener numero propio y alinear el bloque
yVZp7AvEkGPEKnvK,SKVV,SKVP,8227,NO_EXISTE_EN_AVA,,,sin numero directo confirmado de Avianca en este sentido (posible itinerario con escala o ruta no operada por AVA): mantener numero propio y alinear el bloque
MXl3dAXRjVwRyPL7,SKVV,SKYP,8233,NO_EXISTE_EN_AVA,,,sin numero directo confirmado de Avianca en este sentido (posible itinerario con escala o ruta no operada por AVA): mantener numero propio y alinear el bloque
V87V30zBYVO4OwN0,SKYP,SKBO,8239,NO_EXISTE_EN_AVA,4858,si,numero de Avianca en servicio en esa misma ruta (2026)
EJbRGjedLj96z36D,SKYP,SKSO,9003,NO_EXISTE_EN_AVA,,,sin numero directo confirmado de Avianca en este sentido (posible itinerario con escala o ruta no operada por AVA): mantener numero propio y alinear el bloque
ZxXwzq8jWG2RyAgn,SKYP,SKVV,8234,NO_EXISTE_EN_AVA,,,sin numero directo confirmado de Avianca en este sentido (posible itinerario con escala o ruta no operada por AVA): mantener numero propio y alinear el bloque
eJY2GPR6Qlon8Kq1,SLLP,SKBO,876,NO_EXISTE_EN_AVA,224,no,numero de Avianca en servicio en esa misma ruta (2026)
97eb8303-3164-46b8-9847-d1bd359c5d74,SLLP,SKBO,882,NO_EXISTE_EN_AVA,,,sin numero directo confirmado de Avianca en este sentido (posible itinerario con escala o ruta no operada por AVA): mantener numero propio y alinear el bloque
Rp8lN3po9rn3v5Qb,SPJC,SKCG,495,NO_EXISTE_EN_AVA,,,sin numero directo confirmado de Avianca en este sentido (posible itinerario con escala o ruta no operada por AVA): mantener numero propio y alinear el bloque
NojmRQy8x1PwaAy6,SPJC,SKCL,390,NO_EXISTE_EN_AVA,,,sin numero directo confirmado de Avianca en este sentido (posible itinerario con escala o ruta no operada por AVA): mantener numero propio y alinear el bloque
f499ffe3-21a9-462c-be5d-1949ab2bed02,SPJC,SKCL,898,NO_EXISTE_EN_AVA,,,sin numero directo confirmado de Avianca en este sentido (posible itinerario con escala o ruta no operada por AVA): mantener numero propio y alinear el bloque
rlR9KwPgQJ71X9xX,SPJC,SKRG,394,NO_EXISTE_EN_AVA,,,sin numero directo confirmado de Avianca en este sentido (posible itinerario con escala o ruta no operada por AVA): mantener numero propio y alinear el bloque
cdb25afe-f47a-4826-bf2e-b8191a756ed5,SPJC,SKRG,900,NO_EXISTE_EN_AVA,,,sin numero directo confirmado de Avianca en este sentido (posible itinerario con escala o ruta no operada por AVA): mantener numero propio y alinear el bloque
32646f55-183f-4e69-85a8-04e65eb627f7,SUMU,SKBO,848,NO_EXISTE_EN_AVA,,,sin numero directo confirmado de Avianca en este sentido (posible itinerario con escala o ruta no operada por AVA): mantener numero propio y alinear el bloque
7jqr3GQ50GGr0paW,TNCA,SKBO,479,NO_EXISTE_EN_AVA,233,si,numero de Avianca en servicio en esa misma ruta (2026)
axyqX8RgZMoaN0oZ,TNCA,SKRG,497,NO_EXISTE_EN_AVA,,,sin numero directo confirmado de Avianca en este sentido (posible itinerario con escala o ruta no operada por AVA): mantener numero propio y alinear el bloque
3eBE6EDGNRRy49P7,TNCC,SKRG,499,NO_EXISTE_EN_AVA,,,sin numero directo confirmado de Avianca en este sentido (posible itinerario con escala o ruta no operada por AVA): mantener numero propio y alinear el bloque
224de7c0-3877-4b5f-ab32-5720fc5a8150,TNCC,SKRG,866,NO_EXISTE_EN_AVA,,,sin numero directo confirmado de Avianca en este sentido (posible itinerario con escala o ruta no operada por AVA): mantener numero propio y alinear el bloque
