operador,numero,origen,destino,equipo_observado,distancia_nm,tiempo_min,salida_utc,llegada_utc,subflotas,ultima_vez,ruta_confirmada
EFY,4829,SKBO,SKEJ,AT72,140.93,30,11:50,12:20,"12,11",20261004 1150Z,SKBO-SKEJ
EFY,4835,SKBO,SKNV,AT72,125.62,30,18:20,18:50,"12,11",20261003 1820Z,SKBO-SKNV
EFY,4854,SKUI,SKBO,AT72,160.53,35,17:00,17:35,"12,11",20261003 1700Z,SKUI-SKBO
EFY,4855,SKBO,SKUI,AT72,160.53,35,15:15,15:50,"12,11",20261004 1515Z,SKBO-SKUI
EFY,4857,SKBO,SKYP,AT72,111.77,25,18:05,18:30,"12,11",20261003 1805Z,SKBO-SKYP
EFY,4858,SKYP,SKBO,AT72,111.77,25,19:35,20:00,"12,11",20261003 1935Z,SKYP-SKBO
EFY,4859,SKBO,SKNV,AT72,125.62,30,21:55,22:25,"12,11",20261003 2155Z,SKBO-SKNV
EFY,4860,SKNV,SKBO,AT72,125.62,30,23:40,00:10,"12,11",20261003 2340Z,SKNV-SKBO
EFY,4880,SKBO,SKVV,AT72,45.22,10,15:00,15:10,"12,11",20261004 1500Z,SKBO-SKVV
EFY,6908,SKCL,SKGP,AT43,108.1,25,14:28,14:53,"11,12",20261004 1428Z,SKCL-SKGP
EFY,6909,SKGP,SKCL,AT43,108.1,25,17:03,17:28,"11,12",20261003 1703Z,SKGP-SKCL
EFY,6910,SKCL,SKGP,AT43,108.1,25,17:08,17:33,"11,12",20261003 1708Z,SKCL-SKGP
EFY,6911,SKGP,SKCL,AT43,108.1,25,18:13,18:38,"11,12",20261003 1813Z,SKGP-SKCL
EFY,6912,SKCL,SKMD,AT43,167.57,40,11:10,11:50,"11,12",20261003 1110Z,SKCL-SKMD
EFY,6913,SKMD,SKCL,AT43,167.57,40,12:30,13:10,"11,12",20261003 1230Z,SKMD-SKCL
EFY,6915,SKMD,SKCL,AT43,167.57,40,14:20,15:00,"11,12",20261003 1420Z,SKMD-SKCL
EFY,6916,SKCL,SKMD,AT43,167.57,40,15:50,16:30,"11,12",20261003 1550Z,SKCL-SKMD
EFY,6917,SKMD,SKCL,AT43,167.57,40,14:10,14:50,"11,12",20261002 1410Z,SKMD-SKCL
EFY,6918,SKCL,SKMD,AT43,167.57,40,15:40,16:20,"11,12",20261002 1540Z,SKCL-SKMD
EFY,6925,SKMD,SKCL,AT43,167.57,40,19:40,20:20,"11,12",20261003 1940Z,SKMD-SKCL
EFY,6926,SKCL,SKMD,AT43,167.57,40,18:10,18:50,"11,12",20261003 1810Z,SKCL-SKMD
EFY,6932,SKBO,SKSJ,AT43,156.17,35,17:20,17:55,"11,12",20261004 1720Z,SKBO-SKSJ
EFY,6950,SKMD,SKBS,AT43,107.69,25,17:10,17:35,"11,12",20261003 1710Z,SKMD-SKBS
EFY,6951,SKBS,SKMD,AT43,107.69,25,18:25,18:50,"11,12",20261003 1825Z,SKBS-SKMD
EFY,6966,SKCL,SKAS,AT43,182.54,40,17:50,18:30,"11,12",20261004 1750Z,SKCL-SKAS
EFY,6967,SKAS,SKCL,AT43,182.54,40,19:15,19:55,"11,12",20261004 1915Z,SKAS-SKCL
EFY,6974,SKMD,SKNQ,AT43,105.71,25,15:37,16:02,"11,12",20261003 1537Z,SKMD-SKNQ
EFY,6975,SKNQ,SKMD,AT43,105.71,25,16:38,17:03,"11,12",20261003 1638Z,SKNQ-SKMD
EFY,6976,SKMD,SKNQ,AT43,105.71,25,20:12,20:37,"11,12",20261003 2012Z,SKMD-SKNQ
EFY,6977,SKNQ,SKMD,AT43,105.71,25,21:13,21:38,"11,12",20261003 2113Z,SKNQ-SKMD
EFY,6978,SKBO,SKEJ,AT43,140.93,35,10:40,11:15,"11,12",20261002 1040Z,SKBO-SKEJ
EFY,6979,SKEJ,SKBO,AT43,140.93,35,12:10,12:45,"11,12",20261002 1210Z,SKEJ-SKBO
EFY,6984,SKBO,SKEJ,AT43,140.93,35,21:00,21:35,"11,12",20261002 2100Z,SKBO-SKEJ
EFY,6985,SKEJ,SKBO,AT72,140.93,30,22:40,23:10,"12,11",20261002 2240Z,SKEJ-SKBO
EFY,6987,SKPS,SKCL,AT72,139.98,30,12:16,12:46,"12,11",20260928 1216Z,SKPS-SKCL
EFY,6988,SKCL,SKPS,AT43,139.98,35,13:30,14:05,"11,12",20261003 1330Z,SKCL-SKPS
EFY,6990,SKCL,SKPS,AT43,139.98,35,19:20,19:55,"11,12",20261002 1920Z,SKCL-SKPS
EFY,6991,SKPS,SKCL,AT43,139.98,35,20:35,21:10,"11,12",20261002 2035Z,SKPS-SKCL
EFY,7772,SKCL,SKVV,AT43,169.99,40,19:20,20:00,"11,12",20261003 1920Z,SKCL-SKVV
EFY,7773,SKVV,SKCL,AT43,169.99,40,20:50,21:30,"11,12",20261003 2050Z,SKVV-SKCL
EFY,7776,SKMD,SKTL,AT43,197.47,45,16:10,16:55,"11,12",20261003 1610Z,SKMD-SKTL
EFY,7777,SKTL,SKMD,AT43,197.47,45,17:35,18:20,"11,12",20261003 1735Z,SKTL-SKMD
EFY,7778,SKMD,SKTL,AT43,197.47,45,17:10,17:55,"11,12",20261004 1710Z,SKMD-SKTL
EFY,7794,SKCL,SKCO,AT43,175.89,40,14:00,14:40,"11,12",20261003 1400Z,SKCL-SKCO
EFY,7795,SKCO,SKCL,AT43,175.89,40,15:30,16:10,"11,12",20261003 1530Z,SKCO-SKCL
EFY,7798,SKCL,SKCO,AT43,175.89,40,21:50,22:30,"11,12",20261002 2150Z,SKCL-SKCO
EFY,7799,SKCO,SKCL,AT43,175.89,40,23:20,00:00,"11,12",20261002 2320Z,SKCO-SKCL
EFY,7806,SKMD,SKMZ,AT43,71.9,15,11:46,12:01,"11,12",20261002 1146Z,SKMD-SKMZ
EFY,7807,SKMZ,SKMD,AT43,71.9,15,12:40,12:55,"11,12",20261002 1240Z,SKMZ-SKMD
EFY,7812,SKBO,SKMZ,AT43,81.26,20,10:50,11:10,"11,12",20261002 1050Z,SKBO-SKMZ
EFY,7813,SKMZ,SKBO,AT43,81.26,20,12:19,12:39,"11,12",20261002 1219Z,SKMZ-SKBO
EFY,7816,SKBO,SKMZ,AT72,81.26,20,16:50,17:10,"12,11",20261004 1650Z,SKBO-SKMZ
EFY,7817,SKMZ,SKBO,AT72,81.26,20,18:19,18:39,"12,11",20261004 1819Z,SKMZ-SKBO
EFY,7818,SKBO,SKNA,AT43,153.19,35,15:40,16:15,"11,12",20261002 1540Z,SKBO-SKNA
EFY,7819,SKNA,SKBO,AT43,153.19,35,17:40,18:15,"11,12",20261002 1740Z,SKNA-SKBO
EFY,7820,SKMD,SKVV,AT43,170.76,40,14:10,14:50,"11,12",20261004 1410Z,SKMD-SKVV
EFY,7821,SKVV,SKMD,AT43,170.76,40,15:40,16:20,"11,12",20261004 1540Z,SKVV-SKMD
EFY,7834,SKBO,SKMZ,AT72,81.26,20,13:40,14:00,"12,11",20261003 1340Z,SKBO-SKMZ
EFY,7835,SKMZ,SKBO,AT72,81.26,20,15:44,16:04,"12,11",20261003 1544Z,SKMZ-SKBO
EFY,7836,SKBO,SKMZ,AT72,81.26,20,17:50,18:10,"12,11",20261002 1750Z,SKBO-SKMZ
EFY,7837,SKMZ,SKBO,AT72,81.26,20,19:24,19:44,"12,11",20261002 1924Z,SKMZ-SKBO
EFY,7838,SKBO,SKMZ,AT43,81.26,20,20:40,21:00,"11,12",20261003 2040Z,SKBO-SKMZ
EFY,7839,SKMZ,SKBO,AT43,81.26,20,22:14,22:34,"11,12",20261003 2214Z,SKMZ-SKBO
EFY,7850,SKMD,SKTL,AT43,197.47,45,14:10,14:55,"11,12",20261003 1410Z,SKMD-SKTL
EFY,7851,SKTL,SKMD,AT43,197.47,45,15:35,16:20,"11,12",20261003 1535Z,SKTL-SKMD
EFY,7864,SKMD,SKBS,AT43,107.69,25,17:45,18:10,"11,12",20261003 1745Z,SKMD-SKBS
EFY,7865,SKBS,SKMD,AT43,107.69,25,19:00,19:25,"11,12",20261003 1900Z,SKBS-SKMD
EFY,7880,SKBO,SKVV,AT43,45.22,10,14:40,14:50,"11,12",20261002 1440Z,SKBO-SKVV
EFY,7881,SKVV,SKBO,AT43,45.22,10,16:00,16:10,"11,12",20261002 1600Z,SKVV-SKBO
EFY,7898,SKCL,SKBO,AT43,150.82,35,00:55,01:30,"11,12",20261003 0055Z,SKCL-SKBO
EFY,7899,SKBO,SKCL,AT43,150.82,35,02:25,03:00,"11,12",20261003 0225Z,SKBO-SKCL
EFY,8940,SKBO,SKUI,AT43,160.53,35,13:40,14:15,"11,12",20261003 1340Z,SKBO-SKUI
EFY,8941,SKUI,SKBO,AT43,160.53,35,17:25,18:00,"11,12",20261003 1725Z,SKUI-SKBO
EFY,8942,SKBO,SKUI,AT43,160.53,35,21:35,22:10,"11,12",20261003 2135Z,SKBO-SKUI
EFY,8943,SKUI,SKBO,AT43,160.53,35,23:15,23:50,"11,12",20261003 2315Z,SKUI-SKBO
EFY,8944,SKMD,SKUI,AT43,70.34,15,11:57,12:12,"11,12",20261003 1157Z,SKMD-SKUI
EFY,8945,SKUI,SKMD,AT43,70.34,15,12:58,13:13,"11,12",20261003 1258Z,SKUI-SKMD
EFY,8946,SKMD,SKUI,AT43,70.34,15,16:22,16:37,"11,12",20261003 1622Z,SKMD-SKUI
EFY,8947,SKUI,SKMD,AT43,70.34,15,15:18,15:33,"11,12",20261003 1518Z,SKUI-SKMD
EFY,8948,SKMD,SKUI,AT72,70.34,15,15:17,15:32,"12,11",20261004 1517Z,SKMD-SKUI
EFY,8949,SKUI,SKMD,AT72,70.34,15,16:23,16:38,"12,11",20261004 1623Z,SKUI-SKMD
EFY,8950,SKMD,SKUI,AT72,70.34,15,19:37,19:52,"12,11",20261003 1937Z,SKMD-SKUI
EFY,8951,SKUI,SKMD,AT72,70.34,15,20:38,20:53,"12,11",20261003 2038Z,SKUI-SKMD
EFY,8952,SKMD,SKUI,AT72,70.34,15,17:52,18:07,"12,11",20260929 1752Z,SKMD-SKUI
EFY,8953,SKUI,SKMD,AT72,70.34,15,18:53,19:08,"12,11",20260929 1853Z,SKUI-SKMD
EFY,8954,SKMD,SKUI,AT43,70.34,15,17:27,17:42,"11,12",20261003 1727Z,SKMD-SKUI
EFY,8955,SKUI,SKMD,AT43,70.34,15,18:33,18:48,"11,12",20261003 1833Z,SKUI-SKMD
EFY,8958,SKMD,SKUI,AT72,70.34,15,20:17,20:32,"12,11",20261003 2017Z,SKMD-SKUI
EFY,8959,SKUI,SKMD,AT72,70.34,15,21:18,21:33,"12,11",20261003 2118Z,SKUI-SKMD
EFY,8970,SKMD,SKLC,AT72,116.75,25,11:14,11:39,"12,11",20261002 1114Z,SKMD-SKLC
EFY,8971,SKLC,SKMD,AT72,116.75,25,12:24,12:49,"12,11",20261002 1224Z,SKLC-SKMD
EFY,8972,SKMD,SKLC,AT43,116.75,25,13:19,13:44,"11,12",20261003 1319Z,SKMD-SKLC
EFY,8973,SKLC,SKMD,AT43,116.75,25,14:29,14:54,"11,12",20261003 1429Z,SKLC-SKMD
EFY,8976,SKMD,SKLC,AT72,116.75,25,17:54,18:19,"12,11",20261004 1754Z,SKMD-SKLC
EFY,8977,SKLC,SKMD,AT72,116.75,25,19:04,19:29,"12,11",20261004 1904Z,SKLC-SKMD
EFY,8978,SKMD,SKLC,AT43,116.75,25,20:14,20:39,"11,12",20261003 2014Z,SKMD-SKLC
EFY,8979,SKLC,SKMD,AT43,116.75,25,21:24,21:49,"11,12",20261003 2124Z,SKLC-SKMD
EFY,8980,SKMD,SKMR,AT43,156.92,35,11:10,11:45,"11,12",20261002 1110Z,SKMD-SKMR
EFY,8981,SKMR,SKMD,AT43,156.92,35,12:30,13:05,"11,12",20261002 1230Z,SKMR-SKMD
EFY,8982,SKMD,SKMR,AT72,156.92,35,14:05,14:40,"12,11",20261003 1405Z,SKMD-SKMR
EFY,8983,SKMR,SKMD,AT72,156.92,35,15:20,15:55,"12,11",20261003 1520Z,SKMR-SKMD
EFY,8984,SKMD,SKMR,AT43,156.92,35,17:10,17:45,"11,12",20261003 1710Z,SKMD-SKMR
EFY,8985,SKMR,SKMD,AT43,156.92,35,18:25,19:00,"11,12",20261003 1825Z,SKMR-SKMD
EFY,8986,SKMD,SKMR,AT43,156.92,35,16:05,16:40,"11,12",20261004 1605Z,SKMD-SKMR
EFY,8987,SKMR,SKMD,AT43,156.92,35,17:20,17:55,"11,12",20261004 1720Z,SKMR-SKMD
EFY,8988,SKMD,SKMR,AT43,156.92,35,19:55,20:30,"11,12",20261003 1955Z,SKMD-SKMR
EFY,8989,SKMR,SKMD,AT43,156.92,35,21:10,21:45,"11,12",20261003 2110Z,SKMR-SKMD
EFY,8994,SKBO,SKAS,AT43,288.8,65,12:10,13:15,"11,12",20261003 1210Z,SKBO-SKAS
EFY,8995,SKAS,SKBO,AT43,288.8,65,14:10,15:15,"11,12",20261003 1410Z,SKAS-SKBO
EFY,9010,SKBO,SKYP,AT43,111.77,25,10:40,11:05,"11,12",20261003 1040Z,SKBO-SKYP
EFY,9011,SKYP,SKBO,AT43,111.77,25,12:00,12:25,"11,12",20261003 1200Z,SKYP-SKBO
EFY,9014,SKBO,SKYP,AT43,111.77,25,13:40,14:05,"11,12",20261003 1340Z,SKBO-SKYP
EFY,9015,SKYP,SKBO,AT43,111.77,25,15:00,15:25,"11,12",20261003 1500Z,SKYP-SKBO
EFY,9016,SKBO,SKYP,AT72,111.77,25,17:30,17:55,"12,11",20261004 1730Z,SKBO-SKYP
EFY,9017,SKYP,SKBO,AT72,111.77,25,19:00,19:25,"12,11",20261004 1900Z,SKYP-SKBO
EFY,9020,SKBO,SKYP,AT72,111.77,25,19:10,19:35,"12,11",20261003 1910Z,SKBO-SKYP
EFY,9021,SKYP,SKBO,AT72,111.77,25,20:30,20:55,"12,11",20261003 2030Z,SKYP-SKBO
EFY,9026,SKBO,SKYP,AT72,111.77,25,22:20,22:45,"12,11",20261003 2220Z,SKBO-SKYP
EFY,9027,SKYP,SKBO,AT72,111.77,25,00:09,00:34,"12,11",20261004 0009Z,SKYP-SKBO
EFY,9028,SKBO,SKYP,AT43,111.77,25,00:15,00:40,"11,12",20261003 0015Z,SKBO-SKYP
EFY,9029,SKYP,SKBO,AT72,111.77,25,01:35,02:00,"12,11",20261003 0135Z,SKYP-SKBO
EFY,9030,SKBO,SKPI,AT43,206.54,50,16:10,17:00,"11,12",20261003 1610Z,SKBO-SKPI
EFY,9031,SKPI,SKBO,AT43,206.54,50,18:10,19:00,"11,12",20261003 1810Z,SKPI-SKBO
EFY,9034,SKBO,SKFL,AT72,205.28,45,13:30,14:15,"12,11",20261003 1330Z,SKBO-SKFL
EFY,9035,SKFL,SKBO,AT43,205.28,50,15:25,16:15,"11,12",20261003 1525Z,SKFL-SKBO
EFY,9036,SKBO,SKFL,AT43,205.28,50,20:40,21:30,"11,12",20261003 2040Z,SKBO-SKFL
EFY,9037,SKFL,SKBO,AT43,205.28,50,22:50,23:40,"11,12",20261003 2250Z,SKFL-SKBO
EFY,9038,SKBO,SKFL,AT72,205.28,45,22:40,23:25,"12,11",20261002 2240Z,SKBO-SKFL
EFY,9039,SKFL,SKBO,AT43,205.28,50,00:40,01:30,"11,12",20261003 0040Z,SKFL-SKBO
EFY,9040,SKBO,SKNV,AT43,125.62,30,10:50,11:20,"11,12",20261003 1050Z,SKBO-SKNV
EFY,9041,SKNV,SKBO,AT43,125.62,30,12:15,12:45,"11,12",20261003 1215Z,SKNV-SKBO
EFY,9042,SKBO,SKNV,AT43,125.62,30,00:40,01:10,"11,12",20261006 0040Z,SKBO-SKNV
EFY,9043,SKNV,SKBO,AT43,125.62,30,02:15,02:45,"11,12",20261006 0215Z,SKNV-SKBO
EFY,9044,SKBO,SKNV,AT43,125.62,30,16:50,17:20,"11,12",20261004 1650Z,SKBO-SKNV
EFY,9045,SKNV,SKBO,AT43,125.62,30,18:20,18:50,"11,12",20261003 1820Z,SKNV-SKBO
EFY,9046,SKBO,SKNV,AT43,125.62,30,20:50,21:20,"11,12",20261003 2050Z,SKBO-SKNV
EFY,9047,SKNV,SKBO,AT43,125.62,30,22:25,22:55,"11,12",20261003 2225Z,SKNV-SKBO
EFY,9048,SKBO,SKNV,AT72,125.62,30,00:30,01:00,"12,11",20261003 0030Z,SKBO-SKNV
EFY,9049,SKNV,SKBO,AT72,125.62,30,01:55,02:25,"12,11",20261003 0155Z,SKNV-SKBO
EFY,9050,SKMD,SKPE,AT43,85.0,20,12:07,12:27,"11,12",20261003 1207Z,SKMD-SKPE
EFY,9051,SKPE,SKMD,AT43,85.0,20,13:12,13:32,"11,12",20261003 1312Z,SKPE-SKMD
EFY,9052,SKMD,SKPE,AT72,85.0,20,14:10,14:30,"12,11",20260929 1410Z,SKMD-SKPE
EFY,9053,SKPE,SKMD,AT72,85.0,20,15:15,15:35,"12,11",20260929 1515Z,SKPE-SKMD
EFY,9054,SKMD,SKPE,AT72,85.0,20,18:02,18:22,"12,11",20261003 1802Z,SKMD-SKPE
EFY,9055,SKPE,SKMD,AT72,85.0,20,19:02,19:22,"12,11",20261003 1902Z,SKPE-SKMD
EFY,9056,SKMD,SKPE,AT43,85.0,20,18:32,18:52,"11,12",20261004 1832Z,SKMD-SKPE
EFY,9057,SKPE,SKMD,AT43,85.0,20,19:32,19:52,"11,12",20261004 1932Z,SKPE-SKMD
EFY,9058,SKMD,SKPE,AT43,85.0,20,20:32,20:52,"11,12",20261003 2032Z,SKMD-SKPE
EFY,9059,SKPE,SKMD,AT72,85.0,20,21:32,21:52,"12,11",20261003 2132Z,SKPE-SKMD
EFY,9060,SKBG,SKCC,AT72,62.61,15,11:17,11:32,"12,11",20261003 1117Z,SKBG-SKCC
EFY,9061,SKCC,SKBG,AT72,62.61,15,12:22,12:37,"12,11",20261003 1222Z,SKCC-SKBG
EFY,9070,SKBG,SKCC,AT72,62.61,15,23:57,00:12,"12,11",20261002 2357Z,SKBG-SKCC
EFY,9071,SKCC,SKBG,AT72,62.61,15,01:02,01:17,"12,11",20261003 0102Z,SKCC-SKBG
EFY,9080,SKMD,SKBG,AT43,153.43,35,11:00,11:35,"11,12",20261002 1100Z,SKMD-SKBG
EFY,9081,SKBG,SKMD,AT72,153.43,35,18:34,19:09,"12,11",20261003 1834Z,SKBG-SKMD
EFY,9082,SKMD,SKBG,AT72,153.43,35,17:35,18:10,"12,11",20261004 1735Z,SKMD-SKBG
EFY,9083,SKBG,SKMD,AT72,153.43,35,11:34,12:09,"12,11",20260921 1134Z,SKBG-SKMD
EFY,9084,SKMD,SKBG,AT72,153.43,35,15:35,16:10,"12,11",20261003 1535Z,SKMD-SKBG
EFY,9085,SKBG,SKMD,AT72,153.43,35,16:49,17:24,"12,11",20261003 1649Z,SKBG-SKMD
EFY,9088,SKMD,SKBG,AT72,153.43,35,22:20,22:55,"12,11",20261002 2220Z,SKMD-SKBG
EFY,9089,SKBG,SKMD,AT72,153.43,35,21:09,21:44,"12,11",20261002 2109Z,SKBG-SKMD
EFY,9094,SKBG,SKUC,AT72,145.89,30,15:45,16:15,"12,11",20261003 1545Z,SKBG-SKUC
EFY,9095,SKUC,SKBG,AT72,145.89,30,17:10,17:40,"12,11",20261003 1710Z,SKUC-SKBG
EFY,9096,SKBG,SKUC,AT72,145.89,30,17:55,18:25,"12,11",20261005 1755Z,SKBG-SKUC
EFY,9097,SKUC,SKBG,AT72,145.89,30,19:20,19:50,"12,11",20261005 1920Z,SKUC-SKBG
EFY,9104,SKBO,SKMD,AT72,125.55,30,10:30,11:00,"12,11",20261003 1030Z,SKBO-SKMD
EFY,9105,SKMD,SKBO,AT72,125.55,30,12:10,12:40,"12,11",20261003 1210Z,SKMD-SKBO
EFY,9106,SKBO,SKMD,AT72,125.55,30,12:59,13:29,"12,11",20261003 1259Z,SKBO-SKMD
EFY,9107,SKMD,SKBO,AT72,125.55,30,14:55,15:25,"12,11",20261002 1455Z,SKMD-SKBO
EFY,9108,SKBO,SKMD,,125.55,20,12:39,12:59,"12,11,28",20260929 1239Z,SKBO-SKMD
EFY,9109,SKMD,SKBO,AT72,125.55,30,11:10,11:40,"12,11",20261003 1110Z,SKMD-SKBO
EFY,9110,SKBO,SKMD,AT72,125.55,30,12:35,13:05,"12,11",20261003 1235Z,SKBO-SKMD
EFY,9111,SKMD,SKBO,AT72,125.55,30,13:19,13:49,"12,11",20261002 1319Z,SKMD-SKBO
EFY,9112,SKBO,SKMD,AT43,125.55,30,15:10,15:40,"11,12",20261003 1510Z,SKBO-SKMD
EFY,9113,SKMD,SKBO,AT43,125.55,30,20:10,20:40,"11,12",20261003 2010Z,SKMD-SKBO
EFY,9114,SKBO,SKMD,AT72,125.55,30,14:08,14:38,"12,11",20261003 1408Z,SKBO-SKMD
EFY,9122,SKBO,SKMD,AT72,125.55,30,21:03,21:33,"12,11",20261002 2103Z,SKBO-SKMD
EFY,9123,SKMD,SKBO,AT72,125.55,30,22:22,22:52,"12,11",20261002 2222Z,SKMD-SKBO
EFY,9125,SKMD,SKBO,AT72,125.55,30,16:40,17:10,"12,11",20261003 1640Z,SKMD-SKBO
EFY,9126,SKBO,SKMD,AT72,125.55,30,18:10,18:40,"12,11",20261003 1810Z,SKBO-SKMD
EFY,9127,SKMD,SKBO,AT43,125.55,30,19:35,20:05,"11,12",20261003 1935Z,SKMD-SKBO
EFY,9128,SKBO,SKMD,AT43,125.55,30,21:10,21:40,"11,12",20261003 2110Z,SKBO-SKMD
EFY,9129,SKMD,SKBO,,125.55,20,22:03,22:23,"12,11,28",20260930 2203Z,SKMD-SKBO
EFY,9130,SKBO,SKMD,AT72,125.55,30,20:40,21:10,"12,11",20261003 2040Z,SKBO-SKMD
EFY,9131,SKMD,SKBO,AT72,125.55,30,22:20,22:50,"12,11",20261003 2220Z,SKMD-SKBO
EFY,9156,SKMD,SKIB,AT43,111.41,25,13:58,14:23,"11,12",20261003 1358Z,SKMD-SKIB
EFY,9157,SKIB,SKMD,AT43,111.41,25,15:03,15:28,"11,12",20261003 1503Z,SKIB-SKMD
EFY,9164,SKBO,SKPP,AT43,199.93,45,10:40,11:25,"11,12",20261002 1040Z,SKBO-SKPP
EFY,9165,SKPP,SKBO,AT43,199.93,45,12:35,13:20,"11,12",20261002 1235Z,SKPP-SKBO
EFY,9168,SKBO,SKPP,AT43,199.93,45,17:15,18:00,"11,12",20261003 1715Z,SKBO-SKPP
EFY,9169,SKPP,SKBO,AT43,199.93,45,19:05,19:50,"11,12",20261003 1905Z,SKPP-SKBO
EFY,9170,SKBO,SKUC,AT43,248.34,60,20:40,21:40,"11,12",20261003 2040Z,SKBO-SKUC
EFY,9171,SKUC,SKBO,AT43,248.34,60,22:40,23:40,"11,12",20261003 2240Z,SKUC-SKBO
EFY,9172,SKBO,SKUC,AT43,248.34,60,23:45,00:45,"11,12",20261004 2345Z,SKBO-SKUC
EFY,9173,SKUC,SKBO,AT43,248.34,60,01:45,02:45,"11,12",20261005 0145Z,SKUC-SKBO
EFY,9188,SKBO,SKPE,AT43,95.52,20,00:40,01:00,"11,12",20261003 0040Z,SKBO-SKPE
EFY,9189,SKPE,SKBO,AT43,95.52,20,02:05,02:25,"11,12",20261003 0205Z,SKPE-SKBO
NSE,6540,SKCL,SKPP,DHC6,66.78,20,11:18,11:38,27,20261002 1118Z,SKCL-SKPP
NSE,6544,SKCL,SKBS,AT43,170.8,40,13:10,13:50,"11,12",20261003 1310Z,SKCL-SKBS
NSE,6545,SKBS,SKCL,B190,170.8,25,14:45,15:10,"11,12",20261003 1445Z,SKBS-SKCL
NSE,6546,SKCL,SKNV,AT43,74.29,15,17:59,18:14,"11,12",20261002 1759Z,SKCL-SKNV
NSE,6547,SKNV,SKCL,B190,74.29,10,21:59,22:09,"11,12",20261002 2159Z,SKNV-SKCL
NSE,6549,SKNQ,SKCL,B190,140.03,20,17:50,18:10,"11,12",20261003 1750Z,SKNQ-SKCL
NSE,6551,SKPP,SKCL,,66.78,10,12:12,12:22,"11,12,28",20261003 1212Z,SKPP-SKCL
NSE,6553,SKGP,SKPP,B190,77.65,10,14:32,14:42,"11,12",20261002 1432Z,SKGP-SKPP
NSE,6753,SKVP,SKBQ,,94.39,15,13:32,13:47,"11,12,28",20261002 1332Z,SKVP-SKBQ
NSE,6756,SKMD,SKMR,E145,156.92,25,13:43,14:08,"11,12",20261003 1343Z,SKMD-SKMR
NSE,6757,SKMR,SKMD,E145,156.92,25,18:18,18:43,"11,12",20261003 1818Z,SKMR-SKMD
NSE,6758,SKMD,SKVP,,288.72,50,11:19,12:09,"11,12,28",20261002 1119Z,SKMD-SKVP
NSE,6759,SKVP,SKMD,,288.72,50,19:37,20:27,"11,12,28",20261002 1937Z,SKVP-SKMD
NSE,6763,SKMR,SKBQ,AT43,138.58,30,14:52,15:22,"11,12",20261002 1452Z,SKMR-SKBQ
NSE,7704,SKBO,SKAS,AT43,288.8,65,20:07,21:12,"11,12",20261003 2007Z,SKBO-SKAS
NSE,7724,SKMD,SKCZ,AT43,187.74,45,14:30,15:15,"11,12",20261004 1430Z,SKMD-SKCZ
NSE,8006,SKMD,SKLC,AT43,116.75,25,17:33,17:58,"11,12",20261003 1733Z,SKMD-SKLC
NSE,8007,SKLC,SKMD,AT43,116.75,25,18:48,19:13,"11,12",20261003 1848Z,SKLC-SKMD
NSE,8009,SKAS,SKBO,AT72,288.8,65,22:26,23:31,"12,11",20261003 2226Z,SKAS-SKBO
NSE,8601,SKMD,SKBO,E145,125.55,20,11:10,11:30,"11,12",20261004 1110Z,SKMD-SKBO
NSE,8602,SKBO,SKMD,AT72,125.55,30,11:42,12:12,"12,11",20261003 1142Z,SKBO-SKMD
NSE,8604,SKBO,SKMD,E145,125.55,20,13:54,14:14,"11,12",20261004 1354Z,SKBO-SKMD
NSE,8605,SKMD,SKBO,E145,125.55,20,22:06,22:26,"11,12",20261002 2206Z,SKMD-SKBO
NSE,8606,SKBO,SKMD,AT43,125.55,30,14:22,14:52,"11,12",20261003 1422Z,SKBO-SKMD
NSE,8607,SKMD,SKBO,,125.55,20,13:33,13:53,"11,12,28",20261003 1333Z,SKMD-SKBO
NSE,8616,SKBO,SKMD,E145,125.55,20,21:35,21:55,"11,12",20261003 2135Z,SKBO-SKMD
NSE,8619,SKMD,SKBO,E145,125.55,20,22:15,22:35,"11,12",20261003 2215Z,SKMD-SKBO
NSE,8645,SKBO,SKFL,AT43,205.28,50,15:15,16:05,"11,12",20261003 1515Z,SKBO-SKFL
NSE,8646,SKFL,SKBO,AT72,205.28,45,00:02,00:47,"12,11",20261005 0002Z,SKFL-SKBO
NSE,8652,SKCL,SKGP,AT43,108.1,25,18:38,19:03,"11,12",20261003 1838Z,SKCL-SKGP
NSE,8653,SKGP,SKCL,AT43,108.1,25,19:53,20:18,"11,12",20261003 1953Z,SKGP-SKCL
NSE,8654,SKCL,SKIP,AT43,178.63,40,19:10,19:50,"11,12",20261004 1910Z,SKCL-SKIP
NSE,8655,SKIP,SKCL,AT43,178.63,40,18:15,18:55,"11,12",20261004 1815Z,SKIP-SKCL
NSE,8658,SKBO,SKAS,AT43,288.8,65,23:37,00:42,"11,12",20261002 2337Z,SKBO-SKAS
NSE,8659,SKAS,SKBO,AT72,288.8,65,01:32,02:37,"12,11",20261003 0132Z,SKAS-SKBO
NSE,8660,SKMD,SKLC,AT43,116.75,25,12:17,12:42,"11,12",20261003 1217Z,SKMD-SKLC
NSE,8661,SKLC,SKMD,AT43,116.75,25,13:24,13:49,"11,12",20261003 1324Z,SKLC-SKMD
NSE,8662,SKMD,SKLC,AT72,116.75,25,18:28,18:53,"12,11",20261002 1828Z,SKMD-SKLC
NSE,8663,SKLC,SKMD,AT43,116.75,25,19:38,20:03,"11,12",20261002 1938Z,SKLC-SKMD
NSE,8664,SKMD,SKLC,AT43,116.75,25,18:48,19:13,"11,12",20261004 1848Z,SKMD-SKLC
NSE,8665,SKLC,SKMD,AT43,116.75,25,19:58,20:23,"11,12",20261004 1958Z,SKLC-SKMD
NSE,8666,SKMD,SKLC,AT43,116.75,25,19:28,19:53,"11,12",20261003 1928Z,SKMD-SKLC
NSE,8667,SKLC,SKMD,AT43,116.75,25,20:38,21:03,"11,12",20261003 2038Z,SKLC-SKMD
NSE,8669,SKAS,SKBO,AT72,288.8,65,02:03,03:08,"12,11",20261006 0203Z,SKAS-SKBO
NSE,8670,SKMD,SKUI,AT43,70.34,15,13:12,13:27,"11,12",20261003 1312Z,SKMD-SKUI
NSE,8671,SKUI,SKMD,AT43,70.34,15,14:17,14:32,"11,12",20261003 1417Z,SKUI-SKMD
NSE,8673,SKUI,SKMD,AT43,70.34,15,18:42,18:57,"11,12",20261003 1842Z,SKUI-SKMD
NSE,8676,SKMD,SKUI,AT43,70.34,15,19:42,19:57,"11,12",20261004 1942Z,SKMD-SKUI
NSE,8677,SKUI,SKMD,AT43,70.34,15,19:32,19:47,"11,12",20261004 1932Z,SKUI-SKMD
NSE,8678,SKMD,SKUI,AT72,70.34,15,18:32,18:47,"12,11",20261003 1832Z,SKMD-SKUI
NSE,8679,SKUI,SKMD,AT43,70.34,15,19:37,19:52,"11,12",20261003 1937Z,SKUI-SKMD
NSE,8680,SKMD,SKUI,AT43,70.34,15,21:27,21:42,"11,12",20261003 2127Z,SKMD-SKUI
NSE,8685,SKCO,SKBO,AT43,325.79,75,23:57,01:12,"11,12",20261002 2357Z,SKCO-SKBO
NSE,8687,SKCL,SKCO,AT43,175.89,40,11:10,11:50,"11,12",20261003 1110Z,SKCL-SKCO
NSE,8688,SKCO,SKCL,AT43,175.89,40,17:15,17:55,"11,12",20261003 1715Z,SKCO-SKCL
NSE,8692,SKMD,SKBS,AT43,107.69,25,16:10,16:35,"11,12",20261003 1610Z,SKMD-SKBS
NSE,8693,SKBS,SKMD,AT43,107.69,25,17:38,18:03,"11,12",20261003 1738Z,SKBS-SKMD
NSE,8700,SKBO,SKCZ,AT72,286.21,65,00:15,01:20,"12,11",20261003 0015Z,SKBO-SKCZ
NSE,8701,SKCZ,SKBO,AT72,286.21,65,02:25,03:30,"12,11",20261003 0225Z,SKCZ-SKBO
NSE,8702,SKBO,SKPC,AT72,407.52,90,14:25,15:55,"12,11",20261003 1425Z,SKBO-SKPC
NSE,8703,SKPC,SKBO,E145,407.52,65,16:28,17:33,"11,12",20261003 1628Z,SKPC-SKBO
NSE,8704,SKBO,SKPD,E145,377.1,60,17:20,18:20,"11,12",20261003 1720Z,SKBO-SKPD
NSE,8708,SKVV,SKPC,AT72,385.48,85,17:30,18:55,"12,11",20261003 1730Z,SKVV-SKPC
NSE,8710,SKBO,SKUC,E145,248.34,40,11:00,11:40,"11,12",20261003 1100Z,SKBO-SKUC
NSE,8711,SKUC,SKBO,E145,248.34,40,15:34,16:14,"11,12",20261003 1534Z,SKUC-SKBO
NSE,8714,SKBO,SKUC,E145,248.34,40,23:50,00:30,"11,12",20261004 2350Z,SKBO-SKUC
NSE,8718,SKBO,SKTM,AT72,177.12,40,10:45,11:25,"12,11",20261002 1045Z,SKBO-SKTM
NSE,8720,SKBO,SKCO,AT72,325.79,70,20:15,21:25,"12,11",20261002 2015Z,SKBO-SKCO
NSE,8721,SKCO,SKBO,AT43,325.79,75,12:50,14:05,"11,12",20261003 1250Z,SKCO-SKBO
NSE,8722,SKBO,SKCZ,E145,286.21,45,23:50,00:35,"11,12",20261004 2350Z,SKBO-SKCZ
NSE,8723,SKCZ,SKBO,E145,286.21,45,01:48,02:33,"11,12",20261005 0148Z,SKCZ-SKBO
NSE,8724,SKBO,SKUI,AT72,160.53,35,17:10,17:45,"12,11",20261003 1710Z,SKBO-SKUI
NSE,8725,SKBO,SKBU,AT43,178.26,40,15:20,16:00,"11,12",20261004 1520Z,SKBO-SKBU
NSE,8726,SKBU,SKBO,AT43,178.26,40,17:24,18:04,"11,12",20261004 1724Z,SKBU-SKBO
NSE,8729,SKUI,SKBO,AT43,160.53,35,22:45,23:20,"11,12",20261003 2245Z,SKUI-SKBO
NSE,8732,SKBO,SKAS,AT72,288.8,65,21:50,22:55,"12,11",20261004 2150Z,SKBO-SKAS
NSE,8733,SKAS,SKBO,AT72,288.8,65,17:12,18:17,"12,11",20261002 1712Z,SKAS-SKBO
NSE,8734,SKUI,SKBO,AT43,160.53,35,23:28,00:03,"11,12",20260930 2328Z,SKUI-SKBO
NSE,8736,SKBO,SKSJ,AT72,156.17,35,11:09,11:44,"12,11",20261003 1109Z,SKBO-SKSJ
NSE,8739,SKPC,SKVV,AT72,385.48,85,19:55,21:20,"12,11",20261003 1955Z,SKPC-SKVV
NSE,8740,SKBO,SKMU,E145,312.87,50,18:00,18:50,"11,12",20261003 1800Z,SKBO-SKMU
NSE,8741,SKMU,SKBO,E145,312.87,50,20:20,21:10,"11,12",20261003 2020Z,SKMU-SKBO
NSE,8754,SKBO,SKFL,AT72,205.28,45,12:10,12:55,"12,11",20261003 1210Z,SKBO-SKFL
NSE,8755,SKFL,SKBO,AT72,205.28,45,15:16,16:01,"12,11",20261003 1516Z,SKFL-SKBO
NSE,8761,SKBQ,SKCC,AT43,222.92,50,17:05,17:55,"11,12",20261002 1705Z,SKBQ-SKCC
NSE,8766,SKMD,SKBO,AT72,125.55,30,19:05,19:35,"12,11",20261003 1905Z,SKMD-SKBO
NSE,8767,SKBO,SKMD,AT72,125.55,30,19:54,20:24,"12,11",20261003 1954Z,SKBO-SKMD
NSE,8768,SKCL,SKAS,AT43,182.54,40,23:30,00:10,"11,12",20261002 2330Z,SKCL-SKAS
NSE,8769,SKAS,SKCL,AT72,182.54,40,02:05,02:45,"12,11",20261003 0205Z,SKAS-SKCL
NSE,8772,SKCL,SKFL,AT43,127.15,30,21:05,21:35,"11,12",20261003 2105Z,SKCL-SKFL
NSE,8773,SKFL,SKCL,AT43,127.15,30,20:00,20:30,"11,12",20261003 2000Z,SKFL-SKCL
NSE,8778,SKBO,SKNA,AT43,153.19,35,15:40,16:15,"11,12",20261004 1540Z,SKBO-SKNA
NSE,8779,SKNA,SKBO,AT43,153.19,35,17:33,18:08,"11,12",20261004 1733Z,SKNA-SKBO
NSE,8793,SKBO,SKUI,AT72,160.53,35,20:40,21:15,"12,11",20261001 2040Z,SKBO-SKUI
NSE,8794,SKUI,SKBO,AT43,160.53,35,00:14,00:49,"11,12",20261003 0014Z,SKUI-SKBO
NSE,8796,SKBO,SKPC,E145,407.52,65,11:05,12:10,"11,12",20261004 1105Z,SKBO-SKPC
NSE,8797,SKPC,SKBO,E145,407.52,65,13:38,14:43,"11,12",20261004 1338Z,SKPC-SKBO
NSE,8799,SKLC,SKBO,AT43,241.63,55,23:48,00:43,"11,12",20261003 2348Z,SKLC-SKBO
NSE,8807,SKPV,SKSP,AT43,50.81,10,13:26,13:36,"11,12",20261003 1326Z,SKPV-SKSP
NSE,8808,SKSP,SKPV,AT43,50.81,10,20:16,20:26,"11,12",20261003 2016Z,SKSP-SKPV
NSE,8809,SKPV,SKSP,AT43,50.81,10,21:26,21:36,"11,12",20261003 2126Z,SKPV-SKSP
NSE,8814,SKSP,SKPV,AT43,50.81,10,16:46,16:56,"11,12",20261003 1646Z,SKSP-SKPV
NSE,8815,SKPV,SKSP,AT43,50.81,10,17:46,17:56,"11,12",20261003 1746Z,SKPV-SKSP
NSE,8816,SKMD,SKBQ,AT43,284.42,65,12:30,13:35,"11,12",20261002 1230Z,SKMD-SKBQ
NSE,8817,SKBQ,SKMD,AT43,284.42,65,19:30,20:35,"11,12",20261002 1930Z,SKBQ-SKMD
NSE,8820,SKCL,SKCO,AT43,175.89,40,21:40,22:20,"11,12",20261003 2140Z,SKCL-SKCO
NSE,8821,SKCO,SKCL,AT43,175.89,40,23:20,00:00,"11,12",20261003 2320Z,SKCO-SKCL
NSE,8846,SKMD,SKOC,B190,183.0,25,12:43,13:08,"11,12",20261002 1243Z,SKMD-SKOC
NSE,8849,SKCC,SKOC,B190,55.45,10,15:44,15:54,"11,12",20261002 1544Z,SKCC-SKOC
NSE,8875,SKUI,SKMD,AT43,70.34,15,18:27,18:42,"11,12",20261004 1827Z,SKUI-SKMD
NSE,8882,SKBO,SKVV,AT72,45.22,10,10:52,11:02,"12,11",20261003 1052Z,SKBO-SKVV
NSE,8883,SKVV,SKBO,AT72,45.22,10,22:19,22:29,"12,11",20261003 2219Z,SKVV-SKBO
NSE,8886,SKBO,SKFL,AT72,205.28,45,22:55,23:40,"12,11",20261002 2255Z,SKBO-SKFL
NSE,8887,SKFL,SKBO,AT72,205.28,45,00:45,01:30,"12,11",20261003 0045Z,SKFL-SKBO
NSE,8890,SKCL,SKGP,AT43,108.1,25,18:28,18:53,"11,12",20261004 1828Z,SKCL-SKGP
NSE,8891,SKGP,SKCL,AT43,108.1,25,19:43,20:08,"11,12",20261004 1943Z,SKGP-SKCL
NSE,8898,SKBO,SKLC,AT43,241.63,55,22:10,23:05,"11,12",20261003 2210Z,SKBO-SKLC
NSE,8899,SKLC,SKBO,AT43,241.63,55,00:17,01:12,"11,12",20261001 0017Z,SKLC-SKBO
NSE,8902,SKBO,SKPI,AT43,206.54,50,16:10,17:00,"11,12",20261004 1610Z,SKBO-SKPI
NSE,8903,SKPI,SKBO,AT43,206.54,50,18:23,19:13,"11,12",20261004 1823Z,SKPI-SKBO
NSE,8910,SKBO,SKVP,AT43,348.35,80,12:47,14:07,"11,12",20260927 1247Z,SKBO-SKVP
NSE,8912,SKMD,SKML,DHC6,105.56,35,11:20,11:55,27,20261002 1120Z,SKMD-SKML
NSE,8913,SKML,SKMD,DHC6,105.56,35,12:44,13:19,27,20261002 1244Z,SKML-SKMD
NSE,8926,SKMD,SKML,B190,105.56,15,16:30,16:45,"11,12",20261005 1630Z,SKMD-SKML
RPB,7002,SKBO,TNCA,B738,528.56,70,09:45,10:55,"15,13",20261001 0945Z,SKBO-TNCA
RPB,7003,TNCA,SKBO,B738,528.56,70,17:44,18:54,"15,13",20261001 1744Z,TNCA-SKBO
RPB,7006,SKBO,SVMI,B738,553.82,75,09:50,11:05,"15,13",20261001 0950Z,SKBO-SVMI
RPB,7007,SVMI,SKBO,B738,553.82,75,12:55,14:10,"15,13",20261001 1255Z,SVMI-SKBO
RPB,7008,SKBO,SVMI,B738,553.82,75,10:20,11:35,"15,13",20261002 1020Z,SKBO-SVMI
RPB,7009,SVMI,SKBO,B738,553.82,75,13:25,14:40,"15,13",20261002 1325Z,SVMI-SKBO
RPB,7010,SKBO,SVMI,B738,553.82,75,10:20,11:35,"15,13",20261003 1020Z,SKBO-SVMI
RPB,7011,SVMI,SKBO,B738,553.82,75,13:25,14:40,"15,13",20261003 1325Z,SVMI-SKBO
RPB,7024,SKBO,MDPC,B738,898.95,120,19:01,21:01,"15,13",20260928 1901Z,SKBO-MDPC
RPB,7025,MDPC,SKBO,B738,898.95,120,22:32,00:32,"15,13",20260928 2232Z,MDPC-SKBO
RPB,7027,MDPC,SKBO,B738,898.95,120,17:52,19:52,"15,13",20261003 1752Z,MDPC-SKBO
RPB,7042,SKRG,MPPA,B738,298.41,40,11:24,12:04,"15,13",20261003 1124Z,SKRG-MPPA
RPB,7043,MPPA,SKRG,B738,298.41,40,13:25,14:05,"15,13",20261003 1325Z,MPPA-SKRG
RPB,7206,SKBQ,SKSP,B738,419.88,55,19:10,20:05,"15,13",20261003 1910Z,SKBQ-SKSP
RPB,7207,SKSP,SKBQ,B738,419.88,55,15:26,16:21,"15,13",20261002 1526Z,SKSP-SKBQ
RPB,7212,SKCG,SKSP,B738,386.62,50,13:53,14:43,"15,13",20261003 1353Z,SKCG-SKSP
RPB,7213,SKSP,SKCG,B738,386.62,50,16:05,16:55,"15,13",20261003 1605Z,SKSP-SKCG
RPB,7216,SKBO,SKCG,B738,354.13,45,11:35,12:20,"15,13",20261003 1135Z,SKBO-SKCG
RPB,7217,SKCG,SKBO,B738,354.13,45,10:55,11:40,"15,13",20260927 1055Z,SKCG-SKBO
RPB,7218,SKBO,SKCG,B738,354.13,45,00:20,01:05,"15,13",20260928 0020Z,SKBO-SKCG
RPB,7219,SKCG,SKBO,B738,354.13,45,03:06,03:51,"15,13",20261001 0306Z,SKCG-SKBO
RPB,7226,SKBO,SKCG,B738,354.13,45,20:10,20:55,"15,13",20260929 2010Z,SKBO-SKCG
RPB,7227,SKCG,SKBO,B738,354.13,45,21:35,22:20,"15,13",20260927 2135Z,SKCG-SKBO
RPB,7228,SKBO,SKCG,B738,354.13,45,08:40,09:25,"15,13",20260927 0840Z,SKBO-SKCG
RPB,7229,SKCG,SKBO,B738,354.13,45,18:10,18:55,"15,13",20261003 1810Z,SKCG-SKBO
RPB,7230,SKBO,SKCG,B738,354.13,45,20:50,21:35,"15,13",20261001 2050Z,SKBO-SKCG
RPB,7231,SKCG,SKBO,B738,354.13,45,23:45,00:30,"15,13",20261001 2345Z,SKCG-SKBO
RPB,7234,SKBO,SKCG,B738,354.13,45,20:30,21:15,"15,13",20261003 2030Z,SKBO-SKCG
RPB,7235,SKCG,SKBO,B738,354.13,45,22:45,23:30,"15,13",20261003 2245Z,SKCG-SKBO
RPB,7236,SKBO,SKCG,B738,354.13,45,00:45,01:30,"15,13",20261003 0045Z,SKBO-SKCG
RPB,7237,SKCG,SKBO,B738,354.13,45,03:00,03:45,"15,13",20261003 0300Z,SKCG-SKBO
RPB,7240,SKBO,SKBQ,B738,373.44,50,20:30,21:20,"15,13",20260927 2030Z,SKBO-SKBQ
RPB,7242,SKBO,SKAR,B738,98.07,15,11:55,12:10,"15,13",20261002 1155Z,SKBO-SKAR
RPB,7243,SKAR,SKBO,B738,98.07,15,13:41,13:56,"15,13",20261002 1341Z,SKAR-SKBO
RPB,7244,SKBO,SKAR,B738,98.07,15,22:10,22:25,"15,13",20261003 2210Z,SKBO-SKAR
RPB,7245,SKAR,SKBO,B738,98.07,15,23:56,00:11,"15,13",20261003 2356Z,SKAR-SKBO
RPB,7246,SKBO,SKBQ,B738,373.44,50,11:10,12:00,"15,13",20261002 1110Z,SKBO-SKBQ
RPB,7247,SKBQ,SKBO,B738,373.44,50,18:25,19:15,"15,13",20261002 1825Z,SKBQ-SKBO
RPB,7248,SKBO,SKBQ,B738,373.44,50,21:55,22:45,"15,13",20261003 2155Z,SKBO-SKBQ
RPB,7249,SKBQ,SKBO,B738,373.44,50,00:15,01:05,"15,13",20261004 0015Z,SKBQ-SKBO
RPB,7250,SKBO,SKCL,B738,150.82,20,11:40,12:00,"15,13",20261002 1140Z,SKBO-SKCL
RPB,7251,SKCL,SKBO,B738,150.82,20,01:09,01:29,"15,13",20260930 0109Z,SKCL-SKBO
RPB,7256,SKBO,SKCL,B738,150.82,20,18:40,19:00,"15,13",20261003 1840Z,SKBO-SKCL
RPB,7257,SKCL,SKBO,B738,150.82,20,20:29,20:49,"15,13",20261003 2029Z,SKCL-SKBO
RPB,7258,SKBO,SKCL,B738,150.82,20,22:35,22:55,"15,13",20260927 2235Z,SKBO-SKCL
RPB,7259,SKCL,SKBO,B738,150.82,20,00:24,00:44,"15,13",20260928 0024Z,SKCL-SKBO
RPB,7260,SKBO,SKCL,B738,150.82,20,22:00,22:20,"15,13",20261003 2200Z,SKBO-SKCL
RPB,7261,SKCL,SKBO,B738,150.82,20,23:49,00:09,"15,13",20261003 2349Z,SKCL-SKBO
RPB,7262,SKBO,SKCL,B738,150.82,20,01:10,01:30,"15,13",20261003 0110Z,SKBO-SKCL
RPB,7263,SKCL,SKBO,B738,150.82,20,02:59,03:19,"15,13",20261003 0259Z,SKCL-SKBO
RPB,7264,SKBO,SKBG,B738,156.52,20,20:36,20:56,"15,13",20261002 2036Z,SKBO-SKBG
RPB,7265,SKBG,SKBO,B738,156.52,20,18:22,18:42,"15,13",20260930 1822Z,SKBG-SKBO
RPB,7266,SKBO,SKBG,B738,156.52,20,20:45,21:05,"15,13",20261001 2045Z,SKBO-SKBG
RPB,7267,SKBG,SKBO,B738,156.52,20,02:16,02:36,"15,13",20261003 0216Z,SKBG-SKBO
RPB,7268,SKBO,SKRG,B738,116.33,15,10:25,10:40,"15,13",20261003 1025Z,SKBO-SKRG
RPB,7269,SKRG,SKBO,B738,116.33,15,12:11,12:26,"15,13",20261003 1211Z,SKRG-SKBO
RPB,7270,SKBO,SKRG,B738,116.33,15,12:10,12:25,"15,13",20261003 1210Z,SKBO-SKRG
RPB,7271,SKRG,SKBO,B738,116.33,15,13:51,14:06,"15,13",20261003 1351Z,SKRG-SKBO
RPB,7272,SKBO,SKRG,B738,116.33,15,19:45,20:00,"15,13",20261002 1945Z,SKBO-SKRG
RPB,7273,SKRG,SKBO,B738,116.33,15,16:46,17:01,"15,13",20261003 1646Z,SKRG-SKBO
RPB,7274,SKBO,SKRG,B738,116.33,15,21:45,22:00,"15,13",20261002 2145Z,SKBO-SKRG
RPB,7275,SKRG,SKBO,B738,116.33,15,23:26,23:41,"15,13",20261002 2326Z,SKRG-SKBO
RPB,7276,SKBO,SKRG,B738,116.33,15,03:20,03:35,"15,13",20261002 0320Z,SKBO-SKRG
RPB,7277,SKRG,SKBO,B738,116.33,15,22:31,22:46,"15,13",20261003 2231Z,SKRG-SKBO
RPB,7278,SKBO,SKRG,B738,116.33,15,00:09,00:24,"15,13",20261004 0009Z,SKBO-SKRG
RPB,7279,SKRG,SKBO,B738,116.33,15,04:06,04:21,"15,13",20261004 0406Z,SKRG-SKBO
RPB,7280,SKBO,SKSM,B738,385.37,50,19:20,20:10,"15,13",20261003 1920Z,SKBO-SKSM
RPB,7281,SKSM,SKBO,B738,385.37,50,21:36,22:26,"15,13",20261003 2136Z,SKSM-SKBO
RPB,7282,SKBO,SKSM,B738,385.37,50,16:30,17:20,"15,13",20261003 1630Z,SKBO-SKSM
RPB,7283,SKSM,SKBO,B738,385.37,50,18:51,19:41,"15,13",20261003 1851Z,SKSM-SKBO
RPB,7284,SKBO,SKSM,B738,385.37,50,20:25,21:15,"15,13",20261001 2025Z,SKBO-SKSM
RPB,7285,SKSM,SKBO,B738,385.37,50,22:41,23:31,"15,13",20261001 2241Z,SKSM-SKBO
RPB,7286,SKBO,SKSM,B738,385.37,50,00:55,01:45,"15,13",20261004 0055Z,SKBO-SKSM
RPB,7287,SKSM,SKBO,B738,385.37,50,03:11,04:01,"15,13",20261004 0311Z,SKSM-SKBO
RPB,7288,SKBO,SKSM,B738,385.37,50,00:50,01:40,"15,13",20261002 0050Z,SKBO-SKSM
RPB,7289,SKSM,SKBO,B738,385.37,50,03:06,03:56,"15,13",20261002 0306Z,SKSM-SKBO
RPB,7290,SKBO,SKRG,B738,116.33,15,05:45,06:00,"15,13",20261004 0545Z,SKBO-SKRG
RPB,7291,SKRG,SKBO,B738,116.33,15,05:06,05:21,"15,13",20261002 0506Z,SKRG-SKBO
RPB,7292,SKBO,SKRG,B738,116.33,15,00:30,00:45,"15,13",20261003 0030Z,SKBO-SKRG
RPB,7293,SKRG,SKBO,B738,116.33,15,03:26,03:41,"15,13",20261003 0326Z,SKRG-SKBO
RPB,7298,SKBO,SKRG,B738,116.33,15,15:05,15:20,"15,13",20261003 1505Z,SKBO-SKRG
RPB,7299,SKRG,SKBO,B738,116.33,15,17:24,17:39,"15,13",20261002 1724Z,SKRG-SKBO
RPB,7420,SKRG,MDSD,B738,809.78,110,15:32,17:22,"15,13",20261003 1532Z,SKRG-MDSD
RPB,7421,MDSD,SKRG,B738,809.78,110,18:52,20:42,"15,13",20261003 1852Z,MDSD-SKRG
RPB,7430,SKRG,MROC,B738,570.53,75,20:03,21:18,"15,13",20260928 2003Z,SKRG-MROC
RPB,7431,MROC,SKRG,B738,570.53,75,22:49,00:04,"15,13",20260928 2249Z,MROC-SKRG
RPB,7432,SKRG,MROC,B738,570.53,75,23:08,00:23,"15,13",20261001 2308Z,SKRG-MROC
RPB,7433,MROC,SKRG,B738,570.53,75,01:54,03:09,"15,13",20261002 0154Z,MROC-SKRG
RPB,7436,SKRG,MDPC,B738,851.58,115,16:20,18:15,"15,13",20261001 1620Z,SKRG-MDPC
RPB,7437,MDPC,SKRG,B738,851.58,115,19:41,21:36,"15,13",20261001 1941Z,MDPC-SKRG
RPB,7438,SKRG,MDPC,B738,851.58,115,16:04,17:59,"15,13",20260928 1604Z,SKRG-MDPC
RPB,7439,MDPC,SKRG,B738,851.58,115,19:25,21:20,"15,13",20260928 1925Z,MDPC-SKRG
RPB,7448,SKRG,TNCC,B738,526.73,70,10:55,12:05,"15,13",20261003 1055Z,SKRG-TNCC
RPB,7449,TNCC,SKRG,B738,526.73,70,14:10,15:20,"15,13",20261003 1410Z,TNCC-SKRG
RPB,7452,SKRG,TNCA,B738,497.29,65,15:32,16:37,"15,13",20261002 1532Z,SKRG-TNCA
RPB,7453,TNCA,SKRG,B738,497.29,65,18:39,19:44,"15,13",20261002 1839Z,TNCA-SKRG
RPB,7502,SKBO,SKRG,B738,116.33,15,09:10,09:25,"15,13",20261002 0910Z,SKBO-SKRG
RPB,7503,SKRG,SKBO,B738,116.33,15,07:31,07:46,"15,13",20261002 0731Z,SKRG-SKBO
RPB,7504,SKBO,SKRG,B738,116.33,15,07:05,07:20,"15,13",20261004 0705Z,SKBO-SKRG
RPB,7505,SKRG,SKBO,B738,116.33,15,09:16,09:31,"15,13",20260930 0916Z,SKRG-SKBO
RPB,7506,SKBO,SKRG,B738,116.33,15,13:45,14:00,"15,13",20260929 1345Z,SKBO-SKRG
RPB,7507,SKRG,SKBO,B738,116.33,15,12:06,12:21,"15,13",20260929 1206Z,SKRG-SKBO
RPB,7508,SKBO,SKRG,B738,116.33,15,10:10,10:25,"15,13",20261001 1010Z,SKBO-SKRG
RPB,7509,SKRG,SKBO,B738,116.33,15,08:31,08:46,"15,13",20261001 0831Z,SKRG-SKBO
RPB,7510,SKBO,SKCL,B738,150.82,20,05:50,06:10,"15,13",20261003 0550Z,SKBO-SKCL
RPB,7511,SKCL,SKBO,B738,150.82,20,07:39,07:59,"15,13",20261003 0739Z,SKCL-SKBO
RPB,7512,SKBO,SKCL,B738,150.82,20,06:40,07:00,"15,13",20261004 0640Z,SKBO-SKCL
RPB,7513,SKCL,SKBO,B738,150.82,20,08:44,09:04,"15,13",20260928 0844Z,SKCL-SKBO
RPB,7520,SKBO,SKCG,B738,354.13,45,05:55,06:40,"15,13",20261003 0555Z,SKBO-SKCG
RPB,7521,SKCG,SKBO,B738,354.13,45,08:10,08:55,"15,13",20261003 0810Z,SKCG-SKBO
RPB,7526,SKRG,SKCG,B738,256.9,35,06:38,07:13,"15,13",20261003 0638Z,SKRG-SKCG
RPB,7527,SKCG,SKRG,B738,256.9,35,08:31,09:06,"15,13",20261003 0831Z,SKCG-SKRG
RPB,7600,SKRG,SKCG,B738,256.9,35,11:20,11:55,"15,13",20260930 1120Z,SKRG-SKCG
RPB,7601,SKCG,SKRG,B738,256.9,35,13:13,13:48,"15,13",20260930 1313Z,SKCG-SKRG
RPB,7602,SKRG,SKCG,B738,256.9,35,23:16,23:51,"15,13",20261001 2316Z,SKRG-SKCG
RPB,7603,SKCG,SKRG,B738,256.9,35,01:09,01:44,"15,13",20261002 0109Z,SKCG-SKRG
RPB,7604,SKRG,SKCG,B738,256.9,35,00:17,00:52,"15,13",20260930 0017Z,SKRG-SKCG
RPB,7605,SKCG,SKRG,B738,256.9,35,22:23,22:58,"15,13",20260929 2223Z,SKCG-SKRG
RPB,7606,SKBO,SKRG,B738,116.33,15,01:30,01:45,"15,13",20261004 0130Z,SKBO-SKRG
RPB,7607,SKRG,SKBO,B738,116.33,15,03:11,03:26,"15,13",20261004 0311Z,SKRG-SKBO
RPB,7608,SKBO,SKRG,B738,116.33,15,04:45,05:00,"15,13",20261003 0445Z,SKBO-SKRG
RPB,7609,SKRG,SKBO,B738,116.33,15,06:26,06:41,"15,13",20261003 0626Z,SKRG-SKBO
RPB,7612,SKRG,SKSM,B738,305.8,40,18:42,19:22,"15,13",20260930 1842Z,SKRG-SKSM
RPB,7613,SKSM,SKRG,B738,305.8,40,20:41,21:21,"15,13",20260930 2041Z,SKSM-SKRG
RPB,7614,SKRG,SKSM,B738,305.8,40,00:09,00:49,"15,13",20261004 0009Z,SKRG-SKSM
RPB,7615,SKSM,SKRG,B738,305.8,40,02:09,02:49,"15,13",20261004 0209Z,SKSM-SKRG
RPB,7616,SKRG,SKCG,B738,256.9,35,20:03,20:38,"15,13",20261002 2003Z,SKRG-SKCG
RPB,7617,SKCG,SKRG,B738,256.9,35,23:27,00:02,"15,13",20261002 2327Z,SKCG-SKRG
RPB,7618,SKRG,SKCG,B738,256.9,35,01:38,02:13,"15,13",20261004 0138Z,SKRG-SKCG
RPB,7619,SKCG,SKRG,B738,256.9,35,03:31,04:06,"15,13",20261004 0331Z,SKCG-SKRG
RPB,7620,SKRG,SKBQ,B738,286.25,40,11:10,11:50,"15,13",20261002 1110Z,SKRG-SKBQ
RPB,7621,SKBQ,SKRG,B738,286.25,40,23:35,00:15,"15,13",20261003 2335Z,SKBQ-SKRG
RPB,7622,SKRG,SKBQ,B738,286.25,40,17:10,17:50,"15,13",20261003 1710Z,SKRG-SKBQ
RPB,7623,SKBQ,SKRG,B738,286.25,40,17:35,18:15,"15,13",20261002 1735Z,SKBQ-SKRG
RPB,7624,SKBO,SKSM,B738,385.37,50,10:40,11:30,"15,13",20261003 1040Z,SKBO-SKSM
RPB,7625,SKSM,SKBO,B738,385.37,50,12:56,13:46,"15,13",20261003 1256Z,SKSM-SKBO
RPB,7628,SKBO,SKAR,B738,98.07,15,00:05,00:20,"15,13",20260928 0005Z,SKBO-SKAR
RPB,7629,SKAR,SKBO,B738,98.07,15,01:51,02:06,"15,13",20260928 0151Z,SKAR-SKBO
RPB,7630,SKBG,SKSM,B738,247.63,35,22:26,23:01,"15,13",20261002 2226Z,SKBG-SKSM
RPB,7631,SKSM,SKBG,B738,247.63,35,00:20,00:55,"15,13",20261003 0020Z,SKSM-SKBG
RPB,7632,SKRG,SKSM,B738,305.8,40,21:33,22:13,"15,13",20261002 2133Z,SKRG-SKSM
RPB,7633,SKSM,SKRG,B738,305.8,40,23:32,00:12,"15,13",20261002 2332Z,SKSM-SKRG
RPB,7634,SKBO,SKCG,B738,354.13,45,19:50,20:35,"15,13",20261002 1950Z,SKBO-SKCG
RPB,7635,SKCG,SKBO,B738,354.13,45,01:40,02:25,"15,13",20261003 0140Z,SKCG-SKBO
RPB,7650,SKBO,SKCL,B738,150.82,20,15:30,15:50,"15,13",20261003 1530Z,SKBO-SKCL
RPB,7651,SKCL,SKBO,B738,150.82,20,17:19,17:39,"15,13",20261003 1719Z,SKCL-SKBO
RPB,7652,SKBO,SKCL,B738,150.82,20,20:45,21:05,"15,13",20261002 2045Z,SKBO-SKCL
RPB,7653,SKCL,SKBO,B738,150.82,20,22:49,23:09,"15,13",20261002 2249Z,SKCL-SKBO
RPB,7660,SKRG,SKBG,B738,145.44,20,14:00,14:20,"15,13",20261002 1400Z,SKRG-SKBG
RPB,7661,SKBG,SKRG,B738,145.44,20,15:37,15:57,"15,13",20261002 1537Z,SKBG-SKRG
RPB,7664,SKBG,SKBQ,B738,244.95,35,22:38,23:13,"15,13",20261001 2238Z,SKBG-SKBQ
RPB,7665,SKBQ,SKBG,B738,244.95,35,00:26,01:01,"15,13",20261002 0026Z,SKBQ-SKBG
RPB,7668,SKBG,SKCG,B738,242.31,30,23:54,00:24,"15,13",20261002 2354Z,SKBG-SKCG
RPB,7669,SKCG,SKBG,B738,242.31,30,22:03,22:33,"15,13",20261002 2203Z,SKCG-SKBG
RPB,7674,SKBO,SKBG,B738,156.52,20,16:30,16:50,"15,13",20260930 1630Z,SKBO-SKBG
RPB,7675,SKBG,SKBO,B738,156.52,20,22:36,22:56,"15,13",20260930 2236Z,SKBG-SKBO
