flight_id,numero,ruta,distancia_nm,clase,precio,coste
Yd1aXvQW2N3VpRlK,3,KMIA-SKBQ,949,C,680,170
Yd1aXvQW2N3VpRlK,3,KMIA-SKBQ,949,W,330,82
Yd1aXvQW2N3VpRlK,3,KMIA-SKBQ,949,Y,220,55
B9wBKe9o3LqmXA15,4,SKBO-KMIA,1316,C,680,170
B9wBKe9o3LqmXA15,4,SKBO-KMIA,1316,W,330,82
B9wBKe9o3LqmXA15,4,SKBO-KMIA,1316,Y,220,55
y0ZOyre63Y87Oqp9,9,KMIA-SKBO,1316,C,680,170
y0ZOyre63Y87Oqp9,9,KMIA-SKBO,1316,W,330,82
y0ZOyre63Y87Oqp9,9,KMIA-SKBO,1316,Y,220,55
16k6nrlXxG2JMkxm,10,SKBO-LEMD,4341,C,2200,550
16k6nrlXxG2JMkxm,10,SKBO-LEMD,4341,F,3740,935
16k6nrlXxG2JMkxm,10,SKBO-LEMD,4341,W,950,238
16k6nrlXxG2JMkxm,10,SKBO-LEMD,4341,Y,650,162
rvEMxzNP4BX4g30Y,11,LEMD-SKBO,4341,C,2200,550
rvEMxzNP4BX4g30Y,11,LEMD-SKBO,4341,F,3740,935
rvEMxzNP4BX4g30Y,11,LEMD-SKBO,4341,W,950,238
rvEMxzNP4BX4g30Y,11,LEMD-SKBO,4341,Y,650,162
AyY1paR7ve2jQ5Qg,15,LEMD-SKCL,4488,C,2200,550
AyY1paR7ve2jQ5Qg,15,LEMD-SKCL,4488,F,3740,935
AyY1paR7ve2jQ5Qg,15,LEMD-SKCL,4488,W,950,238
AyY1paR7ve2jQ5Qg,15,LEMD-SKCL,4488,Y,650,162
oWGvl0M3147nVrVv,16,SKRG-LEMD,4342,C,2200,550
oWGvl0M3147nVrVv,16,SKRG-LEMD,4342,F,3740,935
oWGvl0M3147nVrVv,16,SKRG-LEMD,4342,W,950,238
oWGvl0M3147nVrVv,16,SKRG-LEMD,4342,Y,650,162
VGnZBA03xEKJYnDl,18,SKBO-LEBL,4602,C,2700,675
VGnZBA03xEKJYnDl,18,SKBO-LEBL,4602,F,4590,1148
VGnZBA03xEKJYnDl,18,SKBO-LEBL,4602,W,1150,288
VGnZBA03xEKJYnDl,18,SKBO-LEBL,4602,Y,780,195
wJGMayKAV8wjwGgQ,19,LEBL-SKBO,4602,C,2700,675
wJGMayKAV8wjwGgQ,19,LEBL-SKBO,4602,F,4590,1148
wJGMayKAV8wjwGgQ,19,LEBL-SKBO,4602,W,1150,288
wJGMayKAV8wjwGgQ,19,LEBL-SKBO,4602,Y,780,195
aa461181-b289-4324-8342-82bc30d8d0a4,20,SKBO-KJFK,2160,C,1150,288
aa461181-b289-4324-8342-82bc30d8d0a4,20,SKBO-KJFK,2160,F,1960,490
aa461181-b289-4324-8342-82bc30d8d0a4,20,SKBO-KJFK,2160,W,560,140
aa461181-b289-4324-8342-82bc30d8d0a4,20,SKBO-KJFK,2160,Y,380,95
JwrmJkR8zYPznAka,21,KJFK-SKBO,2160,C,1150,288
JwrmJkR8zYPznAka,21,KJFK-SKBO,2160,W,560,140
JwrmJkR8zYPznAka,21,KJFK-SKBO,2160,Y,380,95
lG6PkKzYxEl1Qbo5,22,SKBO-MMMX,1708,C,1150,288
lG6PkKzYxEl1Qbo5,22,SKBO-MMMX,1708,W,560,140
lG6PkKzYxEl1Qbo5,22,SKBO-MMMX,1708,Y,380,95
ZXj5RqG1zpg2E7NP,23,MMMX-SKBO,1708,C,1150,288
ZXj5RqG1zpg2E7NP,23,MMMX-SKBO,1708,W,560,140
ZXj5RqG1zpg2E7NP,23,MMMX-SKBO,1708,Y,380,95
9wnmO4yR8275YL4b,26,SKBO-LEMD,4341,C,2200,550
9wnmO4yR8275YL4b,26,SKBO-LEMD,4341,F,3740,935
9wnmO4yR8275YL4b,26,SKBO-LEMD,4341,W,950,238
9wnmO4yR8275YL4b,26,SKBO-LEMD,4341,Y,650,162
N6rpzzbL81Kl3pQ2,29,KMCO-SKBO,1484,C,680,170
N6rpzzbL81Kl3pQ2,29,KMCO-SKBO,1484,W,330,82
N6rpzzbL81Kl3pQ2,29,KMCO-SKBO,1484,Y,220,55
bz6eow17MjPgrexL,37,KFLL-SKBO,1330,C,680,170
bz6eow17MjPgrexL,37,KFLL-SKBO,1330,W,330,82
bz6eow17MjPgrexL,37,KFLL-SKBO,1330,Y,220,55
6VkAKP7J9MWN8maQ,40,SKBO-MPTO,408,C,680,170
6VkAKP7J9MWN8maQ,40,SKBO-MPTO,408,W,330,82
6VkAKP7J9MWN8maQ,40,SKBO-MPTO,408,Y,220,55
KMjMWVBYNv5NmaQy,42,SKRG-KJFK,2074,C,1150,288
KMjMWVBYNv5NmaQy,42,SKRG-KJFK,2074,W,560,140
KMjMWVBYNv5NmaQy,42,SKRG-KJFK,2074,Y,380,95
kO3EpkADLR5DDjmb,44,SKBO-MMMX,1708,C,1150,288
kO3EpkADLR5DDjmb,44,SKBO-MMMX,1708,W,560,140
kO3EpkADLR5DDjmb,44,SKBO-MMMX,1708,Y,380,95
9APXLn2rKdRw5P0V,45,MMMX-SKBO,1708,C,1150,288
9APXLn2rKdRw5P0V,45,MMMX-SKBO,1708,W,560,140
9APXLn2rKdRw5P0V,45,MMMX-SKBO,1708,Y,380,95
GKlmRYngm1WkYEXO,46,SKBO-LEMD,4341,C,2200,550
GKlmRYngm1WkYEXO,46,SKBO-LEMD,4341,W,950,238
GKlmRYngm1WkYEXO,46,SKBO-LEMD,4341,Y,650,162
XBlyaMvLxJk0dl96,47,LEMD-SKBO,4341,C,2200,550
XBlyaMvLxJk0dl96,47,LEMD-SKBO,4341,F,3740,935
XBlyaMvLxJk0dl96,47,LEMD-SKBO,4341,W,950,238
XBlyaMvLxJk0dl96,47,LEMD-SKBO,4341,Y,650,162
mYVn5AoelYG0Pr1a,48,SPJC-SKBO,1021,C,680,170
mYVn5AoelYG0Pr1a,48,SPJC-SKBO,1021,W,330,82
mYVn5AoelYG0Pr1a,48,SPJC-SKBO,1021,Y,220,55
8LnBo01QMNoEbe1y,49,SKBO-SPJC,1021,C,680,170
8LnBo01QMNoEbe1y,49,SKBO-SPJC,1021,W,330,82
8LnBo01QMNoEbe1y,49,SKBO-SPJC,1021,Y,220,55
3479d570-a2e6-4886-bd96-3fa153abf1a4,50,SPJC-SKBO,1021,C,680,170
3479d570-a2e6-4886-bd96-3fa153abf1a4,50,SPJC-SKBO,1021,F,1160,290
3479d570-a2e6-4886-bd96-3fa153abf1a4,50,SPJC-SKBO,1021,W,330,82
3479d570-a2e6-4886-bd96-3fa153abf1a4,50,SPJC-SKBO,1021,Y,220,55
28edf8a5-d46c-4e53-93d1-cd05f37e7ac4,51,SKBO-SPJC,1021,C,680,170
28edf8a5-d46c-4e53-93d1-cd05f37e7ac4,51,SKBO-SPJC,1021,F,1160,290
28edf8a5-d46c-4e53-93d1-cd05f37e7ac4,51,SKBO-SPJC,1021,W,330,82
28edf8a5-d46c-4e53-93d1-cd05f37e7ac4,51,SKBO-SPJC,1021,Y,220,55
0ErY1y87xR4RBr3N,53,SKBO-SPJC,1021,C,680,170
0ErY1y87xR4RBr3N,53,SKBO-SPJC,1021,W,330,82
0ErY1y87xR4RBr3N,53,SKBO-SPJC,1021,Y,220,55
7AnN55q4dl6MQNR5,54,SKBO-LFPG,4673,C,2700,675
7AnN55q4dl6MQNR5,54,SKBO-LFPG,4673,F,4590,1148
7AnN55q4dl6MQNR5,54,SKBO-LFPG,4673,W,1150,288
7AnN55q4dl6MQNR5,54,SKBO-LFPG,4673,Y,780,195
Lp0ovNQ9Y5zOMoJ6,62,SKCL-KJFK,2234,C,1150,288
Lp0ovNQ9Y5zOMoJ6,62,SKCL-KJFK,2234,W,560,140
Lp0ovNQ9Y5zOMoJ6,62,SKCL-KJFK,2234,Y,380,95
l0rMlPe1gYk70KPJ,66,SKBO-KFLL,1330,C,680,170
l0rMlPe1gYk70KPJ,66,SKBO-KFLL,1330,W,330,82
l0rMlPe1gYk70KPJ,66,SKBO-KFLL,1330,Y,220,55
jvwz942rkpNqv0bm,68,SKBO-MMUN,1231,C,680,170
jvwz942rkpNqv0bm,68,SKBO-MMUN,1231,W,330,82
jvwz942rkpNqv0bm,68,SKBO-MMUN,1231,Y,220,55
exmvKnbMP5pLG3dl,69,MMUN-SKBO,1231,C,680,170
exmvKnbMP5pLG3dl,69,MMUN-SKBO,1231,W,330,82
exmvKnbMP5pLG3dl,69,MMUN-SKBO,1231,Y,220,55
o58JJ5zrMob6x89B,70,SKBO-MSLP,1028,C,680,170
o58JJ5zrMob6x89B,70,SKBO-MSLP,1028,W,330,82
o58JJ5zrMob6x89B,70,SKBO-MSLP,1028,Y,220,55
b7bf2ea3-a03f-484e-a40e-371d6960a950,72,SKBO-MMMX,1708,C,1150,288
b7bf2ea3-a03f-484e-a40e-371d6960a950,72,SKBO-MMMX,1708,F,1960,490
b7bf2ea3-a03f-484e-a40e-371d6960a950,72,SKBO-MMMX,1708,W,560,140
b7bf2ea3-a03f-484e-a40e-371d6960a950,72,SKBO-MMMX,1708,Y,380,95
9YzA8PeqxBO6mGZW,73,MMMX-SKBO,1708,C,1150,288
9YzA8PeqxBO6mGZW,73,MMMX-SKBO,1708,W,560,140
9YzA8PeqxBO6mGZW,73,MMMX-SKBO,1708,Y,380,95
6DE9nJk0Z7xRpYjw,79,TNCC-SKBO,545,C,680,170
6DE9nJk0Z7xRpYjw,79,TNCC-SKBO,545,W,330,82
6DE9nJk0Z7xRpYjw,79,TNCC-SKBO,545,Y,220,55
8bnYMvLDxowlNnd4,85,SKBO-SBGR,2344,C,1150,288
8bnYMvLDxowlNnd4,85,SKBO-SBGR,2344,W,560,140
8bnYMvLDxowlNnd4,85,SKBO-SBGR,2344,Y,380,95
b0o24Olk7yXV4jqK,86,SBGR-SKBO,2344,C,1150,288
b0o24Olk7yXV4jqK,86,SBGR-SKBO,2344,W,560,140
b0o24Olk7yXV4jqK,86,SBGR-SKBO,2344,Y,380,95
z8R6Lekz4MJaml3K,87,SKBO-SAEZ,2535,C,1150,288
z8R6Lekz4MJaml3K,87,SKBO-SAEZ,2535,W,560,140
z8R6Lekz4MJaml3K,87,SKBO-SAEZ,2535,Y,380,95
2jkQ6LVQGEYayZPg,88,SAEZ-SKBO,2535,C,1150,288
2jkQ6LVQGEYayZPg,88,SAEZ-SKBO,2535,W,560,140
2jkQ6LVQGEYayZPg,88,SAEZ-SKBO,2535,Y,380,95
x0zWJL6Q1NeGkPgw,92,SKBO-TNCC,545,C,680,170
x0zWJL6Q1NeGkPgw,92,SKBO-TNCC,545,W,330,82
x0zWJL6Q1NeGkPgw,92,SKBO-TNCC,545,Y,220,55
9184e192-5c9d-49d8-be31-1450cf538578,93,TNCC-SKBO,545,C,680,170
9184e192-5c9d-49d8-be31-1450cf538578,93,TNCC-SKBO,545,F,1160,290
9184e192-5c9d-49d8-be31-1450cf538578,93,TNCC-SKBO,545,W,330,82
9184e192-5c9d-49d8-be31-1450cf538578,93,TNCC-SKBO,545,Y,220,55
om5j7dlRA878KgMK,97,SKBO-SCEL,2298,C,1150,288
om5j7dlRA878KgMK,97,SKBO-SCEL,2298,W,560,140
om5j7dlRA878KgMK,97,SKBO-SCEL,2298,Y,380,95
xB0b6zeMJQ6w30k3,98,SCEL-SKBO,2298,C,1150,288
xB0b6zeMJQ6w30k3,98,SCEL-SKBO,2298,W,560,140
xB0b6zeMJQ6w30k3,98,SCEL-SKBO,2298,Y,380,95
nAgYZ5jaLoROMV4y,102,SPJC-SKBO,1021,C,680,170
nAgYZ5jaLoROMV4y,102,SPJC-SKBO,1021,W,330,82
nAgYZ5jaLoROMV4y,102,SPJC-SKBO,1021,Y,220,55
yWOZYk4x0e3pDG3a,109,SKBO-SUMU,2588,C,1150,288
yWOZYk4x0e3pDG3a,109,SKBO-SUMU,2588,W,560,140
yWOZYk4x0e3pDG3a,109,SKBO-SUMU,2588,Y,380,95
QYlk9Ky5rz7GdgOa,110,SUMU-SKBO,2588,C,1150,288
QYlk9Ky5rz7GdgOa,110,SUMU-SKBO,2588,W,560,140
QYlk9Ky5rz7GdgOa,110,SUMU-SKBO,2588,Y,380,95
G07yBmkaVnV2DozV,115,SKBO-SCEL,2298,C,1150,288
G07yBmkaVnV2DozV,115,SKBO-SCEL,2298,W,560,140
G07yBmkaVnV2DozV,115,SKBO-SCEL,2298,Y,380,95
9dmkyAV1pGpllaqB,116,SCEL-SKBO,2298,C,1150,288
9dmkyAV1pGpllaqB,116,SCEL-SKBO,2298,W,560,140
9dmkyAV1pGpllaqB,116,SCEL-SKBO,2298,Y,380,95
qr81ApWanr9W98QJ,118,SKBO-KMCO,1484,C,680,170
qr81ApWanr9W98QJ,118,SKBO-KMCO,1484,W,330,82
qr81ApWanr9W98QJ,118,SKBO-KMCO,1484,Y,220,55
x9KJ6ZObNeDE6KNa,123,SVMI-SKBO,554,C,680,170
x9KJ6ZObNeDE6KNa,123,SVMI-SKBO,554,W,330,82
x9KJ6ZObNeDE6KNa,123,SVMI-SKBO,554,Y,220,55
OoEPkROB037qJKeV,124,SEQM-SKBO,385,C,680,170
OoEPkROB037qJKeV,124,SEQM-SKBO,385,W,330,82
OoEPkROB037qJKeV,124,SEQM-SKBO,385,Y,220,55
VgOvv0JrVybw7O2n,125,SKBO-SEQM,385,C,680,170
VgOvv0JrVybw7O2n,125,SKBO-SEQM,385,W,330,82
VgOvv0JrVybw7O2n,125,SKBO-SEQM,385,Y,220,55
YKrzYgE9q7pAJemq,126,SKBO-KMIA,1316,C,680,170
YKrzYgE9q7pAJemq,126,SKBO-KMIA,1316,W,330,82
YKrzYgE9q7pAJemq,126,SKBO-KMIA,1316,Y,220,55
p7Jb7werpbWYlqrn,128,SKBO-MDPC,900,C,680,170
p7Jb7werpbWYlqrn,128,SKBO-MDPC,900,W,330,82
p7Jb7werpbWYlqrn,128,SKBO-MDPC,900,Y,220,55
logEjealOWG0zYW9,129,MDPC-SKBO,900,C,680,170
logEjealOWG0zYW9,129,MDPC-SKBO,900,W,330,82
logEjealOWG0zYW9,129,MDPC-SKBO,900,Y,220,55
RQmNQjLAWKJWLoG0,132,SCEL-SKCG,2649,C,1150,288
RQmNQjLAWKJWLoG0,132,SCEL-SKCG,2649,W,560,140
RQmNQjLAWKJWLoG0,132,SCEL-SKCG,2649,Y,380,95
Oz74pgdYrlYpk7NM,146,SBGL-SKBO,2455,C,1150,288
Oz74pgdYrlYpk7NM,146,SBGL-SKBO,2455,W,560,140
Oz74pgdYrlYpk7NM,146,SBGL-SKBO,2455,Y,380,95
b90f2dc1-ec69-4bfb-b936-f4a01ec5dcc6,147,SKBO-SBGL,2455,C,1150,288
b90f2dc1-ec69-4bfb-b936-f4a01ec5dcc6,147,SKBO-SBGL,2455,F,1960,490
b90f2dc1-ec69-4bfb-b936-f4a01ec5dcc6,147,SKBO-SBGL,2455,W,560,140
b90f2dc1-ec69-4bfb-b936-f4a01ec5dcc6,147,SKBO-SBGL,2455,Y,380,95
AgmOjJVw3xkWqMna,148,SKBO-KIAD,2066,C,1150,288
AgmOjJVw3xkWqMna,148,SKBO-KIAD,2066,W,560,140
AgmOjJVw3xkWqMna,148,SKBO-KIAD,2066,Y,380,95
4jEGM617zNqQWX95,153,KJFK-SKRG,2074,C,1150,288
4jEGM617zNqQWX95,153,KJFK-SKRG,2074,W,560,140
4jEGM617zNqQWX95,153,KJFK-SKRG,2074,Y,380,95
W7AKQkNXvO9ZNnXR,158,SEQM-SKRG,417,C,680,170
W7AKQkNXvO9ZNnXR,158,SEQM-SKRG,417,W,330,82
W7AKQkNXvO9ZNnXR,158,SEQM-SKRG,417,Y,220,55
6174e16c-26be-4137-bebd-049fa76885d4,161,SKBO-SBGR,2344,C,1150,288
6174e16c-26be-4137-bebd-049fa76885d4,161,SKBO-SBGR,2344,F,1960,490
6174e16c-26be-4137-bebd-049fa76885d4,161,SKBO-SBGR,2344,W,560,140
6174e16c-26be-4137-bebd-049fa76885d4,161,SKBO-SBGR,2344,Y,380,95
jywVDMmVlQ8YYkMp,164,SKBO-MGGT,1137,C,680,170
jywVDMmVlQ8YYkMp,164,SKBO-MGGT,1137,W,330,82
jywVDMmVlQ8YYkMp,164,SKBO-MGGT,1137,Y,220,55
e9kGvQLo2eoeLlxp,165,MGGT-SKBO,1137,C,680,170
e9kGvQLo2eoeLlxp,165,MGGT-SKBO,1137,W,330,82
e9kGvQLo2eoeLlxp,165,MGGT-SKBO,1137,Y,220,55
y53lp7lgN77Z53E8,166,SLVR-SKBO,1494,C,680,170
y53lp7lgN77Z53E8,166,SLVR-SKBO,1494,W,330,82
y53lp7lgN77Z53E8,166,SLVR-SKBO,1494,Y,220,55
yp514jn0WNd869R4,167,SKBO-SLVR,1494,C,680,170
yp514jn0WNd869R4,167,SKBO-SLVR,1494,W,330,82
yp514jn0WNd869R4,167,SKBO-SLVR,1494,Y,220,55
xyV1KkP1BeEpn85Z,172,SKBO-KMIA,1316,C,680,170
xyV1KkP1BeEpn85Z,172,SKBO-KMIA,1316,W,330,82
xyV1KkP1BeEpn85Z,172,SKBO-KMIA,1316,Y,220,55
3ONwVGL23YozGBYm,173,KMIA-SKBO,1316,C,680,170
3ONwVGL23YozGBYm,173,KMIA-SKBO,1316,W,330,82
3ONwVGL23YozGBYm,173,KMIA-SKBO,1316,Y,220,55
jOB6Y0ZQqGnqk14n,176,SKBO-KDFW,2126,C,1150,288
jOB6Y0ZQqGnqk14n,176,SKBO-KDFW,2126,W,560,140
jOB6Y0ZQqGnqk14n,176,SKBO-KDFW,2126,Y,380,95
No0wmV4gBry1NW9R,177,KDFW-SKBO,2126,C,1150,288
No0wmV4gBry1NW9R,177,KDFW-SKBO,2126,W,560,140
No0wmV4gBry1NW9R,177,KDFW-SKBO,2126,Y,380,95
866e9abd-11f9-4c50-8178-c35214597b5d,184,SBGR-SKBO,2344,C,1150,288
866e9abd-11f9-4c50-8178-c35214597b5d,184,SBGR-SKBO,2344,F,1960,490
866e9abd-11f9-4c50-8178-c35214597b5d,184,SBGR-SKBO,2344,W,560,140
866e9abd-11f9-4c50-8178-c35214597b5d,184,SBGR-SKBO,2344,Y,380,95
095eca39-ef18-4d01-971d-935d55ffffcd,187,MMMX-SKBO,1708,C,1150,288
095eca39-ef18-4d01-971d-935d55ffffcd,187,MMMX-SKBO,1708,F,1960,490
095eca39-ef18-4d01-971d-935d55ffffcd,187,MMMX-SKBO,1708,W,560,140
095eca39-ef18-4d01-971d-935d55ffffcd,187,MMMX-SKBO,1708,Y,380,95
O19QAamYrp8ep9wd,188,SKBO-KDFW,2126,C,1150,288
O19QAamYrp8ep9wd,188,SKBO-KDFW,2126,W,560,140
O19QAamYrp8ep9wd,188,SKBO-KDFW,2126,Y,380,95
plgYJeK0M2qwj56D,189,KDFW-SKBO,2126,C,1150,288
plgYJeK0M2qwj56D,189,KDFW-SKBO,2126,W,560,140
plgYJeK0M2qwj56D,189,KDFW-SKBO,2126,Y,380,95
j0J40A4Mmdw1oJXb,190,SKRG-KFLL,1227,C,680,170
j0J40A4Mmdw1oJXb,190,SKRG-KFLL,1227,W,330,82
j0J40A4Mmdw1oJXb,190,SKRG-KFLL,1227,Y,220,55
V63Nbop1M9aJZ3Lm,191,KFLL-SKRG,1227,C,680,170
V63Nbop1M9aJZ3Lm,191,KFLL-SKRG,1227,W,330,82
V63Nbop1M9aJZ3Lm,191,KFLL-SKRG,1227,Y,220,55
a4G65exYvw5AMVKE,196,SKBO-CYUL,2451,C,1150,288
a4G65exYvw5AMVKE,196,SKBO-CYUL,2451,W,560,140
a4G65exYvw5AMVKE,196,SKBO-CYUL,2451,Y,380,95
x5g6zJYKp0zwZgrd,201,CYUL-SKBO,2451,C,1150,288
x5g6zJYKp0zwZgrd,201,CYUL-SKBO,2451,W,560,140
x5g6zJYKp0zwZgrd,201,CYUL-SKBO,2451,Y,380,95
e2kGrdyqmZ9Pk1nN,210,SKBO-KJFK,2160,C,1150,288
e2kGrdyqmZ9Pk1nN,210,SKBO-KJFK,2160,W,560,140
e2kGrdyqmZ9Pk1nN,210,SKBO-KJFK,2160,Y,380,95
DmM9gbRoD4Xjead9,211,KJFK-SKBO,2160,C,1150,288
DmM9gbRoD4Xjead9,211,KJFK-SKBO,2160,W,560,140
DmM9gbRoD4Xjead9,211,KJFK-SKBO,2160,Y,380,95
QbM3BZwGYzzAGRXE,212,SGAS-SKBO,2045,C,1150,288
QbM3BZwGYzzAGRXE,212,SGAS-SKBO,2045,W,560,140
QbM3BZwGYzzAGRXE,212,SGAS-SKBO,2045,Y,380,95
vwy6k8QDj66QW54z,213,SKBO-SGAS,2045,C,1150,288
vwy6k8QDj66QW54z,213,SKBO-SGAS,2045,W,560,140
vwy6k8QDj66QW54z,213,SKBO-SGAS,2045,Y,380,95
ZbyeE307Omd1LyB2,214,SKBO-TJSJ,954,C,680,170
ZbyeE307Omd1LyB2,214,SKBO-TJSJ,954,W,330,82
ZbyeE307Omd1LyB2,214,SKBO-TJSJ,954,Y,220,55
G4QXgMpmy55WOkbY,215,TJSJ-SKBO,954,C,680,170
G4QXgMpmy55WOkbY,215,TJSJ-SKBO,954,W,330,82
G4QXgMpmy55WOkbY,215,TJSJ-SKBO,954,Y,220,55
Nn9z6qkG3AKdY9z7,227,KBOS-SKBO,2270,C,1150,288
Nn9z6qkG3AKdY9z7,227,KBOS-SKBO,2270,W,560,140
Nn9z6qkG3AKdY9z7,227,KBOS-SKBO,2270,Y,380,95
abAe7K1obdZk1OjZ,232,SKBO-TNCA,529,C,680,170
abAe7K1obdZk1OjZ,232,SKBO-TNCA,529,W,330,82
abAe7K1obdZk1OjZ,232,SKBO-TNCA,529,Y,220,55
VqZ0p95EjzYlxZ3n,235,MMMX-SKRG,1596,C,1150,288
VqZ0p95EjzYlxZ3n,235,MMMX-SKRG,1596,W,560,140
VqZ0p95EjzYlxZ3n,235,MMMX-SKRG,1596,Y,380,95
4dbR5dlPv42Dz8wZ,239,SKBO-SLLP,1323,C,680,170
4dbR5dlPv42Dz8wZ,239,SKBO-SLLP,1323,W,330,82
4dbR5dlPv42Dz8wZ,239,SKBO-SLLP,1323,Y,220,55
c9b38ac3-faaf-4b15-bc99-e62b3da6ea0c,241,SKBO-SCEL,2298,C,1150,288
c9b38ac3-faaf-4b15-bc99-e62b3da6ea0c,241,SKBO-SCEL,2298,F,1960,490
c9b38ac3-faaf-4b15-bc99-e62b3da6ea0c,241,SKBO-SCEL,2298,W,560,140
c9b38ac3-faaf-4b15-bc99-e62b3da6ea0c,241,SKBO-SCEL,2298,Y,380,95
LAmvYbOLAVZM13Y4,243,TNCA-SKBO,529,C,680,170
LAmvYbOLAVZM13Y4,243,TNCA-SKBO,529,W,330,82
LAmvYbOLAVZM13Y4,243,TNCA-SKBO,529,Y,220,55
bPw6j8Q3AYN3jw1e,244,SKBO-KJFK,2160,C,1150,288
bPw6j8Q3AYN3jw1e,244,SKBO-KJFK,2160,W,560,140
bPw6j8Q3AYN3jw1e,244,SKBO-KJFK,2160,Y,380,95
yGB3zEJ8OQ0QZr7m,247,KIAD-SKBO,2066,C,1150,288
yGB3zEJ8OQ0QZr7m,247,KIAD-SKBO,2066,W,560,140
yGB3zEJ8OQ0QZr7m,247,KIAD-SKBO,2066,Y,380,95
3vev1ZbWyaoDVRb0,253,MDPC-SKBO,900,C,680,170
3vev1ZbWyaoDVRb0,253,MDPC-SKBO,900,W,330,82
3vev1ZbWyaoDVRb0,253,MDPC-SKBO,900,Y,220,55
7K3VoqzgEVvAdp0R,254,SKBO-CYYZ,2361,C,1150,288
7K3VoqzgEVvAdp0R,254,SKBO-CYYZ,2361,W,560,140
7K3VoqzgEVvAdp0R,254,SKBO-CYYZ,2361,Y,380,95
zM3o1JA5byyQ5LqN,261,SKBO-SBGL,2455,C,1150,288
zM3o1JA5byyQ5LqN,261,SKBO-SBGL,2455,W,560,140
zM3o1JA5byyQ5LqN,261,SKBO-SBGL,2455,Y,380,95
LPpQ6Kn5R2GJ2oxb,262,SKBO-KORD,2359,C,1150,288
LPpQ6Kn5R2GJ2oxb,262,SKBO-KORD,2359,W,560,140
LPpQ6Kn5R2GJ2oxb,262,SKBO-KORD,2359,Y,380,95
ERp5WZeJQ6WgD9jX,263,KORD-SKBO,2359,C,1150,288
ERp5WZeJQ6WgD9jX,263,KORD-SKBO,2359,W,560,140
ERp5WZeJQ6WgD9jX,263,KORD-SKBO,2359,Y,380,95
RMKXywAORd7LroxX,264,SKBO-MMUN,1231,C,680,170
RMKXywAORd7LroxX,264,SKBO-MMUN,1231,W,330,82
RMKXywAORd7LroxX,264,SKBO-MMUN,1231,Y,220,55
W36bbKE5ja8Wo6Ro,300,SKCG-CYUL,2107,C,1150,288
W36bbKE5ja8Wo6Ro,300,SKCG-CYUL,2107,W,560,140
W36bbKE5ja8Wo6Ro,300,SKCG-CYUL,2107,Y,380,95
ZD5NLZXxqKa0bpOR,301,CYUL-SKCG,2107,C,1150,288
ZD5NLZXxqKa0bpOR,301,CYUL-SKCG,2107,W,560,140
ZD5NLZXxqKa0bpOR,301,CYUL-SKCG,2107,Y,380,95
PlgewN7Oea2M3A0j,302,CYYZ-SKBO,2361,C,1150,288
PlgewN7Oea2M3A0j,302,CYYZ-SKBO,2361,W,560,140
PlgewN7Oea2M3A0j,302,CYYZ-SKBO,2361,Y,380,95
DzBN3bNX8RNmjoVg,305,SKBO-EDDF,4911,C,2700,675
DzBN3bNX8RNmjoVg,305,SKBO-EDDF,4911,F,4590,1148
DzBN3bNX8RNmjoVg,305,SKBO-EDDF,4911,W,1150,288
DzBN3bNX8RNmjoVg,305,SKBO-EDDF,4911,Y,780,195
1ZGv5LKdkN0ENO0P,306,EDDF-SKBO,4911,C,2700,675
1ZGv5LKdkN0ENO0P,306,EDDF-SKBO,4911,F,4590,1148
1ZGv5LKdkN0ENO0P,306,EDDF-SKBO,4911,W,1150,288
1ZGv5LKdkN0ENO0P,306,EDDF-SKBO,4911,Y,780,195
yQ6d0d4x7Rv1D6R1,308,MPTO-SKCL,378,C,680,170
yQ6d0d4x7Rv1D6R1,308,MPTO-SKCL,378,W,330,82
yQ6d0d4x7Rv1D6R1,308,MPTO-SKCL,378,Y,220,55
KJOyNYnGQOl60MDl,309,EGLL-SKBO,4580,C,2700,675
KJOyNYnGQOl60MDl,309,EGLL-SKBO,4580,F,4590,1148
KJOyNYnGQOl60MDl,309,EGLL-SKBO,4580,W,1150,288
KJOyNYnGQOl60MDl,309,EGLL-SKBO,4580,Y,780,195
bbdba497-ee3c-45d3-b1b0-58719e722f83,320,KBOS-SKCG,1933,C,1150,288
bbdba497-ee3c-45d3-b1b0-58719e722f83,320,KBOS-SKCG,1933,F,1960,490
bbdba497-ee3c-45d3-b1b0-58719e722f83,320,KBOS-SKCG,1933,W,560,140
bbdba497-ee3c-45d3-b1b0-58719e722f83,320,KBOS-SKCG,1933,Y,380,95
8l78V3DNaqxZ9eRB,326,SKBO-KATL,1832,C,1150,288
8l78V3DNaqxZ9eRB,326,SKBO-KATL,1832,W,560,140
8l78V3DNaqxZ9eRB,326,SKBO-KATL,1832,Y,380,95
OvQ143MR4b0PYLK9,327,KATL-SKBO,1832,C,1150,288
OvQ143MR4b0PYLK9,327,KATL-SKBO,1832,W,560,140
OvQ143MR4b0PYLK9,327,KATL-SKBO,1832,Y,380,95
7x0qkOJnZ6QGAmaD,329,SKRG-KATL,1726,C,1150,288
7x0qkOJnZ6QGAmaD,329,SKRG-KATL,1726,W,560,140
7x0qkOJnZ6QGAmaD,329,SKRG-KATL,1726,Y,380,95
5m78BjxeXyENYPNp,330,KATL-SKRG,1726,C,1150,288
5m78BjxeXyENYPNp,330,KATL-SKRG,1726,W,560,140
5m78BjxeXyENYPNp,330,KATL-SKRG,1726,Y,380,95
Md8mxPGAgzk96w7j,331,SKCG-KBOS,1933,C,1150,288
Md8mxPGAgzk96w7j,331,SKCG-KBOS,1933,W,560,140
Md8mxPGAgzk96w7j,331,SKCG-KBOS,1933,Y,380,95
jXr16M9pQRvkJ8qg,332,KBOS-SKCG,1933,C,1150,288
jXr16M9pQRvkJ8qg,332,KBOS-SKCG,1933,W,560,140
jXr16M9pQRvkJ8qg,332,KBOS-SKCG,1933,Y,380,95
vVykBWb8JXbrx9bX,333,SKCG-KEWR,1820,C,1150,288
vVykBWb8JXbrx9bX,333,SKCG-KEWR,1820,W,560,140
vVykBWb8JXbrx9bX,333,SKCG-KEWR,1820,Y,380,95
xbEzQg1w4GyyApN5,334,KEWR-SKCG,1820,C,1150,288
xbEzQg1w4GyyApN5,334,KEWR-SKCG,1820,W,560,140
xbEzQg1w4GyyApN5,334,KEWR-SKCG,1820,Y,380,95
KBVeGEm470ZLLgxN,335,SKAR-KFLL,1324,C,680,170
KBVeGEm470ZLLgxN,335,SKAR-KFLL,1324,W,330,82
KBVeGEm470ZLLgxN,335,SKAR-KFLL,1324,Y,220,55
04eL0xbO7Y3NOepL,336,KFLL-SKAR,1324,C,680,170
04eL0xbO7Y3NOepL,336,KFLL-SKAR,1324,W,330,82
04eL0xbO7Y3NOepL,336,KFLL-SKAR,1324,Y,220,55
ec5e99c3-55eb-4289-b9a2-1dfdd574638d,337,SKCG-KFLL,976,C,680,170
ec5e99c3-55eb-4289-b9a2-1dfdd574638d,337,SKCG-KFLL,976,F,1160,290
ec5e99c3-55eb-4289-b9a2-1dfdd574638d,337,SKCG-KFLL,976,W,330,82
ec5e99c3-55eb-4289-b9a2-1dfdd574638d,337,SKCG-KFLL,976,Y,220,55
149df27e-b060-4006-abec-23aed1df9d0e,338,KFLL-SKCG,976,C,680,170
149df27e-b060-4006-abec-23aed1df9d0e,338,KFLL-SKCG,976,F,1160,290
149df27e-b060-4006-abec-23aed1df9d0e,338,KFLL-SKCG,976,W,330,82
149df27e-b060-4006-abec-23aed1df9d0e,338,KFLL-SKCG,976,Y,220,55
me816g1n75dbL05x,339,KFLL-SKCL,1371,C,680,170
me816g1n75dbL05x,339,KFLL-SKCL,1371,W,330,82
me816g1n75dbL05x,339,KFLL-SKCL,1371,Y,220,55
07df8c8b-4315-4d00-92a7-62ded30d5d21,340,KFLL-SKCL,1371,C,680,170
07df8c8b-4315-4d00-92a7-62ded30d5d21,340,KFLL-SKCL,1371,F,1160,290
07df8c8b-4315-4d00-92a7-62ded30d5d21,340,KFLL-SKCL,1371,W,330,82
07df8c8b-4315-4d00-92a7-62ded30d5d21,340,KFLL-SKCL,1371,Y,220,55
kbqYg2YRlZvJ4mL0,341,SKCG-MDSD,588,C,680,170
kbqYg2YRlZvJ4mL0,341,SKCG-MDSD,588,W,330,82
kbqYg2YRlZvJ4mL0,341,SKCG-MDSD,588,Y,220,55
zq54N1O4DJB2gY7d,345,KIAD-SKBO,2066,C,1150,288
zq54N1O4DJB2gY7d,345,KIAD-SKBO,2066,W,560,140
zq54N1O4DJB2gY7d,345,KIAD-SKBO,2066,Y,380,95
r16q9z13MmE9k6ZB,346,SKBO-KIAD,2066,C,1150,288
r16q9z13MmE9k6ZB,346,SKBO-KIAD,2066,W,560,140
r16q9z13MmE9k6ZB,346,SKBO-KIAD,2066,Y,380,95
20RD0mkXq4ZOrR1O,347,SKBO-KLAX,3027,C,2200,550
20RD0mkXq4ZOrR1O,347,SKBO-KLAX,3027,W,950,238
20RD0mkXq4ZOrR1O,347,SKBO-KLAX,3027,Y,650,162
6kReb6M3VeZMgYep,348,KLAX-SKBO,3027,C,2200,550
6kReb6M3VeZMgYep,348,KLAX-SKBO,3027,W,950,238
6kReb6M3VeZMgYep,348,KLAX-SKBO,3027,Y,650,162
e7f2d554-a0cc-4c0d-abc8-56ad12df81c5,349,KFLL-SKBO,1330,C,680,170
e7f2d554-a0cc-4c0d-abc8-56ad12df81c5,349,KFLL-SKBO,1330,F,1160,290
e7f2d554-a0cc-4c0d-abc8-56ad12df81c5,349,KFLL-SKBO,1330,W,330,82
e7f2d554-a0cc-4c0d-abc8-56ad12df81c5,349,KFLL-SKBO,1330,Y,220,55
ZQmJROVP7Z4PJmqL,351,SKCG-KMCO,1129,C,680,170
ZQmJROVP7Z4PJmqL,351,SKCG-KMCO,1129,W,330,82
ZQmJROVP7Z4PJmqL,351,SKCG-KMCO,1129,Y,220,55
rvKjY4BaodyP4Oam,352,KMCO-SKCG,1129,C,680,170
rvKjY4BaodyP4Oam,352,KMCO-SKCG,1129,W,330,82
rvKjY4BaodyP4Oam,352,KMCO-SKCG,1129,Y,220,55
AN1L0yLPw3laV1nE,353,KMIA-SKBO,1316,C,680,170
AN1L0yLPw3laV1nE,353,KMIA-SKBO,1316,W,330,82
AN1L0yLPw3laV1nE,353,KMIA-SKBO,1316,Y,220,55
aOBn4pZjvk6XRn1G,354,KMIA-SKBO,1316,C,680,170
aOBn4pZjvk6XRn1G,354,KMIA-SKBO,1316,W,330,82
aOBn4pZjvk6XRn1G,354,KMIA-SKBO,1316,Y,220,55
D4mDkV4yeNJeWA9o,355,SKBQ-KMIA,949,C,680,170
D4mDkV4yeNJeWA9o,355,SKBQ-KMIA,949,W,330,82
D4mDkV4yeNJeWA9o,355,SKBQ-KMIA,949,Y,220,55
567170b4-17f8-4335-a2fa-d57cc8636e5a,356,SKBQ-KMIA,949,C,680,170
567170b4-17f8-4335-a2fa-d57cc8636e5a,356,SKBQ-KMIA,949,F,1160,290
567170b4-17f8-4335-a2fa-d57cc8636e5a,356,SKBQ-KMIA,949,W,330,82
567170b4-17f8-4335-a2fa-d57cc8636e5a,356,SKBQ-KMIA,949,Y,220,55
BL3V9dp4BPj9VRo2,357,SKCG-KMIA,962,C,680,170
BL3V9dp4BPj9VRo2,357,SKCG-KMIA,962,W,330,82
BL3V9dp4BPj9VRo2,357,SKCG-KMIA,962,Y,220,55
jk89DKnwXNLODzBl,358,KMIA-SKCG,962,C,680,170
jk89DKnwXNLODzBl,358,KMIA-SKCG,962,W,330,82
jk89DKnwXNLODzBl,358,KMIA-SKCG,962,Y,220,55
mKJYq1Rly7lN2J47,359,SKCL-KMIA,1356,C,680,170
mKJYq1Rly7lN2J47,359,SKCL-KMIA,1356,W,330,82
mKJYq1Rly7lN2J47,359,SKCL-KMIA,1356,Y,220,55
E9eBv6OVRxV93ejd,360,KMIA-SKCL,1356,C,680,170
E9eBv6OVRxV93ejd,360,KMIA-SKCL,1356,W,330,82
E9eBv6OVRxV93ejd,360,KMIA-SKCL,1356,Y,220,55
Qw1Gojb4l0Qbx1Ng,361,SKPE-KMIA,1288,C,680,170
Qw1Gojb4l0Qbx1Ng,361,SKPE-KMIA,1288,W,330,82
Qw1Gojb4l0Qbx1Ng,361,SKPE-KMIA,1288,Y,220,55
g8KPDVb2d98GwKGd,362,KMIA-SKPE,1288,C,680,170
g8KPDVb2d98GwKGd,362,KMIA-SKPE,1288,W,330,82
g8KPDVb2d98GwKGd,362,KMIA-SKPE,1288,Y,220,55
83jv62oZwVDA8jV2,363,SKRG-KMIA,1213,C,680,170
83jv62oZwVDA8jV2,363,SKRG-KMIA,1213,W,330,82
83jv62oZwVDA8jV2,363,SKRG-KMIA,1213,Y,220,55
JeLljRpE89yjj7Wa,364,KMIA-SKRG,1213,C,680,170
JeLljRpE89yjj7Wa,364,KMIA-SKRG,1213,W,330,82
JeLljRpE89yjj7Wa,364,KMIA-SKRG,1213,Y,220,55
dc32ad0d-7956-44f6-b35d-5378efb68903,371,KJFK-SKBO,2160,C,1150,288
dc32ad0d-7956-44f6-b35d-5378efb68903,371,KJFK-SKBO,2160,F,1960,490
dc32ad0d-7956-44f6-b35d-5378efb68903,371,KJFK-SKBO,2160,W,560,140
dc32ad0d-7956-44f6-b35d-5378efb68903,371,KJFK-SKBO,2160,Y,380,95
37MNvmqgOlVzVMvA,373,SKBO-MDPC,900,C,680,170
37MNvmqgOlVzVMvA,373,SKBO-MDPC,900,W,330,82
37MNvmqgOlVzVMvA,373,SKBO-MDPC,900,Y,220,55
J4a0kvYZ6wWJWmyA,374,SKBO-MDPC,900,C,680,170
J4a0kvYZ6wWJWmyA,374,SKBO-MDPC,900,W,330,82
J4a0kvYZ6wWJWmyA,374,SKBO-MDPC,900,Y,220,55
QJ6XBQq5ERY3NgLx,375,SKRG-MDPC,853,C,680,170
QJ6XBQq5ERY3NgLx,375,SKRG-MDPC,853,W,330,82
QJ6XBQq5ERY3NgLx,375,SKRG-MDPC,853,Y,220,55
vMyOpkZN58kz7wXD,376,MDPC-SKRG,853,C,680,170
vMyOpkZN58kz7wXD,376,MDPC-SKRG,853,W,330,82
vMyOpkZN58kz7wXD,376,MDPC-SKRG,853,Y,220,55
VNAV67dzYGOgRAdy,377,SKCL-MDSD,978,C,680,170
VNAV67dzYGOgRAdy,377,SKCL-MDSD,978,W,330,82
VNAV67dzYGOgRAdy,377,SKCL-MDSD,978,Y,220,55
yz0o45ER36N4kaOA,378,MDSD-SKCL,978,C,680,170
yz0o45ER36N4kaOA,378,MDSD-SKCL,978,W,330,82
yz0o45ER36N4kaOA,378,MDSD-SKCL,978,Y,220,55
3kmqbXq8vPXldVgv,379,SKRG-MDSD,811,C,680,170
3kmqbXq8vPXldVgv,379,SKRG-MDSD,811,W,330,82
3kmqbXq8vPXldVgv,379,SKRG-MDSD,811,Y,220,55
mOpG2B1RexBaXzED,380,MDSD-SKRG,811,C,680,170
mOpG2B1RexBaXzED,380,MDSD-SKRG,811,W,330,82
mOpG2B1RexBaXzED,380,MDSD-SKRG,811,Y,220,55
4f78a1ee-6166-4329-9bd8-6b91bdf0fd80,381,KLAX-SKBO,3027,C,2200,550
4f78a1ee-6166-4329-9bd8-6b91bdf0fd80,381,KLAX-SKBO,3027,F,3740,935
4f78a1ee-6166-4329-9bd8-6b91bdf0fd80,381,KLAX-SKBO,3027,W,950,238
4f78a1ee-6166-4329-9bd8-6b91bdf0fd80,381,KLAX-SKBO,3027,Y,650,162
d7e9dB53Pv0mJw9a,383,MSLP-SKBO,1028,C,680,170
d7e9dB53Pv0mJw9a,383,MSLP-SKBO,1028,W,330,82
d7e9dB53Pv0mJw9a,383,MSLP-SKBO,1028,Y,220,55
nqRr351qJ66vZmWd,386,SKBO-MHTG,957,C,680,170
nqRr351qJ66vZmWd,386,SKBO-MHTG,957,W,330,82
nqRr351qJ66vZmWd,386,SKBO-MHTG,957,Y,220,55
VAw0GLne5kkW5zxg,387,MHTG-SKBO,957,C,680,170
VAw0GLne5kkW5zxg,387,MHTG-SKBO,957,W,330,82
VAw0GLne5kkW5zxg,387,MHTG-SKBO,957,Y,220,55
3wjMy2D5JxR3vjAD,388,KMCO-SKBO,1484,C,680,170
3wjMy2D5JxR3vjAD,388,KMCO-SKBO,1484,W,330,82
3wjMy2D5JxR3vjAD,388,KMCO-SKBO,1484,Y,220,55
dGPmgzL6p7KzzyBw,389,SKCL-SPJC,937,C,680,170
dGPmgzL6p7KzzyBw,389,SKCL-SPJC,937,W,330,82
dGPmgzL6p7KzzyBw,389,SKCL-SPJC,937,Y,220,55
NojmRQy8x1PwaAy6,390,SPJC-SKCL,937,C,680,170
NojmRQy8x1PwaAy6,390,SPJC-SKCL,937,W,330,82
NojmRQy8x1PwaAy6,390,SPJC-SKCL,937,Y,220,55
287f124e-4b8c-44b8-99cb-18bbf323e3ce,391,KMIA-SKBO,1316,C,680,170
287f124e-4b8c-44b8-99cb-18bbf323e3ce,391,KMIA-SKBO,1316,F,1160,290
287f124e-4b8c-44b8-99cb-18bbf323e3ce,391,KMIA-SKBO,1316,W,330,82
287f124e-4b8c-44b8-99cb-18bbf323e3ce,391,KMIA-SKBO,1316,Y,220,55
rlR9KwPgQJ71X9xX,394,SPJC-SKRG,1098,C,680,170
rlR9KwPgQJ71X9xX,394,SPJC-SKRG,1098,W,330,82
rlR9KwPgQJ71X9xX,394,SPJC-SKRG,1098,Y,220,55
e5a916fe-84fa-4fb0-8ee0-a93502fc6121,395,KMIA-SKBO,1316,C,680,170
e5a916fe-84fa-4fb0-8ee0-a93502fc6121,395,KMIA-SKBO,1316,F,1160,290
e5a916fe-84fa-4fb0-8ee0-a93502fc6121,395,KMIA-SKBO,1316,W,330,82
e5a916fe-84fa-4fb0-8ee0-a93502fc6121,395,KMIA-SKBO,1316,Y,220,55
qNLk63N4J1nW0YlG,399,SKRG-MMMX,1596,C,1150,288
qNLk63N4J1nW0YlG,399,SKRG-MMMX,1596,W,560,140
qNLk63N4J1nW0YlG,399,SKRG-MMMX,1596,Y,380,95
7938f4c5-e650-4521-bbab-fdd48fe7d549,400,SKRG-MMMX,1596,C,1150,288
7938f4c5-e650-4521-bbab-fdd48fe7d549,400,SKRG-MMMX,1596,F,1960,490
7938f4c5-e650-4521-bbab-fdd48fe7d549,400,SKRG-MMMX,1596,W,560,140
7938f4c5-e650-4521-bbab-fdd48fe7d549,400,SKRG-MMMX,1596,Y,380,95
WEeVaWOdbo1xmGky,402,MMUN-SKBO,1231,C,680,170
WEeVaWOdbo1xmGky,402,MMUN-SKBO,1231,W,330,82
WEeVaWOdbo1xmGky,402,MMUN-SKBO,1231,Y,220,55
10322312-259a-4891-ab46-d905f5f6214a,403,SKBO-MMUN,1231,C,680,170
10322312-259a-4891-ab46-d905f5f6214a,403,SKBO-MMUN,1231,F,1160,290
10322312-259a-4891-ab46-d905f5f6214a,403,SKBO-MMUN,1231,W,330,82
10322312-259a-4891-ab46-d905f5f6214a,403,SKBO-MMUN,1231,Y,220,55
yX1ZbMdpwxpOG1Nl,404,SKRG-MMUN,1115,C,680,170
yX1ZbMdpwxpOG1Nl,404,SKRG-MMUN,1115,W,330,82
yX1ZbMdpwxpOG1Nl,404,SKRG-MMUN,1115,Y,220,55
549ElAd0KNkWJznj,405,MMUN-SKRG,1115,C,680,170
549ElAd0KNkWJznj,405,MMUN-SKRG,1115,W,330,82
549ElAd0KNkWJznj,405,MMUN-SKRG,1115,Y,220,55
10d1c8c9-4a62-44ea-9d5b-06a79dde38c8,406,KMIA-SKBO,1316,C,680,170
10d1c8c9-4a62-44ea-9d5b-06a79dde38c8,406,KMIA-SKBO,1316,F,1160,290
10d1c8c9-4a62-44ea-9d5b-06a79dde38c8,406,KMIA-SKBO,1316,W,330,82
10d1c8c9-4a62-44ea-9d5b-06a79dde38c8,406,KMIA-SKBO,1316,Y,220,55
qOEeLmKR9r0OnMWe,407,SKCL-KFLL,1371,C,680,170
qOEeLmKR9r0OnMWe,407,SKCL-KFLL,1371,W,330,82
qOEeLmKR9r0OnMWe,407,SKCL-KFLL,1371,Y,220,55
RbkNBvQRdMA6rknx,409,SKRG-MPPA,299,C,680,170
RbkNBvQRdMA6rknx,409,SKRG-MPPA,299,W,330,82
RbkNBvQRdMA6rknx,409,SKRG-MPPA,299,Y,220,55
bwVdnQva8gEg0ZrL,410,MPPA-SKRG,299,C,680,170
bwVdnQva8gEg0ZrL,410,MPPA-SKRG,299,W,330,82
bwVdnQva8gEg0ZrL,410,MPPA-SKRG,299,Y,220,55
51KA96PewDmjWKGr,412,MPTO-SKBO,408,C,680,170
51KA96PewDmjWKGr,412,MPTO-SKBO,408,W,330,82
51KA96PewDmjWKGr,412,MPTO-SKBO,408,Y,220,55
dG1Jmw50l7r46yxM,413,SKBO-MPTO,408,C,680,170
dG1Jmw50l7r46yxM,413,SKBO-MPTO,408,W,330,82
dG1Jmw50l7r46yxM,413,SKBO-MPTO,408,Y,220,55
LYg34YBPLxO9PjaG,416,SKCG-MPTO,244,C,680,170
LYg34YBPLxO9PjaG,416,SKCG-MPTO,244,W,330,82
LYg34YBPLxO9PjaG,416,SKCG-MPTO,244,Y,220,55
10lr35OVMjq8265A,417,MPTO-SKCG,244,C,680,170
10lr35OVMjq8265A,417,MPTO-SKCG,244,W,330,82
10lr35OVMjq8265A,417,MPTO-SKCG,244,Y,220,55
Olj5DmlLqEXXeVEa,419,SKPE-MPTO,336,C,680,170
Olj5DmlLqEXXeVEa,419,SKPE-MPTO,336,W,330,82
Olj5DmlLqEXXeVEa,419,SKPE-MPTO,336,Y,220,55
W2eZJP59EkjWPelx,420,MPTO-SKPE,336,C,680,170
W2eZJP59EkjWPelx,420,MPTO-SKPE,336,W,330,82
W2eZJP59EkjWPelx,420,MPTO-SKPE,336,Y,220,55
Rp0vgaOP6r2JBw1Q,427,KMIA-SKBO,1316,C,680,170
Rp0vgaOP6r2JBw1Q,427,KMIA-SKBO,1316,W,330,82
Rp0vgaOP6r2JBw1Q,427,KMIA-SKBO,1316,Y,220,55
WKXKyEOv0Zaj3A2q,436,SKRG-MPTO,294,C,680,170
WKXKyEOv0Zaj3A2q,436,SKRG-MPTO,294,W,330,82
WKXKyEOv0Zaj3A2q,436,SKRG-MPTO,294,Y,220,55
oz6knMxbwq1DmOge,437,MPTO-SKRG,294,C,680,170
oz6knMxbwq1DmOge,437,MPTO-SKRG,294,W,330,82
oz6knMxbwq1DmOge,437,MPTO-SKRG,294,Y,220,55
Q1BgwOl1bEEYPgbP,438,SKSP-MPTO,252,C,680,170
Q1BgwOl1bEEYPgbP,438,SKSP-MPTO,252,W,330,82
Q1BgwOl1bEEYPgbP,438,SKSP-MPTO,252,Y,220,55
q09WYz02jkKmrljV,439,MPTO-SKSP,252,C,680,170
q09WYz02jkKmrljV,439,MPTO-SKSP,252,W,330,82
q09WYz02jkKmrljV,439,MPTO-SKSP,252,Y,220,55
ef3eac6d-b3aa-450c-81f7-7ef77cd10c92,447,KMIA-SKBQ,949,C,680,170
ef3eac6d-b3aa-450c-81f7-7ef77cd10c92,447,KMIA-SKBQ,949,F,1160,290
ef3eac6d-b3aa-450c-81f7-7ef77cd10c92,447,KMIA-SKBQ,949,W,330,82
ef3eac6d-b3aa-450c-81f7-7ef77cd10c92,447,KMIA-SKBQ,949,Y,220,55
xKgn5A7E23LpwVBv,459,SKBQ-MUHA,849,C,680,170
xKgn5A7E23LpwVBv,459,SKBQ-MUHA,849,W,330,82
xKgn5A7E23LpwVBv,459,SKBQ-MUHA,849,Y,220,55
pzjQPY2856ngAkrY,460,MUHA-SKBQ,849,C,680,170
pzjQPY2856ngAkrY,460,MUHA-SKBQ,849,W,330,82
pzjQPY2856ngAkrY,460,MUHA-SKBQ,849,Y,220,55
V1879oXPGzjmMZDl,461,SKRG-MUHA,1089,C,680,170
V1879oXPGzjmMZDl,461,SKRG-MUHA,1089,W,330,82
V1879oXPGzjmMZDl,461,SKRG-MUHA,1089,Y,220,55
gv68dVpO0yDNd6XK,462,MUHA-SKRG,1089,C,680,170
gv68dVpO0yDNd6XK,462,MUHA-SKRG,1089,W,330,82
gv68dVpO0yDNd6XK,462,MUHA-SKRG,1089,Y,220,55
xvQrd43JKzzDdr3O,464,SKBO-MWCR,974,C,680,170
xvQrd43JKzzDdr3O,464,SKBO-MWCR,974,W,330,82
xvQrd43JKzzDdr3O,464,SKBO-MWCR,974,Y,220,55
lag60DavAwBZlkBN,465,MWCR-SKBO,974,C,680,170
lag60DavAwBZlkBN,465,MWCR-SKBO,974,W,330,82
lag60DavAwBZlkBN,465,MWCR-SKBO,974,Y,220,55
wVjaE80m6L6e9jAG,466,SKRG-SBGR,2460,C,1150,288
wVjaE80m6L6e9jAG,466,SKRG-SBGR,2460,W,560,140
wVjaE80m6L6e9jAG,466,SKRG-SBGR,2460,Y,380,95
BOeJazjok5kJvwv9,467,SBGR-SKRG,2460,C,1150,288
BOeJazjok5kJvwv9,467,SBGR-SKRG,2460,W,560,140
BOeJazjok5kJvwv9,467,SBGR-SKRG,2460,Y,380,95
xOVWZqJ2oyGLnmaP,468,SKCG-SCEL,2649,C,1150,288
xOVWZqJ2oyGLnmaP,468,SKCG-SCEL,2649,W,560,140
xOVWZqJ2oyGLnmaP,468,SKCG-SCEL,2649,Y,380,95
f901e09a-3d7a-4182-a188-ed46f1b09a10,469,SKCG-SCEL,2649,C,1150,288
f901e09a-3d7a-4182-a188-ed46f1b09a10,469,SKCG-SCEL,2649,F,1960,490
f901e09a-3d7a-4182-a188-ed46f1b09a10,469,SKCG-SCEL,2649,W,560,140
f901e09a-3d7a-4182-a188-ed46f1b09a10,469,SKCG-SCEL,2649,Y,380,95
Y8qM4NQEz8Kjy1dz,470,SCEL-SKCL,2243,C,1150,288
Y8qM4NQEz8Kjy1dz,470,SCEL-SKCL,2243,W,560,140
Y8qM4NQEz8Kjy1dz,470,SCEL-SKCL,2243,Y,380,95
e3ba75d8-9fea-4f6f-b0c7-d704f2c69504,471,SCEL-SKCL,2243,C,1150,288
e3ba75d8-9fea-4f6f-b0c7-d704f2c69504,471,SCEL-SKCL,2243,F,1960,490
e3ba75d8-9fea-4f6f-b0c7-d704f2c69504,471,SCEL-SKCL,2243,W,560,140
e3ba75d8-9fea-4f6f-b0c7-d704f2c69504,471,SCEL-SKCL,2243,Y,380,95
OQj1Az7oZEBbPj84,472,SKRG-SCEL,2392,C,1150,288
OQj1Az7oZEBbPj84,472,SKRG-SCEL,2392,W,560,140
OQj1Az7oZEBbPj84,472,SKRG-SCEL,2392,Y,380,95
81gjZqKW6lvJQ0MR,473,SCEL-SKRG,2392,C,1150,288
81gjZqKW6lvJQ0MR,473,SCEL-SKRG,2392,W,560,140
81gjZqKW6lvJQ0MR,473,SCEL-SKRG,2392,Y,380,95
OpEGrY2dqQYQyJoD,474,KMIA-SKRG,1213,C,680,170
OpEGrY2dqQYQyJoD,474,KMIA-SKRG,1213,W,330,82
OpEGrY2dqQYQyJoD,474,KMIA-SKRG,1213,Y,220,55
54a8Y6qrgEJ1vzYJ,476,SKCL-SECU,417,C,680,170
54a8Y6qrgEJ1vzYJ,476,SKCL-SECU,417,W,330,82
54a8Y6qrgEJ1vzYJ,476,SKCL-SECU,417,Y,220,55
w8pdrwXAndL8Qo3K,477,SECU-SKCL,417,C,680,170
w8pdrwXAndL8Qo3K,477,SECU-SKCL,417,W,330,82
w8pdrwXAndL8Qo3K,477,SECU-SKCL,417,Y,220,55
ryRgykP6LkkbNAZg,478,SKBO-TNCA,529,C,680,170
ryRgykP6LkkbNAZg,478,SKBO-TNCA,529,W,330,82
ryRgykP6LkkbNAZg,478,SKBO-TNCA,529,Y,220,55
7jqr3GQ50GGr0paW,479,TNCA-SKBO,529,C,680,170
7jqr3GQ50GGr0paW,479,TNCA-SKBO,529,W,330,82
7jqr3GQ50GGr0paW,479,TNCA-SKBO,529,Y,220,55
2fafba1f-c9b7-45fa-9eee-1518c34eb3f0,484,KMIA-SKRG,1213,C,680,170
2fafba1f-c9b7-45fa-9eee-1518c34eb3f0,484,KMIA-SKRG,1213,F,1160,290
2fafba1f-c9b7-45fa-9eee-1518c34eb3f0,484,KMIA-SKRG,1213,W,330,82
2fafba1f-c9b7-45fa-9eee-1518c34eb3f0,484,KMIA-SKRG,1213,Y,220,55
pYmBAM01zxWbPjvN,485,SKSP-KMIA,798,C,680,170
pYmBAM01zxWbPjvN,485,SKSP-KMIA,798,W,330,82
pYmBAM01zxWbPjvN,485,SKSP-KMIA,798,Y,220,55
xr75P4XkvlQNl0oN,489,KMIA-SKSP,798,C,680,170
xr75P4XkvlQNl0oN,489,KMIA-SKSP,798,W,330,82
xr75P4XkvlQNl0oN,489,KMIA-SKSP,798,Y,220,55
o86VNP2QaK2M960x,491,SKCC-MPTO,414,C,680,170
o86VNP2QaK2M960x,491,SKCC-MPTO,414,W,330,82
o86VNP2QaK2M960x,491,SKCC-MPTO,414,Y,220,55
Q9WXBVzJ9KQgD0KM,494,SKCG-SPJC,1354,C,680,170
Q9WXBVzJ9KQgD0KM,494,SKCG-SPJC,1354,W,330,82
Q9WXBVzJ9KQgD0KM,494,SKCG-SPJC,1354,Y,220,55
Rp8lN3po9rn3v5Qb,495,SPJC-SKCG,1354,C,680,170
Rp8lN3po9rn3v5Qb,495,SPJC-SKCG,1354,W,330,82
Rp8lN3po9rn3v5Qb,495,SPJC-SKCG,1354,Y,220,55
zw7jdQRP5z0agEaQ,496,SKRG-TNCA,498,C,680,170
zw7jdQRP5z0agEaQ,496,SKRG-TNCA,498,W,330,82
zw7jdQRP5z0agEaQ,496,SKRG-TNCA,498,Y,220,55
axyqX8RgZMoaN0oZ,497,TNCA-SKRG,498,C,680,170
axyqX8RgZMoaN0oZ,497,TNCA-SKRG,498,W,330,82
axyqX8RgZMoaN0oZ,497,TNCA-SKRG,498,Y,220,55
Gy0YQOwkl99Dn0l9,498,SKRG-TNCC,527,C,680,170
Gy0YQOwkl99Dn0l9,498,SKRG-TNCC,527,W,330,82
Gy0YQOwkl99Dn0l9,498,SKRG-TNCC,527,Y,220,55
3eBE6EDGNRRy49P7,499,TNCC-SKRG,527,C,680,170
3eBE6EDGNRRy49P7,499,TNCC-SKRG,527,W,330,82
3eBE6EDGNRRy49P7,499,TNCC-SKRG,527,Y,220,55
BrmXbM5AdyW9dNJk,502,LEMD-SKRG,4342,C,2200,550
BrmXbM5AdyW9dNJk,502,LEMD-SKRG,4342,F,3740,935
BrmXbM5AdyW9dNJk,502,LEMD-SKRG,4342,W,950,238
BrmXbM5AdyW9dNJk,502,LEMD-SKRG,4342,Y,650,162
vVB17Llb9PKPqRGr,503,LPAZ-SKBO,3313,C,2200,550
vVB17Llb9PKPqRGr,503,LPAZ-SKBO,3313,W,950,238
vVB17Llb9PKPqRGr,503,LPAZ-SKBO,3313,Y,650,162
4zNnApoxR3gqbkWM,504,MDPC-SKBO,900,C,680,170
4zNnApoxR3gqbkWM,504,MDPC-SKBO,900,W,330,82
4zNnApoxR3gqbkWM,504,MDPC-SKBO,900,Y,220,55
X4YVvpJ0jDLjAYog,505,MDSD-SKCG,588,C,680,170
X4YVvpJ0jDLjAYog,505,MDSD-SKCG,588,W,330,82
X4YVvpJ0jDLjAYog,505,MDSD-SKCG,588,Y,220,55
6xXoQjaM79a9Lqm9,507,SKBO-KIAH,1938,C,1150,288
6xXoQjaM79a9Lqm9,507,SKBO-KIAH,1938,W,560,140
6xXoQjaM79a9Lqm9,507,SKBO-KIAH,1938,Y,380,95
pew4qGEZp6E3jN1y,508,KIAH-SKBO,1938,C,1150,288
pew4qGEZp6E3jN1y,508,KIAH-SKBO,1938,W,560,140
pew4qGEZp6E3jN1y,508,KIAH-SKBO,1938,Y,380,95
2bYR9bENabyw1mkZ,509,MMUN-SKCL,1217,C,680,170
2bYR9bENabyw1mkZ,509,MMUN-SKCL,1217,W,330,82
2bYR9bENabyw1mkZ,509,MMUN-SKCL,1217,Y,220,55
gqNWmA3kX89j4OYD,515,MPTO-SKBO,408,C,680,170
gqNWmA3kX89j4OYD,515,MPTO-SKBO,408,W,330,82
gqNWmA3kX89j4OYD,515,MPTO-SKBO,408,Y,220,55
605333d1-8705-4a6e-bcf1-fbd4ca30c74d,516,MPTO-SKBO,408,C,680,170
605333d1-8705-4a6e-bcf1-fbd4ca30c74d,516,MPTO-SKBO,408,F,1160,290
605333d1-8705-4a6e-bcf1-fbd4ca30c74d,516,MPTO-SKBO,408,W,330,82
605333d1-8705-4a6e-bcf1-fbd4ca30c74d,516,MPTO-SKBO,408,Y,220,55
qWM3Dxqw4ZPlXA9R,517,MPTO-SKCC,414,C,680,170
qWM3Dxqw4ZPlXA9R,517,MPTO-SKCC,414,W,330,82
qWM3Dxqw4ZPlXA9R,517,MPTO-SKCC,414,Y,220,55
2611e962-2045-4495-9d50-2b9f761bd891,518,MPTO-SKCG,244,C,680,170
2611e962-2045-4495-9d50-2b9f761bd891,518,MPTO-SKCG,244,F,1160,290
2611e962-2045-4495-9d50-2b9f761bd891,518,MPTO-SKCG,244,W,330,82
2611e962-2045-4495-9d50-2b9f761bd891,518,MPTO-SKCG,244,Y,220,55
2769354d-75d2-433e-b5e0-69e676c4edf5,519,MUHA-SKBQ,849,C,680,170
2769354d-75d2-433e-b5e0-69e676c4edf5,519,MUHA-SKBQ,849,F,1160,290
2769354d-75d2-433e-b5e0-69e676c4edf5,519,MUHA-SKBQ,849,W,330,82
2769354d-75d2-433e-b5e0-69e676c4edf5,519,MUHA-SKBQ,849,Y,220,55
2ac7827d-98d6-4b60-a3c6-9fc8d1a06fa4,538,SBGR-SKRG,2460,C,1150,288
2ac7827d-98d6-4b60-a3c6-9fc8d1a06fa4,538,SBGR-SKRG,2460,F,1960,490
2ac7827d-98d6-4b60-a3c6-9fc8d1a06fa4,538,SBGR-SKRG,2460,W,560,140
2ac7827d-98d6-4b60-a3c6-9fc8d1a06fa4,538,SBGR-SKRG,2460,Y,380,95
24fbacf9-2fe1-4cee-875a-752d6d6213d8,539,SCEL-SKCG,2649,C,1150,288
24fbacf9-2fe1-4cee-875a-752d6d6213d8,539,SCEL-SKCG,2649,F,1960,490
24fbacf9-2fe1-4cee-875a-752d6d6213d8,539,SCEL-SKCG,2649,W,560,140
24fbacf9-2fe1-4cee-875a-752d6d6213d8,539,SCEL-SKCG,2649,Y,380,95
92212286-3cb7-40c5-88a2-69e2d211a1cb,540,SCEL-SKRG,2392,C,1150,288
92212286-3cb7-40c5-88a2-69e2d211a1cb,540,SCEL-SKRG,2392,F,1960,490
92212286-3cb7-40c5-88a2-69e2d211a1cb,540,SCEL-SKRG,2392,W,560,140
92212286-3cb7-40c5-88a2-69e2d211a1cb,540,SCEL-SKRG,2392,Y,380,95
7741df80-f3aa-4ff7-a40a-7c1da146a026,541,SKBO-KATL,1832,C,1150,288
7741df80-f3aa-4ff7-a40a-7c1da146a026,541,SKBO-KATL,1832,F,1960,490
7741df80-f3aa-4ff7-a40a-7c1da146a026,541,SKBO-KATL,1832,W,560,140
7741df80-f3aa-4ff7-a40a-7c1da146a026,541,SKBO-KATL,1832,Y,380,95
kxlzvQE0BpjRWlM7,543,SKBO-KBOS,2270,C,1150,288
kxlzvQE0BpjRWlM7,543,SKBO-KBOS,2270,W,560,140
kxlzvQE0BpjRWlM7,543,SKBO-KBOS,2270,Y,380,95
aabdd4b4-40a3-4ef6-bd8c-c5ec682b6751,544,SKBO-KLAX,3027,C,2200,550
aabdd4b4-40a3-4ef6-bd8c-c5ec682b6751,544,SKBO-KLAX,3027,F,3740,935
aabdd4b4-40a3-4ef6-bd8c-c5ec682b6751,544,SKBO-KLAX,3027,W,950,238
aabdd4b4-40a3-4ef6-bd8c-c5ec682b6751,544,SKBO-KLAX,3027,Y,650,162
NrlEwPjq961kgX7V,545,SKBO-KMIA,1316,C,680,170
NrlEwPjq961kgX7V,545,SKBO-KMIA,1316,W,330,82
NrlEwPjq961kgX7V,545,SKBO-KMIA,1316,Y,220,55
eae0c081-fa69-4db7-8b1f-d1b96de0e9c3,546,SKBO-KMIA,1316,C,680,170
eae0c081-fa69-4db7-8b1f-d1b96de0e9c3,546,SKBO-KMIA,1316,F,1160,290
eae0c081-fa69-4db7-8b1f-d1b96de0e9c3,546,SKBO-KMIA,1316,W,330,82
eae0c081-fa69-4db7-8b1f-d1b96de0e9c3,546,SKBO-KMIA,1316,Y,220,55
3a0c8e6a-a58c-4f89-a008-e0b86b5d7d91,547,SKBO-KMIA,1316,C,680,170
3a0c8e6a-a58c-4f89-a008-e0b86b5d7d91,547,SKBO-KMIA,1316,F,1160,290
3a0c8e6a-a58c-4f89-a008-e0b86b5d7d91,547,SKBO-KMIA,1316,W,330,82
3a0c8e6a-a58c-4f89-a008-e0b86b5d7d91,547,SKBO-KMIA,1316,Y,220,55
06066365-bbb4-46ff-9e0c-4b71c61a94e6,548,SKBO-KMIA,1316,C,680,170
06066365-bbb4-46ff-9e0c-4b71c61a94e6,548,SKBO-KMIA,1316,F,1160,290
06066365-bbb4-46ff-9e0c-4b71c61a94e6,548,SKBO-KMIA,1316,W,330,82
06066365-bbb4-46ff-9e0c-4b71c61a94e6,548,SKBO-KMIA,1316,Y,220,55
E1L1YzOPpx6PkL7j,549,SKBO-KMIA,1316,C,680,170
E1L1YzOPpx6PkL7j,549,SKBO-KMIA,1316,W,330,82
E1L1YzOPpx6PkL7j,549,SKBO-KMIA,1316,Y,220,55
d0066bbc-cd52-42de-b90c-d54ce98abe7f,550,SKBO-KORD,2359,C,1150,288
d0066bbc-cd52-42de-b90c-d54ce98abe7f,550,SKBO-KORD,2359,F,1960,490
d0066bbc-cd52-42de-b90c-d54ce98abe7f,550,SKBO-KORD,2359,W,560,140
d0066bbc-cd52-42de-b90c-d54ce98abe7f,550,SKBO-KORD,2359,Y,380,95
8E3Vv8jLDljA83m6,551,SKBO-MMGL,1951,C,1150,288
8E3Vv8jLDljA83m6,551,SKBO-MMGL,1951,W,560,140
8E3Vv8jLDljA83m6,551,SKBO-MMGL,1951,Y,380,95
2Mg0vwjepZwDDA5w,552,SKBO-SVMI,554,C,680,170
2Mg0vwjepZwDDA5w,552,SKBO-SVMI,554,W,330,82
2Mg0vwjepZwDDA5w,552,SKBO-SVMI,554,Y,220,55
f5ee1785-11e3-468a-bbcc-5ee7e2297ee1,553,SKCG-CYUL,2107,C,1150,288
f5ee1785-11e3-468a-bbcc-5ee7e2297ee1,553,SKCG-CYUL,2107,F,1960,490
f5ee1785-11e3-468a-bbcc-5ee7e2297ee1,553,SKCG-CYUL,2107,W,560,140
f5ee1785-11e3-468a-bbcc-5ee7e2297ee1,553,SKCG-CYUL,2107,Y,380,95
ePXOLRWdmPy0z8Qj,556,MMGL-SKBO,1951,C,1150,288
ePXOLRWdmPy0z8Qj,556,MMGL-SKBO,1951,W,560,140
ePXOLRWdmPy0z8Qj,556,MMGL-SKBO,1951,Y,380,95
23d94464-3683-4d59-8549-b81d96fc7dc6,557,SKCG-KBOS,1933,C,1150,288
23d94464-3683-4d59-8549-b81d96fc7dc6,557,SKCG-KBOS,1933,F,1960,490
23d94464-3683-4d59-8549-b81d96fc7dc6,557,SKCG-KBOS,1933,W,560,140
23d94464-3683-4d59-8549-b81d96fc7dc6,557,SKCG-KBOS,1933,Y,380,95
9aa768a3-5a88-461b-96ed-88e1f62efc28,576,SKCG-MPTO,244,C,680,170
9aa768a3-5a88-461b-96ed-88e1f62efc28,576,SKCG-MPTO,244,F,1160,290
9aa768a3-5a88-461b-96ed-88e1f62efc28,576,SKCG-MPTO,244,W,330,82
9aa768a3-5a88-461b-96ed-88e1f62efc28,576,SKCG-MPTO,244,Y,220,55
d5bb3558-22bd-45e3-90c6-abfcf221e4aa,577,SKCL-KJFK,2234,C,1150,288
d5bb3558-22bd-45e3-90c6-abfcf221e4aa,577,SKCL-KJFK,2234,F,1960,490
d5bb3558-22bd-45e3-90c6-abfcf221e4aa,577,SKCL-KJFK,2234,W,560,140
d5bb3558-22bd-45e3-90c6-abfcf221e4aa,577,SKCL-KJFK,2234,Y,380,95
p5Ej2p3R90nVAEmr,586,SKCL-MPTO,378,C,680,170
p5Ej2p3R90nVAEmr,586,SKCL-MPTO,378,W,330,82
p5Ej2p3R90nVAEmr,586,SKCL-MPTO,378,Y,220,55
13jab5vZ2r70560a,587,SKPE-KFLL,1303,C,680,170
13jab5vZ2r70560a,587,SKPE-KFLL,1303,W,330,82
13jab5vZ2r70560a,587,SKPE-KFLL,1303,Y,220,55
n4ZA6qz8lK5DVWql,649,SKCL-SCEL,2243,C,1150,288
n4ZA6qz8lK5DVWql,649,SKCL-SCEL,2243,W,560,140
n4ZA6qz8lK5DVWql,649,SKCL-SCEL,2243,Y,380,95
PNXlNOnKpMLGB5G2,656,SKRG-MROC,571,C,680,170
PNXlNOnKpMLGB5G2,656,SKRG-MROC,571,W,330,82
PNXlNOnKpMLGB5G2,656,SKRG-MROC,571,Y,220,55
plAo4Mjo2kQkXOBR,657,MROC-SKRG,571,C,680,170
plAo4Mjo2kQkXOBR,657,MROC-SKRG,571,W,330,82
plAo4Mjo2kQkXOBR,657,MROC-SKRG,571,Y,220,55
x4BFVDK1bEusnZFD,665,SKBO-LIRF,5055,C,2700,675
x4BFVDK1bEusnZFD,665,SKBO-LIRF,5055,F,4590,1148
x4BFVDK1bEusnZFD,665,SKBO-LIRF,5055,W,1150,288
x4BFVDK1bEusnZFD,665,SKBO-LIRF,5055,Y,780,195
AItNOyI6Q2Lm3xFG,666,LIRF-SKBO,5055,C,2700,675
AItNOyI6Q2Lm3xFG,666,LIRF-SKBO,5055,F,4590,1148
AItNOyI6Q2Lm3xFG,666,LIRF-SKBO,5055,W,1150,288
AItNOyI6Q2Lm3xFG,666,LIRF-SKBO,5055,Y,780,195
1msobL9JtKYF9fgP,667,SKCG-EDDF,4696,C,2700,675
1msobL9JtKYF9fgP,667,SKCG-EDDF,4696,F,4590,1148
1msobL9JtKYF9fgP,667,SKCG-EDDF,4696,W,1150,288
1msobL9JtKYF9fgP,667,SKCG-EDDF,4696,Y,780,195
t6niT9Q9ivkvQIvY,668,EDDF-SKCG,4696,C,2700,675
t6niT9Q9ivkvQIvY,668,EDDF-SKCG,4696,F,4590,1148
t6niT9Q9ivkvQIvY,668,EDDF-SKCG,4696,W,1150,288
t6niT9Q9ivkvQIvY,668,EDDF-SKCG,4696,Y,780,195
qa8JmFbhplRfLF4l,672,SKCG-LFPG,4462,C,2200,550
qa8JmFbhplRfLF4l,672,SKCG-LFPG,4462,F,3740,935
qa8JmFbhplRfLF4l,672,SKCG-LFPG,4462,W,950,238
qa8JmFbhplRfLF4l,672,SKCG-LFPG,4462,Y,650,162
AITka7y9faqt2Siv,673,LFPG-SKCG,4462,C,2200,550
AITka7y9faqt2Siv,673,LFPG-SKCG,4462,F,3740,935
AITka7y9faqt2Siv,673,LFPG-SKCG,4462,W,950,238
AITka7y9faqt2Siv,673,LFPG-SKCG,4462,Y,650,162
CXtPvZdrJ1yMEH8J,674,SKCG-EGLL,4356,C,2200,550
CXtPvZdrJ1yMEH8J,674,SKCG-EGLL,4356,F,3740,935
CXtPvZdrJ1yMEH8J,674,SKCG-EGLL,4356,W,950,238
CXtPvZdrJ1yMEH8J,674,SKCG-EGLL,4356,Y,650,162
cMV7KPyfNDvX6fcQ,675,EGLL-SKCG,4356,C,2200,550
cMV7KPyfNDvX6fcQ,675,EGLL-SKCG,4356,F,3740,935
cMV7KPyfNDvX6fcQ,675,EGLL-SKCG,4356,W,950,238
cMV7KPyfNDvX6fcQ,675,EGLL-SKCG,4356,Y,650,162
gF8G7259fjT0UWRb,676,SKCG-LEMD,4176,C,2200,550
gF8G7259fjT0UWRb,676,SKCG-LEMD,4176,F,3740,935
gF8G7259fjT0UWRb,676,SKCG-LEMD,4176,W,950,238
gF8G7259fjT0UWRb,676,SKCG-LEMD,4176,Y,650,162
kZymMbRv0TDfa4Uy,677,LEMD-SKCG,4176,C,2200,550
kZymMbRv0TDfa4Uy,677,LEMD-SKCG,4176,F,3740,935
kZymMbRv0TDfa4Uy,677,LEMD-SKCG,4176,W,950,238
kZymMbRv0TDfa4Uy,677,LEMD-SKCG,4176,Y,650,162
W1mF7WQnaJ4Zlj0W,678,SKCG-LIRF,4888,C,2700,675
W1mF7WQnaJ4Zlj0W,678,SKCG-LIRF,4888,F,4590,1148
W1mF7WQnaJ4Zlj0W,678,SKCG-LIRF,4888,W,1150,288
W1mF7WQnaJ4Zlj0W,678,SKCG-LIRF,4888,Y,780,195
G6eug3n1WajI3IX2,679,LIRF-SKCG,4888,C,2700,675
G6eug3n1WajI3IX2,679,LIRF-SKCG,4888,F,4590,1148
G6eug3n1WajI3IX2,679,LIRF-SKCG,4888,W,1150,288
G6eug3n1WajI3IX2,679,LIRF-SKCG,4888,Y,780,195
q2YQsd24UwAsuILM,681,SKCG-LTFM,5619,C,2700,675
q2YQsd24UwAsuILM,681,SKCG-LTFM,5619,F,4590,1148
q2YQsd24UwAsuILM,681,SKCG-LTFM,5619,W,1150,288
q2YQsd24UwAsuILM,681,SKCG-LTFM,5619,Y,780,195
6VWf84Cg3gyyP1Fj,682,LTFM-SKCG,5619,C,2700,675
6VWf84Cg3gyyP1Fj,682,LTFM-SKCG,5619,F,4590,1148
6VWf84Cg3gyyP1Fj,682,LTFM-SKCG,5619,W,1150,288
6VWf84Cg3gyyP1Fj,682,LTFM-SKCG,5619,Y,780,195
oLiC63uKOgiw9IkV,683,SKRG-KLAX,2909,C,1150,288
oLiC63uKOgiw9IkV,683,SKRG-KLAX,2909,W,560,140
oLiC63uKOgiw9IkV,683,SKRG-KLAX,2909,Y,380,95
NhPzaFvF1S61y7BL,684,KLAX-SKRG,2909,C,1150,288
NhPzaFvF1S61y7BL,684,KLAX-SKRG,2909,W,560,140
NhPzaFvF1S61y7BL,684,KLAX-SKRG,2909,Y,380,95
cHKHE2i0W5oaYZnp,685,SKRG-KSAN,2823,C,1150,288
cHKHE2i0W5oaYZnp,685,SKRG-KSAN,2823,W,560,140
cHKHE2i0W5oaYZnp,685,SKRG-KSAN,2823,Y,380,95
aSrQrKqYTdphi1FU,686,KSAN-SKRG,2823,C,1150,288
aSrQrKqYTdphi1FU,686,KSAN-SKRG,2823,W,560,140
aSrQrKqYTdphi1FU,686,KSAN-SKRG,2823,Y,380,95
0D1bnzPhNcDeYiuV,687,SKRG-CYYC,3311,C,2200,550
0D1bnzPhNcDeYiuV,687,SKRG-CYYC,3311,W,950,238
0D1bnzPhNcDeYiuV,687,SKRG-CYYC,3311,Y,650,162
OgXsJl3gJFGy6GmG,688,CYYC-SKRG,3311,C,2200,550
OgXsJl3gJFGy6GmG,688,CYYC-SKRG,3311,W,950,238
OgXsJl3gJFGy6GmG,688,CYYC-SKRG,3311,Y,650,162
JBVgA7dYbybKJRyo,692,SKBO-MROC,679,C,680,170
JBVgA7dYbybKJRyo,692,SKBO-MROC,679,W,330,82
JBVgA7dYbybKJRyo,692,SKBO-MROC,679,Y,220,55
V4M6DRoKQbQBEaeN,693,MROC-SKBO,679,C,680,170
V4M6DRoKQbQBEaeN,693,MROC-SKBO,679,W,330,82
V4M6DRoKQbQBEaeN,693,MROC-SKBO,679,Y,220,55
rlp0oyw6Nfm1uzW9,694,SKRG-KSEA,3447,C,2200,550
rlp0oyw6Nfm1uzW9,694,SKRG-KSEA,3447,W,950,238
rlp0oyw6Nfm1uzW9,694,SKRG-KSEA,3447,Y,650,162
p3rAd3Q8k5Bbmvyv,695,KSEA-SKRG,3447,C,2200,550
p3rAd3Q8k5Bbmvyv,695,KSEA-SKRG,3447,W,950,238
p3rAd3Q8k5Bbmvyv,695,KSEA-SKRG,3447,Y,650,162
9e4Ll7XOXzYG6qBV,753,KFLL-KFLL,0,C,680,170
9e4Ll7XOXzYG6qBV,753,KFLL-KFLL,0,W,330,82
9e4Ll7XOXzYG6qBV,753,KFLL-KFLL,0,Y,220,55
ed90d41f-9b23-4d21-b626-8034d36216dc,775,SKRG-KIAH,1822,C,1150,288
ed90d41f-9b23-4d21-b626-8034d36216dc,775,SKRG-KIAH,1822,F,1960,490
ed90d41f-9b23-4d21-b626-8034d36216dc,775,SKRG-KIAH,1822,W,560,140
ed90d41f-9b23-4d21-b626-8034d36216dc,775,SKRG-KIAH,1822,Y,380,95
a298a9a5-1cd9-4917-a99e-4c8c425e714e,776,SKRG-KJFK,2074,C,1150,288
a298a9a5-1cd9-4917-a99e-4c8c425e714e,776,SKRG-KJFK,2074,F,1960,490
a298a9a5-1cd9-4917-a99e-4c8c425e714e,776,SKRG-KJFK,2074,W,560,140
a298a9a5-1cd9-4917-a99e-4c8c425e714e,776,SKRG-KJFK,2074,Y,380,95
dbqZNx42LBBp6q2x,777,SKRG-KMIA,1213,C,680,170
dbqZNx42LBBp6q2x,777,SKRG-KMIA,1213,W,330,82
dbqZNx42LBBp6q2x,777,SKRG-KMIA,1213,Y,220,55
MlXlWeVwp206PZqJ,778,SKRG-KMIA,1213,C,680,170
MlXlWeVwp206PZqJ,778,SKRG-KMIA,1213,W,330,82
MlXlWeVwp206PZqJ,778,SKRG-KMIA,1213,Y,220,55
EZMeJZx3BZn1ojG3,779,SKCL-MMUN,1217,C,680,170
EZMeJZx3BZn1ojG3,779,SKCL-MMUN,1217,W,330,82
EZMeJZx3BZn1ojG3,779,SKCL-MMUN,1217,Y,220,55
aXRQXKY8l3p4nGPe,781,SKRG-KIAH,1822,C,1150,288
aXRQXKY8l3p4nGPe,781,SKRG-KIAH,1822,W,560,140
aXRQXKY8l3p4nGPe,781,SKRG-KIAH,1822,Y,380,95
dr9gae6Nr2lplgbO,782,KIAH-SKRG,1821,C,1150,288
dr9gae6Nr2lplgbO,782,KIAH-SKRG,1821,W,560,140
dr9gae6Nr2lplgbO,782,KIAH-SKRG,1821,Y,380,95
ZdryEAl7Za4YLrD7,783,SKSM-MPTO,329,C,680,170
ZdryEAl7Za4YLrD7,783,SKSM-MPTO,329,W,330,82
ZdryEAl7Za4YLrD7,783,SKSM-MPTO,329,Y,220,55
JY0AyEnO0NGYzAvK,784,MPTO-SKSM,329,C,680,170
JY0AyEnO0NGYzAvK,784,MPTO-SKSM,329,W,330,82
JY0AyEnO0NGYzAvK,784,MPTO-SKSM,329,Y,220,55
LPOaYQ4Pa65PmOzN,785,SKCG-MROC,514,C,680,170
LPOaYQ4Pa65PmOzN,785,SKCG-MROC,514,W,330,82
LPOaYQ4Pa65PmOzN,785,SKCG-MROC,514,Y,220,55
kNoPE9gyJ9l67Lda,786,LPAZ-SKBO,3313,C,2200,550
kNoPE9gyJ9l67Lda,786,LPAZ-SKBO,3313,W,950,238
kNoPE9gyJ9l67Lda,786,LPAZ-SKBO,3313,Y,650,162
0Bd6JlEZVlxWjdXL,787,LFBO-LPAZ,1274,C,680,170
0Bd6JlEZVlxWjdXL,787,LFBO-LPAZ,1274,W,330,82
0Bd6JlEZVlxWjdXL,787,LFBO-LPAZ,1274,Y,220,55
JxZyLNBb2deJPlvA,791,SKBO-KATL,1832,C,1150,288
JxZyLNBb2deJPlvA,791,SKBO-KATL,1832,W,560,140
JxZyLNBb2deJPlvA,791,SKBO-KATL,1832,Y,380,95
826WJVZ5pDLnkgWV,792,KATL-SKBO,1832,C,1150,288
826WJVZ5pDLnkgWV,792,KATL-SKBO,1832,W,560,140
826WJVZ5pDLnkgWV,792,KATL-SKBO,1832,Y,380,95
pvry9zlRY4kP6rE0,793,SKCG-KFLL,976,C,680,170
pvry9zlRY4kP6rE0,793,SKCG-KFLL,976,W,330,82
pvry9zlRY4kP6rE0,793,SKCG-KFLL,976,Y,220,55
zJEbOr9pNq4vlMNr,794,KFLL-SKCG,976,C,680,170
zJEbOr9pNq4vlMNr,794,KFLL-SKCG,976,W,330,82
zJEbOr9pNq4vlMNr,794,KFLL-SKCG,976,Y,220,55
WpzqM7Yg41oWKzeP,795,SKBO-MMUN,1231,C,680,170
WpzqM7Yg41oWKzeP,795,SKBO-MMUN,1231,W,330,82
WpzqM7Yg41oWKzeP,795,SKBO-MMUN,1231,Y,220,55
89lE2GjPrMyNNgeo,796,MMUN-SKBO,1231,C,680,170
89lE2GjPrMyNNgeo,796,MMUN-SKBO,1231,W,330,82
89lE2GjPrMyNNgeo,796,MMUN-SKBO,1231,Y,220,55
9wnmpAmQyYB8KRjz,797,SKBO-MMMX,1708,C,1150,288
9wnmpAmQyYB8KRjz,797,SKBO-MMMX,1708,W,560,140
9wnmpAmQyYB8KRjz,797,SKBO-MMMX,1708,Y,380,95
d41f6487-7bda-4654-bbad-77164dd3b96c,798,SKRG-KMIA,1213,C,680,170
d41f6487-7bda-4654-bbad-77164dd3b96c,798,SKRG-KMIA,1213,F,1160,290
d41f6487-7bda-4654-bbad-77164dd3b96c,798,SKRG-KMIA,1213,W,330,82
d41f6487-7bda-4654-bbad-77164dd3b96c,798,SKRG-KMIA,1213,Y,220,55
zjyNkDl5JDv5LMoD,799,LFBO-LPAZ,1274,C,680,170
zjyNkDl5JDv5LMoD,799,LFBO-LPAZ,1274,W,330,82
zjyNkDl5JDv5LMoD,799,LFBO-LPAZ,1274,Y,220,55
986c420e-0ca5-4f19-9431-a359d73656e7,804,KMIA-SKBO,1316,C,680,170
986c420e-0ca5-4f19-9431-a359d73656e7,804,KMIA-SKBO,1316,F,1160,290
986c420e-0ca5-4f19-9431-a359d73656e7,804,KMIA-SKBO,1316,W,330,82
986c420e-0ca5-4f19-9431-a359d73656e7,804,KMIA-SKBO,1316,Y,220,55
9f58f26a-b9f5-4aab-9d08-c2d1f1b81851,805,SKBO-KMIA,1316,C,680,170
9f58f26a-b9f5-4aab-9d08-c2d1f1b81851,805,SKBO-KMIA,1316,F,1160,290
9f58f26a-b9f5-4aab-9d08-c2d1f1b81851,805,SKBO-KMIA,1316,W,330,82
9f58f26a-b9f5-4aab-9d08-c2d1f1b81851,805,SKBO-KMIA,1316,Y,220,55
NVPEy7YgNXrJbPBq,812,KMIA-SKRG,1213,C,680,170
NVPEy7YgNXrJbPBq,812,KMIA-SKRG,1213,W,330,82
NVPEy7YgNXrJbPBq,812,KMIA-SKRG,1213,Y,220,55
ee27c53a-fe67-49e7-a344-cdd1231af1a8,813,SKBO-KJFK,2160,C,1150,288
ee27c53a-fe67-49e7-a344-cdd1231af1a8,813,SKBO-KJFK,2160,F,1960,490
ee27c53a-fe67-49e7-a344-cdd1231af1a8,813,SKBO-KJFK,2160,W,560,140
ee27c53a-fe67-49e7-a344-cdd1231af1a8,813,SKBO-KJFK,2160,Y,380,95
bb2effaf-460b-4366-9d5d-01bfbfcfd225,814,KJFK-SKBO,2160,C,1150,288
bb2effaf-460b-4366-9d5d-01bfbfcfd225,814,KJFK-SKBO,2160,F,1960,490
bb2effaf-460b-4366-9d5d-01bfbfcfd225,814,KJFK-SKBO,2160,W,560,140
bb2effaf-460b-4366-9d5d-01bfbfcfd225,814,KJFK-SKBO,2160,Y,380,95
f422171c-ffdc-41d4-bf9f-b9ccc44244e3,818,KMIA-SKRG,1213,C,680,170
f422171c-ffdc-41d4-bf9f-b9ccc44244e3,818,KMIA-SKRG,1213,F,1160,290
f422171c-ffdc-41d4-bf9f-b9ccc44244e3,818,KMIA-SKRG,1213,W,330,82
f422171c-ffdc-41d4-bf9f-b9ccc44244e3,818,KMIA-SKRG,1213,Y,220,55
66d6052f-b212-4f7d-ba86-34e681af8ba0,819,SKRG-KMIA,1213,C,680,170
66d6052f-b212-4f7d-ba86-34e681af8ba0,819,SKRG-KMIA,1213,F,1160,290
66d6052f-b212-4f7d-ba86-34e681af8ba0,819,SKRG-KMIA,1213,W,330,82
66d6052f-b212-4f7d-ba86-34e681af8ba0,819,SKRG-KMIA,1213,Y,220,55
8cabcce5-6724-4c39-a05d-1bdb173eb870,822,MMMX-SKRG,1596,C,1150,288
8cabcce5-6724-4c39-a05d-1bdb173eb870,822,MMMX-SKRG,1596,F,1960,490
8cabcce5-6724-4c39-a05d-1bdb173eb870,822,MMMX-SKRG,1596,W,560,140
8cabcce5-6724-4c39-a05d-1bdb173eb870,822,MMMX-SKRG,1596,Y,380,95
df70aff9-62f9-4f88-8999-53442c34bff8,823,SKBO-KFLL,1330,C,680,170
df70aff9-62f9-4f88-8999-53442c34bff8,823,SKBO-KFLL,1330,F,1160,290
df70aff9-62f9-4f88-8999-53442c34bff8,823,SKBO-KFLL,1330,W,330,82
df70aff9-62f9-4f88-8999-53442c34bff8,823,SKBO-KFLL,1330,Y,220,55
6071bf70-089a-4852-93c8-083d5b56dc1e,826,KJFK-SKRG,2074,C,1150,288
6071bf70-089a-4852-93c8-083d5b56dc1e,826,KJFK-SKRG,2074,F,1960,490
6071bf70-089a-4852-93c8-083d5b56dc1e,826,KJFK-SKRG,2074,W,560,140
6071bf70-089a-4852-93c8-083d5b56dc1e,826,KJFK-SKRG,2074,Y,380,95
ac059432-2745-493b-9d6b-5168d3601c78,827,SKRG-MDPC,853,C,680,170
ac059432-2745-493b-9d6b-5168d3601c78,827,SKRG-MDPC,853,F,1160,290
ac059432-2745-493b-9d6b-5168d3601c78,827,SKRG-MDPC,853,W,330,82
ac059432-2745-493b-9d6b-5168d3601c78,827,SKRG-MDPC,853,Y,220,55
1ee50904-8de4-4f92-a1c3-82fe57655d73,829,SKBO-MPTO,408,C,680,170
1ee50904-8de4-4f92-a1c3-82fe57655d73,829,SKBO-MPTO,408,F,1160,290
1ee50904-8de4-4f92-a1c3-82fe57655d73,829,SKBO-MPTO,408,W,330,82
1ee50904-8de4-4f92-a1c3-82fe57655d73,829,SKBO-MPTO,408,Y,220,55
021033a0-d3ed-49c1-9d3f-2894c42d61fa,832,MDSD-SKCG,588,C,680,170
021033a0-d3ed-49c1-9d3f-2894c42d61fa,832,MDSD-SKCG,588,F,1160,290
021033a0-d3ed-49c1-9d3f-2894c42d61fa,832,MDSD-SKCG,588,W,330,82
021033a0-d3ed-49c1-9d3f-2894c42d61fa,832,MDSD-SKCG,588,Y,220,55
178afe40-1147-400e-8a84-c63086a9e9da,833,SKBO-TNCC,545,C,680,170
178afe40-1147-400e-8a84-c63086a9e9da,833,SKBO-TNCC,545,F,1160,290
178afe40-1147-400e-8a84-c63086a9e9da,833,SKBO-TNCC,545,W,330,82
178afe40-1147-400e-8a84-c63086a9e9da,833,SKBO-TNCC,545,Y,220,55
bfa6f07e-ff3d-48f9-9bd6-93207e22aad5,842,KORD-SKBO,2359,C,1150,288
bfa6f07e-ff3d-48f9-9bd6-93207e22aad5,842,KORD-SKBO,2359,F,1960,490
bfa6f07e-ff3d-48f9-9bd6-93207e22aad5,842,KORD-SKBO,2359,W,560,140
bfa6f07e-ff3d-48f9-9bd6-93207e22aad5,842,KORD-SKBO,2359,Y,380,95
3fd61d35-7c61-4d41-9bd7-47a9927acefc,844,SCEL-SKBO,2298,C,1150,288
3fd61d35-7c61-4d41-9bd7-47a9927acefc,844,SCEL-SKBO,2298,F,1960,490
3fd61d35-7c61-4d41-9bd7-47a9927acefc,844,SCEL-SKBO,2298,W,560,140
3fd61d35-7c61-4d41-9bd7-47a9927acefc,844,SCEL-SKBO,2298,Y,380,95
7e62baa4-298c-4ba8-abbd-59255704e119,845,SKBO-SCEL,2298,C,1150,288
7e62baa4-298c-4ba8-abbd-59255704e119,845,SKBO-SCEL,2298,F,1960,490
7e62baa4-298c-4ba8-abbd-59255704e119,845,SKBO-SCEL,2298,W,560,140
7e62baa4-298c-4ba8-abbd-59255704e119,845,SKBO-SCEL,2298,Y,380,95
d7fc9693-d8d8-4d57-bffd-89986526fd00,846,SCEL-SKBO,2298,C,1150,288
d7fc9693-d8d8-4d57-bffd-89986526fd00,846,SCEL-SKBO,2298,F,1960,490
d7fc9693-d8d8-4d57-bffd-89986526fd00,846,SCEL-SKBO,2298,W,560,140
d7fc9693-d8d8-4d57-bffd-89986526fd00,846,SCEL-SKBO,2298,Y,380,95
c9cfb006-5744-4c08-99f6-cf4bb74d1b6a,847,SKBO-SUMU,2588,C,1150,288
c9cfb006-5744-4c08-99f6-cf4bb74d1b6a,847,SKBO-SUMU,2588,F,1960,490
c9cfb006-5744-4c08-99f6-cf4bb74d1b6a,847,SKBO-SUMU,2588,W,560,140
c9cfb006-5744-4c08-99f6-cf4bb74d1b6a,847,SKBO-SUMU,2588,Y,380,95
32646f55-183f-4e69-85a8-04e65eb627f7,848,SUMU-SKBO,2588,C,1150,288
32646f55-183f-4e69-85a8-04e65eb627f7,848,SUMU-SKBO,2588,F,1960,490
32646f55-183f-4e69-85a8-04e65eb627f7,848,SUMU-SKBO,2588,W,560,140
32646f55-183f-4e69-85a8-04e65eb627f7,848,SUMU-SKBO,2588,Y,380,95
a59c415b-c5b2-4c99-8673-578409dab855,849,SKRG-SCEL,2392,C,1150,288
a59c415b-c5b2-4c99-8673-578409dab855,849,SKRG-SCEL,2392,F,1960,490
a59c415b-c5b2-4c99-8673-578409dab855,849,SKRG-SCEL,2392,W,560,140
a59c415b-c5b2-4c99-8673-578409dab855,849,SKRG-SCEL,2392,Y,380,95
56ee3bcb-717f-477d-9e59-51612ed46d84,853,SKRG-MPTO,294,C,680,170
56ee3bcb-717f-477d-9e59-51612ed46d84,853,SKRG-MPTO,294,F,1160,290
56ee3bcb-717f-477d-9e59-51612ed46d84,853,SKRG-MPTO,294,W,330,82
56ee3bcb-717f-477d-9e59-51612ed46d84,853,SKRG-MPTO,294,Y,220,55
69a9b4cb-54ed-4c3a-98c6-51dfa96679ef,854,MPTO-SKRG,294,C,680,170
69a9b4cb-54ed-4c3a-98c6-51dfa96679ef,854,MPTO-SKRG,294,F,1160,290
69a9b4cb-54ed-4c3a-98c6-51dfa96679ef,854,MPTO-SKRG,294,W,330,82
69a9b4cb-54ed-4c3a-98c6-51dfa96679ef,854,MPTO-SKRG,294,Y,220,55
ef22c5a3-5059-4194-9c66-f87d47725dc1,855,SKBO-KBOS,2270,C,1150,288
ef22c5a3-5059-4194-9c66-f87d47725dc1,855,SKBO-KBOS,2270,F,1960,490
ef22c5a3-5059-4194-9c66-f87d47725dc1,855,SKBO-KBOS,2270,W,560,140
ef22c5a3-5059-4194-9c66-f87d47725dc1,855,SKBO-KBOS,2270,Y,380,95
YjmBAq9XQnjPzNW1,856,SKRG-SEQM,417,C,680,170
YjmBAq9XQnjPzNW1,856,SKRG-SEQM,417,W,330,82
YjmBAq9XQnjPzNW1,856,SKRG-SEQM,417,Y,220,55
2dd353a7-0659-4b78-9d46-1eaf9b183f56,858,KATL-SKBO,1832,C,1150,288
2dd353a7-0659-4b78-9d46-1eaf9b183f56,858,KATL-SKBO,1832,F,1960,490
2dd353a7-0659-4b78-9d46-1eaf9b183f56,858,KATL-SKBO,1832,W,560,140
2dd353a7-0659-4b78-9d46-1eaf9b183f56,858,KATL-SKBO,1832,Y,380,95
5af12e9b-04e9-45b5-9493-588fdddd1038,863,SKBO-KATL,1832,C,1150,288
5af12e9b-04e9-45b5-9493-588fdddd1038,863,SKBO-KATL,1832,F,1960,490
5af12e9b-04e9-45b5-9493-588fdddd1038,863,SKBO-KATL,1832,W,560,140
5af12e9b-04e9-45b5-9493-588fdddd1038,863,SKBO-KATL,1832,Y,380,95
2fd37ae7-628e-41b2-a6aa-d683521029dc,864,KATL-SKBO,1832,C,1150,288
2fd37ae7-628e-41b2-a6aa-d683521029dc,864,KATL-SKBO,1832,F,1960,490
2fd37ae7-628e-41b2-a6aa-d683521029dc,864,KATL-SKBO,1832,W,560,140
2fd37ae7-628e-41b2-a6aa-d683521029dc,864,KATL-SKBO,1832,Y,380,95
16c6cabb-fc31-4aab-990d-7160fe92a86e,865,SKRG-TNCC,527,C,680,170
16c6cabb-fc31-4aab-990d-7160fe92a86e,865,SKRG-TNCC,527,F,1160,290
16c6cabb-fc31-4aab-990d-7160fe92a86e,865,SKRG-TNCC,527,W,330,82
16c6cabb-fc31-4aab-990d-7160fe92a86e,865,SKRG-TNCC,527,Y,220,55
224de7c0-3877-4b5f-ab32-5720fc5a8150,866,TNCC-SKRG,527,C,680,170
224de7c0-3877-4b5f-ab32-5720fc5a8150,866,TNCC-SKRG,527,F,1160,290
224de7c0-3877-4b5f-ab32-5720fc5a8150,866,TNCC-SKRG,527,W,330,82
224de7c0-3877-4b5f-ab32-5720fc5a8150,866,TNCC-SKRG,527,Y,220,55
5c5b4bfd-6b78-4d22-b51d-eba53304dd08,867,SKRG-MDSD,811,C,680,170
5c5b4bfd-6b78-4d22-b51d-eba53304dd08,867,SKRG-MDSD,811,F,1160,290
5c5b4bfd-6b78-4d22-b51d-eba53304dd08,867,SKRG-MDSD,811,W,330,82
5c5b4bfd-6b78-4d22-b51d-eba53304dd08,867,SKRG-MDSD,811,Y,220,55
85262041-e8f8-4ded-87e8-c4b0f93945d0,869,SKCG-SPJC,1354,C,680,170
85262041-e8f8-4ded-87e8-c4b0f93945d0,869,SKCG-SPJC,1354,F,1160,290
85262041-e8f8-4ded-87e8-c4b0f93945d0,869,SKCG-SPJC,1354,W,330,82
85262041-e8f8-4ded-87e8-c4b0f93945d0,869,SKCG-SPJC,1354,Y,220,55
76ec1af1-bc2c-427a-bac1-718c4dcbce7f,873,SKBO-KIAD,2066,C,1150,288
76ec1af1-bc2c-427a-bac1-718c4dcbce7f,873,SKBO-KIAD,2066,F,1960,490
76ec1af1-bc2c-427a-bac1-718c4dcbce7f,873,SKBO-KIAD,2066,W,560,140
76ec1af1-bc2c-427a-bac1-718c4dcbce7f,873,SKBO-KIAD,2066,Y,380,95
74b68cbc-d54c-4583-a623-82645b72efb2,874,KIAD-SKBO,2066,C,1150,288
74b68cbc-d54c-4583-a623-82645b72efb2,874,KIAD-SKBO,2066,F,1960,490
74b68cbc-d54c-4583-a623-82645b72efb2,874,KIAD-SKBO,2066,W,560,140
74b68cbc-d54c-4583-a623-82645b72efb2,874,KIAD-SKBO,2066,Y,380,95
ojO3XMKE0ZnYxJW8,875,SKRG-SPJC,1098,C,680,170
ojO3XMKE0ZnYxJW8,875,SKRG-SPJC,1098,W,330,82
ojO3XMKE0ZnYxJW8,875,SKRG-SPJC,1098,Y,220,55
eJY2GPR6Qlon8Kq1,876,SLLP-SKBO,1323,C,680,170
eJY2GPR6Qlon8Kq1,876,SLLP-SKBO,1323,W,330,82
eJY2GPR6Qlon8Kq1,876,SLLP-SKBO,1323,Y,220,55
b4472cb9-cd39-4ba0-9855-14b7863ac4c0,877,SKBO-KIAD,2066,C,1150,288
b4472cb9-cd39-4ba0-9855-14b7863ac4c0,877,SKBO-KIAD,2066,F,1960,490
b4472cb9-cd39-4ba0-9855-14b7863ac4c0,877,SKBO-KIAD,2066,W,560,140
b4472cb9-cd39-4ba0-9855-14b7863ac4c0,877,SKBO-KIAD,2066,Y,380,95
ee4548b4-1af2-4eae-b786-b277cafe0b02,878,KIAD-SKBO,2066,C,1150,288
ee4548b4-1af2-4eae-b786-b277cafe0b02,878,KIAD-SKBO,2066,F,1960,490
ee4548b4-1af2-4eae-b786-b277cafe0b02,878,KIAD-SKBO,2066,W,560,140
ee4548b4-1af2-4eae-b786-b277cafe0b02,878,KIAD-SKBO,2066,Y,380,95
da22e879-1cd7-43ee-992c-e33c555020f8,879,SKRG-KFLL,1227,C,680,170
da22e879-1cd7-43ee-992c-e33c555020f8,879,SKRG-KFLL,1227,F,1160,290
da22e879-1cd7-43ee-992c-e33c555020f8,879,SKRG-KFLL,1227,W,330,82
da22e879-1cd7-43ee-992c-e33c555020f8,879,SKRG-KFLL,1227,Y,220,55
d37d6ae2-82ca-4629-abe7-05dcd136537b,880,KFLL-SKRG,1227,C,680,170
d37d6ae2-82ca-4629-abe7-05dcd136537b,880,KFLL-SKRG,1227,F,1160,290
d37d6ae2-82ca-4629-abe7-05dcd136537b,880,KFLL-SKRG,1227,W,330,82
d37d6ae2-82ca-4629-abe7-05dcd136537b,880,KFLL-SKRG,1227,Y,220,55
025db26a-6983-4697-baa7-d45e7e6fed81,881,SKBO-SLLP,1323,C,680,170
025db26a-6983-4697-baa7-d45e7e6fed81,881,SKBO-SLLP,1323,F,1160,290
025db26a-6983-4697-baa7-d45e7e6fed81,881,SKBO-SLLP,1323,W,330,82
025db26a-6983-4697-baa7-d45e7e6fed81,881,SKBO-SLLP,1323,Y,220,55
97eb8303-3164-46b8-9847-d1bd359c5d74,882,SLLP-SKBO,1323,C,680,170
97eb8303-3164-46b8-9847-d1bd359c5d74,882,SLLP-SKBO,1323,F,1160,290
97eb8303-3164-46b8-9847-d1bd359c5d74,882,SLLP-SKBO,1323,W,330,82
97eb8303-3164-46b8-9847-d1bd359c5d74,882,SLLP-SKBO,1323,Y,220,55
ad9f78af-eb11-43d1-8312-75f7fc2a0cf2,886,SBGL-SKBO,2455,C,1150,288
ad9f78af-eb11-43d1-8312-75f7fc2a0cf2,886,SBGL-SKBO,2455,F,1960,490
ad9f78af-eb11-43d1-8312-75f7fc2a0cf2,886,SBGL-SKBO,2455,W,560,140
ad9f78af-eb11-43d1-8312-75f7fc2a0cf2,886,SBGL-SKBO,2455,Y,380,95
8ec2d399-ac94-4546-be8d-b84fd5462b1d,887,SKCL-KMIA,1356,C,680,170
8ec2d399-ac94-4546-be8d-b84fd5462b1d,887,SKCL-KMIA,1356,F,1160,290
8ec2d399-ac94-4546-be8d-b84fd5462b1d,887,SKCL-KMIA,1356,W,330,82
8ec2d399-ac94-4546-be8d-b84fd5462b1d,887,SKCL-KMIA,1356,Y,220,55
ebd138c9-5a08-4daa-bce3-385ee76c119c,888,KMIA-SKCL,1356,C,680,170
ebd138c9-5a08-4daa-bce3-385ee76c119c,888,KMIA-SKCL,1356,F,1160,290
ebd138c9-5a08-4daa-bce3-385ee76c119c,888,KMIA-SKCL,1356,W,330,82
ebd138c9-5a08-4daa-bce3-385ee76c119c,888,KMIA-SKCL,1356,Y,220,55
0a8c3b82-4394-484f-9568-1417e38570d3,889,SKRG-MMUN,1115,C,680,170
0a8c3b82-4394-484f-9568-1417e38570d3,889,SKRG-MMUN,1115,F,1160,290
0a8c3b82-4394-484f-9568-1417e38570d3,889,SKRG-MMUN,1115,W,330,82
0a8c3b82-4394-484f-9568-1417e38570d3,889,SKRG-MMUN,1115,Y,220,55
b479a1d9-c3d8-443d-b75e-6382a010ea4e,890,MMUN-SKRG,1115,C,680,170
b479a1d9-c3d8-443d-b75e-6382a010ea4e,890,MMUN-SKRG,1115,F,1160,290
b479a1d9-c3d8-443d-b75e-6382a010ea4e,890,MMUN-SKRG,1115,W,330,82
b479a1d9-c3d8-443d-b75e-6382a010ea4e,890,MMUN-SKRG,1115,Y,220,55
5a1a3b99-b0d1-4f5a-b602-56b64d9aa091,891,SKBQ-MUHA,849,C,680,170
5a1a3b99-b0d1-4f5a-b602-56b64d9aa091,891,SKBQ-MUHA,849,F,1160,290
5a1a3b99-b0d1-4f5a-b602-56b64d9aa091,891,SKBQ-MUHA,849,W,330,82
5a1a3b99-b0d1-4f5a-b602-56b64d9aa091,891,SKBQ-MUHA,849,Y,220,55
7baa5263-34f6-4c66-9dc7-e1a62b8a975f,893,SKRG-KATL,1726,C,1150,288
7baa5263-34f6-4c66-9dc7-e1a62b8a975f,893,SKRG-KATL,1726,F,1960,490
7baa5263-34f6-4c66-9dc7-e1a62b8a975f,893,SKRG-KATL,1726,W,560,140
7baa5263-34f6-4c66-9dc7-e1a62b8a975f,893,SKRG-KATL,1726,Y,380,95
0f3f9d1e-9abd-4ed1-9068-5fd596fc7745,894,KATL-SKRG,1726,C,1150,288
0f3f9d1e-9abd-4ed1-9068-5fd596fc7745,894,KATL-SKRG,1726,F,1960,490
0f3f9d1e-9abd-4ed1-9068-5fd596fc7745,894,KATL-SKRG,1726,W,560,140
0f3f9d1e-9abd-4ed1-9068-5fd596fc7745,894,KATL-SKRG,1726,Y,380,95
00d8705a-4196-4e80-babb-c9f89b238a5d,895,SKCL-MPTO,378,C,680,170
00d8705a-4196-4e80-babb-c9f89b238a5d,895,SKCL-MPTO,378,F,1160,290
00d8705a-4196-4e80-babb-c9f89b238a5d,895,SKCL-MPTO,378,W,330,82
00d8705a-4196-4e80-babb-c9f89b238a5d,895,SKCL-MPTO,378,Y,220,55
9c20084b-700e-4611-b313-7298471f3b97,896,MPTO-SKCL,378,C,680,170
9c20084b-700e-4611-b313-7298471f3b97,896,MPTO-SKCL,378,F,1160,290
9c20084b-700e-4611-b313-7298471f3b97,896,MPTO-SKCL,378,W,330,82
9c20084b-700e-4611-b313-7298471f3b97,896,MPTO-SKCL,378,Y,220,55
781df2db-db11-4056-8b5e-77bbea6730d2,897,SKCL-SPJC,937,C,680,170
781df2db-db11-4056-8b5e-77bbea6730d2,897,SKCL-SPJC,937,F,1160,290
781df2db-db11-4056-8b5e-77bbea6730d2,897,SKCL-SPJC,937,W,330,82
781df2db-db11-4056-8b5e-77bbea6730d2,897,SKCL-SPJC,937,Y,220,55
f499ffe3-21a9-462c-be5d-1949ab2bed02,898,SPJC-SKCL,937,C,680,170
f499ffe3-21a9-462c-be5d-1949ab2bed02,898,SPJC-SKCL,937,F,1160,290
f499ffe3-21a9-462c-be5d-1949ab2bed02,898,SPJC-SKCL,937,W,330,82
f499ffe3-21a9-462c-be5d-1949ab2bed02,898,SPJC-SKCL,937,Y,220,55
a1de6be6-c90e-4f83-a290-4a4f49ff7ab9,899,SKRG-SPJC,1098,C,680,170
a1de6be6-c90e-4f83-a290-4a4f49ff7ab9,899,SKRG-SPJC,1098,F,1160,290
a1de6be6-c90e-4f83-a290-4a4f49ff7ab9,899,SKRG-SPJC,1098,W,330,82
a1de6be6-c90e-4f83-a290-4a4f49ff7ab9,899,SKRG-SPJC,1098,Y,220,55
cdb25afe-f47a-4826-bf2e-b8191a756ed5,900,SPJC-SKRG,1098,C,680,170
cdb25afe-f47a-4826-bf2e-b8191a756ed5,900,SPJC-SKRG,1098,F,1160,290
cdb25afe-f47a-4826-bf2e-b8191a756ed5,900,SPJC-SKRG,1098,W,330,82
cdb25afe-f47a-4826-bf2e-b8191a756ed5,900,SPJC-SKRG,1098,Y,220,55
899b1c7d-75e0-4441-aa15-ee8ea310930b,901,SKCL-KFLL,1371,C,680,170
899b1c7d-75e0-4441-aa15-ee8ea310930b,901,SKCL-KFLL,1371,F,1160,290
899b1c7d-75e0-4441-aa15-ee8ea310930b,901,SKCL-KFLL,1371,W,330,82
899b1c7d-75e0-4441-aa15-ee8ea310930b,901,SKCL-KFLL,1371,Y,220,55
f0e517f1-911e-446a-9942-8fdf275295b8,907,SKCL-SCEL,2243,C,1150,288
f0e517f1-911e-446a-9942-8fdf275295b8,907,SKCL-SCEL,2243,F,1960,490
f0e517f1-911e-446a-9942-8fdf275295b8,907,SKCL-SCEL,2243,W,560,140
f0e517f1-911e-446a-9942-8fdf275295b8,907,SKCL-SCEL,2243,Y,380,95
abcd17cf-9fb5-4b02-a895-29169ba5f9ab,910,CYUL-SKCG,2107,C,1150,288
abcd17cf-9fb5-4b02-a895-29169ba5f9ab,910,CYUL-SKCG,2107,F,1960,490
abcd17cf-9fb5-4b02-a895-29169ba5f9ab,910,CYUL-SKCG,2107,W,560,140
abcd17cf-9fb5-4b02-a895-29169ba5f9ab,910,CYUL-SKCG,2107,Y,380,95
ZaLB5OVKNeD2zJxK,921,SKBO-EGLL,4580,C,2700,675
ZaLB5OVKNeD2zJxK,921,SKBO-EGLL,4580,F,4590,1148
ZaLB5OVKNeD2zJxK,921,SKBO-EGLL,4580,W,1150,288
ZaLB5OVKNeD2zJxK,921,SKBO-EGLL,4580,Y,780,195
48d287be-bc63-43f8-96bf-497e1bfa99a3,926,MMUN-SKBO,1231,C,680,170
48d287be-bc63-43f8-96bf-497e1bfa99a3,926,MMUN-SKBO,1231,F,1160,290
48d287be-bc63-43f8-96bf-497e1bfa99a3,926,MMUN-SKBO,1231,W,330,82
48d287be-bc63-43f8-96bf-497e1bfa99a3,926,MMUN-SKBO,1231,Y,220,55
59bc59c5-23b4-4326-bcac-588454e22486,934,KIAH-SKRG,1821,C,1150,288
59bc59c5-23b4-4326-bcac-588454e22486,934,KIAH-SKRG,1821,F,1960,490
59bc59c5-23b4-4326-bcac-588454e22486,934,KIAH-SKRG,1821,W,560,140
59bc59c5-23b4-4326-bcac-588454e22486,934,KIAH-SKRG,1821,Y,380,95
a752333b-826a-4cd9-93a2-86852b0e0c4d,935,SKCL-MMUN,1217,C,680,170
a752333b-826a-4cd9-93a2-86852b0e0c4d,935,SKCL-MMUN,1217,F,1160,290
a752333b-826a-4cd9-93a2-86852b0e0c4d,935,SKCL-MMUN,1217,W,330,82
a752333b-826a-4cd9-93a2-86852b0e0c4d,935,SKCL-MMUN,1217,Y,220,55
899664f6-9c7f-407b-8fc0-0451c812e7fc,936,MMUN-SKCL,1217,C,680,170
899664f6-9c7f-407b-8fc0-0451c812e7fc,936,MMUN-SKCL,1217,F,1160,290
899664f6-9c7f-407b-8fc0-0451c812e7fc,936,MMUN-SKCL,1217,W,330,82
899664f6-9c7f-407b-8fc0-0451c812e7fc,936,MMUN-SKCL,1217,Y,220,55
iNFG2hkaBT1l4EoZ,7002,SKBO-TNCA,529,C,540,135
iNFG2hkaBT1l4EoZ,7002,SKBO-TNCA,529,W,265,66
iNFG2hkaBT1l4EoZ,7002,SKBO-TNCA,529,Y,175,44
ugt0d3qnatzbAyt8,7003,TNCA-SKBO,529,C,540,135
ugt0d3qnatzbAyt8,7003,TNCA-SKBO,529,W,265,66
ugt0d3qnatzbAyt8,7003,TNCA-SKBO,529,Y,175,44
LBehs05u2dVTFuni,7006,SKBO-SVMI,554,C,540,135
LBehs05u2dVTFuni,7006,SKBO-SVMI,554,W,265,66
LBehs05u2dVTFuni,7006,SKBO-SVMI,554,Y,175,44
0nbFBctKgI6NXdEx,7007,SVMI-SKBO,554,C,540,135
0nbFBctKgI6NXdEx,7007,SVMI-SKBO,554,W,265,66
0nbFBctKgI6NXdEx,7007,SVMI-SKBO,554,Y,175,44
vZ3Sd68lR8hxF6Xf,7008,SKBO-SVMI,554,C,540,135
vZ3Sd68lR8hxF6Xf,7008,SKBO-SVMI,554,W,265,66
vZ3Sd68lR8hxF6Xf,7008,SKBO-SVMI,554,Y,175,44
jYPQhgC49ybEr1NN,7009,SVMI-SKBO,554,C,540,135
jYPQhgC49ybEr1NN,7009,SVMI-SKBO,554,W,265,66
jYPQhgC49ybEr1NN,7009,SVMI-SKBO,554,Y,175,44
mmGkSX1j2hf8c93Q,7010,SKBO-SVMI,554,C,540,135
mmGkSX1j2hf8c93Q,7010,SKBO-SVMI,554,W,265,66
mmGkSX1j2hf8c93Q,7010,SKBO-SVMI,554,Y,175,44
JLTBIHv1nCdYvYrf,7011,SVMI-SKBO,554,C,540,135
JLTBIHv1nCdYvYrf,7011,SVMI-SKBO,554,W,265,66
JLTBIHv1nCdYvYrf,7011,SVMI-SKBO,554,Y,175,44
rcKZl0XH5SoNKi67,7024,SKBO-MDPC,899,C,540,135
rcKZl0XH5SoNKi67,7024,SKBO-MDPC,899,W,265,66
rcKZl0XH5SoNKi67,7024,SKBO-MDPC,899,Y,175,44
Z8u1XZzfJKk7WfE1,7025,MDPC-SKBO,899,C,540,135
Z8u1XZzfJKk7WfE1,7025,MDPC-SKBO,899,W,265,66
Z8u1XZzfJKk7WfE1,7025,MDPC-SKBO,899,Y,175,44
w3259ZCAo7KWqrty,7027,MDPC-SKBO,899,C,540,135
w3259ZCAo7KWqrty,7027,MDPC-SKBO,899,W,265,66
w3259ZCAo7KWqrty,7027,MDPC-SKBO,899,Y,175,44
joYeTiQoMoMKAmRq,7042,SKRG-MPPA,298,C,540,135
joYeTiQoMoMKAmRq,7042,SKRG-MPPA,298,W,265,66
joYeTiQoMoMKAmRq,7042,SKRG-MPPA,298,Y,175,44
8KpZuz91bAC5eW04,7043,MPPA-SKRG,298,C,540,135
8KpZuz91bAC5eW04,7043,MPPA-SKRG,298,W,265,66
8KpZuz91bAC5eW04,7043,MPPA-SKRG,298,Y,175,44
JRKiMKnZZ3OJyUWm,7420,SKRG-MDSD,810,C,540,135
JRKiMKnZZ3OJyUWm,7420,SKRG-MDSD,810,W,265,66
JRKiMKnZZ3OJyUWm,7420,SKRG-MDSD,810,Y,175,44
6dhMIf3G4hVlfmMV,7421,MDSD-SKRG,810,C,540,135
6dhMIf3G4hVlfmMV,7421,MDSD-SKRG,810,W,265,66
6dhMIf3G4hVlfmMV,7421,MDSD-SKRG,810,Y,175,44
EH1linEPx3x0bGFD,7430,SKRG-MROC,571,C,540,135
EH1linEPx3x0bGFD,7430,SKRG-MROC,571,W,265,66
EH1linEPx3x0bGFD,7430,SKRG-MROC,571,Y,175,44
7iTuRnurTKAgZts0,7431,MROC-SKRG,571,C,540,135
7iTuRnurTKAgZts0,7431,MROC-SKRG,571,W,265,66
7iTuRnurTKAgZts0,7431,MROC-SKRG,571,Y,175,44
Uv9ifbl1pgLgqVlo,7432,SKRG-MROC,571,C,540,135
Uv9ifbl1pgLgqVlo,7432,SKRG-MROC,571,W,265,66
Uv9ifbl1pgLgqVlo,7432,SKRG-MROC,571,Y,175,44
I8HftOQaVqAQzm0F,7433,MROC-SKRG,571,C,540,135
I8HftOQaVqAQzm0F,7433,MROC-SKRG,571,W,265,66
I8HftOQaVqAQzm0F,7433,MROC-SKRG,571,Y,175,44
U0KGFE56Eh9NrKfn,7436,SKRG-MDPC,852,C,540,135
U0KGFE56Eh9NrKfn,7436,SKRG-MDPC,852,W,265,66
U0KGFE56Eh9NrKfn,7436,SKRG-MDPC,852,Y,175,44
5KEkVCC8K4sFWYwz,7437,MDPC-SKRG,852,C,540,135
5KEkVCC8K4sFWYwz,7437,MDPC-SKRG,852,W,265,66
5KEkVCC8K4sFWYwz,7437,MDPC-SKRG,852,Y,175,44
EA9zRPlt6es3BbML,7438,SKRG-MDPC,852,C,540,135
EA9zRPlt6es3BbML,7438,SKRG-MDPC,852,W,265,66
EA9zRPlt6es3BbML,7438,SKRG-MDPC,852,Y,175,44
9tld8bTJOFh1HPMw,7439,MDPC-SKRG,852,C,540,135
9tld8bTJOFh1HPMw,7439,MDPC-SKRG,852,W,265,66
9tld8bTJOFh1HPMw,7439,MDPC-SKRG,852,Y,175,44
C6M7yShaz2v6Z4dj,7448,SKRG-TNCC,527,C,540,135
C6M7yShaz2v6Z4dj,7448,SKRG-TNCC,527,W,265,66
C6M7yShaz2v6Z4dj,7448,SKRG-TNCC,527,Y,175,44
G2agKBSfjKUDLhKa,7449,TNCC-SKRG,527,C,540,135
G2agKBSfjKUDLhKa,7449,TNCC-SKRG,527,W,265,66
G2agKBSfjKUDLhKa,7449,TNCC-SKRG,527,Y,175,44
EtTvGUOPBVQ1gEvW,7452,SKRG-TNCA,497,C,540,135
EtTvGUOPBVQ1gEvW,7452,SKRG-TNCA,497,W,265,66
EtTvGUOPBVQ1gEvW,7452,SKRG-TNCA,497,Y,175,44
20Q6ihWmKm4V1izG,7453,TNCA-SKRG,497,C,540,135
20Q6ihWmKm4V1izG,7453,TNCA-SKRG,497,W,265,66
20Q6ihWmKm4V1izG,7453,TNCA-SKRG,497,Y,175,44
dmK0L9Jo699a1Kq0,8383,SKBO-SEGU,537,C,680,170
dmK0L9Jo699a1Kq0,8383,SKBO-SEGU,537,W,330,82
dmK0L9Jo699a1Kq0,8383,SKBO-SEGU,537,Y,220,55
OxBVgxGoZxxNGa2j,8384,SEGU-SKBO,537,C,680,170
OxBVgxGoZxxNGa2j,8384,SEGU-SKBO,537,W,330,82
OxBVgxGoZxxNGa2j,8384,SEGU-SKBO,537,Y,220,55
4f126540-c9c6-4ff6-b2b6-42f4369efeea,8395,SKBO-SAEZ,2535,C,1150,288
4f126540-c9c6-4ff6-b2b6-42f4369efeea,8395,SKBO-SAEZ,2535,F,1960,490
4f126540-c9c6-4ff6-b2b6-42f4369efeea,8395,SKBO-SAEZ,2535,W,560,140
4f126540-c9c6-4ff6-b2b6-42f4369efeea,8395,SKBO-SAEZ,2535,Y,380,95
8d326c20-1c25-44e9-8c7a-da21bad23d38,8396,SAEZ-SKBO,2535,C,1150,288
8d326c20-1c25-44e9-8c7a-da21bad23d38,8396,SAEZ-SKBO,2535,F,1960,490
8d326c20-1c25-44e9-8c7a-da21bad23d38,8396,SAEZ-SKBO,2535,W,560,140
8d326c20-1c25-44e9-8c7a-da21bad23d38,8396,SAEZ-SKBO,2535,Y,380,95
BM1YX7YzKoZoRqzb,8398,SEGU-SKRG,567,C,680,170
BM1YX7YzKoZoRqzb,8398,SEGU-SKRG,567,W,330,82
BM1YX7YzKoZoRqzb,8398,SEGU-SKRG,567,Y,220,55
3Q79r04poaeR5LNm,8399,SKRG-SEGU,567,C,680,170
3Q79r04poaeR5LNm,8399,SKRG-SEGU,567,W,330,82
3Q79r04poaeR5LNm,8399,SKRG-SEGU,567,Y,220,55
