operador,origen,destino,tipo,numeros_observados,lo_operamos,nuestros_vuelos
RPB,CYUL,SKCG,internacional,7216,si,2
RPB,KEWR,SKCG,internacional,7520,si,1
RPB,KFLL,SKBO,internacional,7293 7511 7609,si,2
RPB,KFLL,SKCL,internacional,7262 7652,si,2
RPB,KFLL,SKRG,internacional,7272 7274 7292,si,2
RPB,KIAD,SKBO,internacional,7027,si,4
RPB,KIAH,SKBO,internacional,7293,si,1
RPB,KIAH,SKRG,internacional,7270 7290,si,2
RPB,KJFK,SKBO,internacional,7299,si,4
RPB,KJFK,SKCL,internacional,7652,no,0
RPB,KJFK,SKRG,internacional,7270 7272 7290 7608,si,2
RPB,KMCO,SKCG,internacional,7526,si,1
RPB,KMIA,SKCL,internacional,7262 7510,si,2
RPB,LEMD,SKCL,internacional,7652,si,1
RPB,LEMD,SKRG,internacional,7270 7274 7290 7608,si,1
RPB,MDPC,SKBO,internacional,7025 7027,si,3
RPB,MDPC,SKRG,internacional,7437 7439,si,1
RPB,MDSD,SKCL,internacional,7652,si,1
RPB,MDSD,SKRG,internacional,7421,si,1
RPB,MMMX,SKRG,internacional,7270 7290,si,2
RPB,MMUN,SKCL,internacional,7510,si,2
RPB,MMUN,SKRG,internacional,7274 7290 7292 7608,si,2
RPB,MPPA,SKRG,internacional,7043,si,1
RPB,MROC,SKRG,internacional,7268 7270 7272 7290 7292 7431 7433,si,1
RPB,SBGR,SKRG,internacional,7270 7272 7290 7608,si,2
RPB,SCEL,SKCG,internacional,7216 7634,si,2
RPB,SCEL,SKRG,internacional,7270 7272 7290 7608,si,2
RPB,SEGU,SKRG,internacional,7270 7272 7290 7292 7608,si,1
RPB,SEQM,SKRG,internacional,7268 7270 7272 7274 7290 7292 7608,si,1
RPB,SKBO,CYYZ,internacional,7026,si,1
RPB,SKBO,KEWR,internacional,7026,no,0
RPB,SKBO,KIAD,internacional,7026,si,4
RPB,SKBO,KIAH,internacional,7268 7270,si,1
RPB,SKBO,KJFK,internacional,7292,si,4
RPB,SKBO,MDPC,internacional,7024 7026,si,3
RPB,SKBO,SVMI,internacional,7006 7008 7010,si,1
RPB,SKBO,TNCA,internacional,7002,si,2
RPB,SKCG,KBOS,internacional,7635,si,2
RPB,SKCG,SCEL,internacional,7229,si,2
RPB,SKCG,SPJC,internacional,7229 7635,si,2
RPB,SKCL,KFLL,internacional,7651,si,2
RPB,SKCL,KJFK,internacional,7257 7263 7511 7651,si,2
RPB,SKCL,KMIA,internacional,7257 7511,si,2
RPB,SKCL,MDSD,internacional,7511 7651,si,1
RPB,SKCL,MMUN,internacional,7263 7511 7651,si,2
RPB,SKCL,SCEL,internacional,7257 7511 7651 7653,si,2
RPB,SKCL,SPJC,internacional,7257 7511 7651 7653,si,2
RPB,SKRG,KFLL,internacional,7269 7271 7299,si,2
RPB,SKRG,KIAH,internacional,7269 7271 7279 7293,si,2
RPB,SKRG,KJFK,internacional,7271 7279 7299,si,2
RPB,SKRG,LEMD,internacional,7271 7275 7299,si,1
RPB,SKRG,MDPC,internacional,7436 7438,si,2
RPB,SKRG,MDSD,internacional,7420,si,2
RPB,SKRG,MMMX,internacional,7271 7279 7299,si,2
RPB,SKRG,MMUN,internacional,7271 7293,si,2
RPB,SKRG,MPPA,internacional,7042,si,1
RPB,SKRG,MROC,internacional,7271 7275 7279 7299 7430 7432,si,1
RPB,SKRG,MUHA,internacional,7012 7042 7096 7609,si,1
RPB,SKRG,SBGR,internacional,7271 7275 7279 7299,si,1
RPB,SKRG,SCEL,internacional,7271 7275 7299,si,2
RPB,SKRG,SEGU,internacional,7271 7275 7299,si,1
RPB,SKRG,SEQM,internacional,7269 7271 7275 7279 7299,si,1
RPB,SKRG,SPJC,internacional,7271 7275 7279,si,2
RPB,SKRG,TNCA,internacional,7271 7452,si,1
RPB,SKRG,TNCC,internacional,7271 7299 7448,si,2
RPB,SPJC,SKCG,internacional,7216 7520 7634,si,1
RPB,SPJC,SKCL,internacional,7250 7510 7652,si,2
RPB,SPJC,SKRG,internacional,7270 7272 7274 7290 7608,si,2
RPB,SVMI,SKBO,internacional,7007 7009 7011,si,1
RPB,TNCA,SKBO,internacional,7003,si,2
RPB,TNCA,SKRG,internacional,7272 7292 7453,si,1
RPB,TNCC,SKRG,internacional,7272 7290 7449,si,2
RPB,SKAR,SKBG,domestica,7243,no,0
RPB,SKAR,SKBO,domestica,7243 7245 7629,si,2
RPB,SKAR,SKBQ,domestica,7243,no,0
RPB,SKAR,SKCC,domestica,7243,no,0
RPB,SKAR,SKCG,domestica,7236 7243 7520,no,0
RPB,SKAR,SKMR,domestica,7243,no,0
RPB,SKAR,SKRH,domestica,7243,no,0
RPB,SKAR,SKSM,domestica,7243,no,0
RPB,SKAR,SKSP,domestica,7243,no,0
RPB,SKAR,SKVP,domestica,7243,no,0
RPB,SKAR,SKYP,domestica,7243,no,0
RPB,SKAS,SKSM,domestica,7280 7282,no,0
RPB,SKBG,SKAR,domestica,7661,no,0
RPB,SKBG,SKBO,domestica,7265 7267 7675,si,5
RPB,SKBG,SKBQ,domestica,7664,no,0
RPB,SKBG,SKCG,domestica,7668,si,1
RPB,SKBG,SKCL,domestica,7262 7267 7510 7650 7652 7661,no,0
RPB,SKBG,SKPE,domestica,7267,no,0
RPB,SKBG,SKRG,domestica,7661,si,1
RPB,SKBG,SKSM,domestica,7630,si,1
RPB,SKBO,SKAR,domestica,7242 7244 7628,si,2
RPB,SKBO,SKBG,domestica,7264 7266 7674,si,5
RPB,SKBO,SKBQ,domestica,7240 7246 7248,si,6
RPB,SKBO,SKCG,domestica,7216 7218 7226 7228 7230 7234 7236 7520 7634,si,4
RPB,SKBO,SKCL,domestica,7250 7256 7258 7260 7262 7510 7512 7650 7652,si,7
RPB,SKBO,SKGP,domestica,7650,no,0
RPB,SKBO,SKRG,domestica,7268 7270 7272 7274 7276 7278 7290 7292 7298 7502 7504 7506 7508 7606 7608,si,7
RPB,SKBO,SKSM,domestica,7280 7282 7284 7286 7288 7624,si,4
RPB,SKBQ,SKAR,domestica,7247,no,0
RPB,SKBQ,SKBG,domestica,7665,no,0
RPB,SKBQ,SKBO,domestica,7247 7249,si,6
RPB,SKBQ,SKCL,domestica,7247 7262 7510 7650 7652,si,2
RPB,SKBQ,SKFL,domestica,7247,no,0
RPB,SKBQ,SKMZ,domestica,7247,no,0
RPB,SKBQ,SKNV,domestica,7247,no,0
RPB,SKBQ,SKPE,domestica,7247 7623,no,0
RPB,SKBQ,SKPP,domestica,7247,no,0
RPB,SKBQ,SKPS,domestica,7247,no,0
RPB,SKBQ,SKRG,domestica,7621 7623,si,1
RPB,SKBQ,SKSP,domestica,7206,si,1
RPB,SKBQ,SKYP,domestica,7247,no,0
RPB,SKCC,SKCL,domestica,7510 7650 7652,si,1
RPB,SKCG,SKAR,domestica,7229,no,0
RPB,SKCG,SKAS,domestica,7521,no,0
RPB,SKCG,SKBG,domestica,7669,si,1
RPB,SKCG,SKBO,domestica,7217 7219 7227 7229 7231 7235 7237 7521 7635,si,3
RPB,SKCG,SKFL,domestica,7229,no,0
RPB,SKCG,SKMZ,domestica,7229,no,0
RPB,SKCG,SKNV,domestica,7229,no,0
RPB,SKCG,SKPP,domestica,7229,no,0
RPB,SKCG,SKPS,domestica,7229,no,0
RPB,SKCG,SKRG,domestica,7527 7601 7603 7605 7617 7619,si,2
RPB,SKCG,SKSP,domestica,7212,si,2
RPB,SKCG,SKYP,domestica,7229,no,0
RPB,SKCL,SKBG,domestica,7257 7264 7511 7651 7653,no,0
RPB,SKCL,SKBO,domestica,7251 7257 7259 7261 7263 7511 7513 7651 7653,si,7
RPB,SKCL,SKBQ,domestica,7246 7257 7511 7651 7653,si,2
RPB,SKCL,SKCC,domestica,7257 7511 7653,si,1
RPB,SKCL,SKEJ,domestica,7257 7511 7651,no,0
RPB,SKCL,SKLT,domestica,7257 7511 7651,no,0
RPB,SKCL,SKMR,domestica,7257 7511 7651 7653,no,0
RPB,SKCL,SKRH,domestica,7257 7511,si,1
RPB,SKCL,SKVP,domestica,7257 7511 7651 7653,no,0
RPB,SKCL,SKVV,domestica,7511 7651,si,2
RPB,SKCL,SKYP,domestica,7257 7511 7651 7653,no,0
RPB,SKCO,SKBO,domestica,7257 7651,no,0
RPB,SKEJ,SKCL,domestica,7262 7650,no,0
RPB,SKFL,SKBG,domestica,7264,no,0
RPB,SKFL,SKCG,domestica,7520 7634,no,0
RPB,SKFL,SKRG,domestica,7272 7274 7290 7608,no,0
RPB,SKFL,SKSM,domestica,7280 7286,no,0
RPB,SKGP,SKBO,domestica,7257,no,0
RPB,SKIB,SKCG,domestica,7236,no,0
RPB,SKIB,SKSM,domestica,7286,no,0
RPB,SKIP,SKBG,domestica,7264,no,0
RPB,SKIP,SKCG,domestica,7236 7634,no,0
RPB,SKIP,SKRG,domestica,7272 7274 7292,no,0
RPB,SKIP,SKSM,domestica,7280 7286,no,0
RPB,SKLT,SKBG,domestica,7264,no,0
RPB,SKLT,SKCG,domestica,7634,no,0
RPB,SKLT,SKCL,domestica,7652,no,0
RPB,SKLT,SKRG,domestica,7272 7290 7608,no,0
RPB,SKLT,SKSM,domestica,7280,no,0
RPB,SKMR,SKCL,domestica,7262 7510 7650 7652,no,0
RPB,SKMZ,SKBG,domestica,7264,no,0
RPB,SKMZ,SKCG,domestica,7236 7634,no,0
RPB,SKMZ,SKSM,domestica,7280 7286,no,0
RPB,SKNV,SKBG,domestica,7264,no,0
RPB,SKNV,SKCG,domestica,7236 7520 7634,no,0
RPB,SKNV,SKRG,domestica,7272 7274 7290 7292 7608,no,0
RPB,SKNV,SKSM,domestica,7286,no,0
RPB,SKPE,SKBG,domestica,7264,no,0
RPB,SKPE,SKSM,domestica,7280,no,0
RPB,SKPI,SKRG,domestica,7274 7292,no,0
RPB,SKPI,SKSM,domestica,7286,no,0
RPB,SKPP,SKCG,domestica,7236,no,0
RPB,SKPP,SKRG,domestica,7290,no,0
RPB,SKPS,SKCG,domestica,7236 7634,no,0
RPB,SKPS,SKRG,domestica,7272 7292,si,1
RPB,SKPS,SKSM,domestica,7280,no,0
RPB,SKRG,SKBG,domestica,7660,si,1
RPB,SKRG,SKBO,domestica,7269 7271 7273 7275 7277 7279 7291 7293 7299 7503 7505 7507 7509 7607 7609,si,7
RPB,SKRG,SKBQ,domestica,7620 7622,si,1
RPB,SKRG,SKCG,domestica,7526 7600 7602 7604 7616 7618,si,1
RPB,SKRG,SKFL,domestica,7269 7271,no,0
RPB,SKRG,SKIP,domestica,7269 7271,no,0
RPB,SKRG,SKLT,domestica,7271 7299,no,0
RPB,SKRG,SKNV,domestica,7269 7271 7275 7299 7609,no,0
RPB,SKRG,SKPP,domestica,7299,no,0
RPB,SKRG,SKPS,domestica,7271 7299 7609,si,1
RPB,SKRG,SKSM,domestica,7612 7614 7632,si,1
RPB,SKRG,SKUC,domestica,7269 7271 7660,no,0
RPB,SKRG,SKVV,domestica,7269 7271 7299,no,0
RPB,SKRG,SKYP,domestica,7269 7271 7299 7609,no,0
RPB,SKRH,SKCL,domestica,7262 7510 7652,si,1
RPB,SKSM,SKAR,domestica,7281,no,0
RPB,SKSM,SKBG,domestica,7631,si,1
RPB,SKSM,SKBO,domestica,7281 7283 7285 7287 7289 7625,si,4
RPB,SKSM,SKNV,domestica,7281,no,0
RPB,SKSM,SKPE,domestica,7281 7287 7633,si,1
RPB,SKSM,SKRG,domestica,7613 7615 7633,si,1
RPB,SKSM,SKYP,domestica,7281,no,0
RPB,SKSP,SKBG,domestica,7213 7264,no,0
RPB,SKSP,SKBQ,domestica,7207,si,1
RPB,SKSP,SKCG,domestica,7213,si,2
RPB,SKSP,SKPE,domestica,7213,no,0
RPB,SKUC,SKCL,domestica,7510 7652,no,0
RPB,SKUC,SKRG,domestica,7272 7290 7608,no,0
RPB,SKUI,SKBG,domestica,7264,no,0
RPB,SKVP,SKCL,domestica,7510 7652,no,0
RPB,SKVV,SKBG,domestica,7264,si,2
RPB,SKVV,SKCG,domestica,7236 7634,si,1
RPB,SKVV,SKCL,domestica,7262 7650 7652,si,2
RPB,SKVV,SKRG,domestica,7272 7274 7292,no,0
RPB,SKVV,SKSM,domestica,7280 7286,si,1
RPB,SKYP,SKCG,domestica,7236 7520,no,0
RPB,SKYP,SKCL,domestica,7262 7510 7650 7652,no,0
RPB,SKYP,SKRG,domestica,7274 7290 7292 7608,no,0
RPB,SKYP,SKSM,domestica,7286,no,0
EFY,SKAR,SKVV,domestica,4880 7880,si,1
EFY,SKAR,SKYP,domestica,4857 9016 9028,no,0
EFY,SKAS,SKBG,domestica,8995,no,0
EFY,SKAS,SKBO,domestica,8995,no,0
EFY,SKAS,SKBQ,domestica,8995,no,0
EFY,SKAS,SKCC,domestica,8995,no,0
EFY,SKAS,SKCG,domestica,8995,no,0
EFY,SKAS,SKCL,domestica,6967,si,1
EFY,SKAS,SKIB,domestica,8995,no,0
EFY,SKAS,SKMD,domestica,8995 9116 9126,no,0
EFY,SKAS,SKMR,domestica,8995,no,0
EFY,SKAS,SKPE,domestica,8995,no,0
EFY,SKAS,SKRG,domestica,8995,no,0
EFY,SKAS,SKRH,domestica,8995,no,0
EFY,SKAS,SKSM,domestica,8995,no,0
EFY,SKAS,SKSP,domestica,8995,no,0
EFY,SKAS,SKVV,domestica,4824 8995,no,0
EFY,SKAS,SKYP,domestica,4857 8995 9020,no,0
EFY,SKBG,SKBS,domestica,6950 7864 9083,no,0
EFY,SKBG,SKCC,domestica,9060 9070,si,1
EFY,SKBG,SKCL,domestica,6917 6925 9081 9089,no,0
EFY,SKBG,SKFL,domestica,9034 9036 9038,no,0
EFY,SKBG,SKLC,domestica,8978 9081 9085,no,0
EFY,SKBG,SKMD,domestica,9081 9083 9085 9089,si,1
EFY,SKBG,SKMZ,domestica,7834 7836 7838,no,0
EFY,SKBG,SKNQ,domestica,6976 9081 9085,no,0
EFY,SKBG,SKNV,domestica,4835 4859 9042 9044 9046 9048,no,0
EFY,SKBG,SKPE,domestica,9054 9081,no,0
EFY,SKBG,SKPI,domestica,9030,no,0
EFY,SKBG,SKPP,domestica,9168,no,0
EFY,SKBG,SKUC,domestica,9094 9096,no,0
EFY,SKBG,SKUI,domestica,4855 8940 8942 8946 8948 9081,no,0
EFY,SKBG,SKVV,domestica,4824 4880 7880,si,2
EFY,SKBO,SKAS,domestica,8994,no,0
EFY,SKBO,SKBS,domestica,6950 7864 9110 9112 9114,no,0
EFY,SKBO,SKCL,domestica,7899,si,7
EFY,SKBO,SKCO,domestica,7794,no,0
EFY,SKBO,SKEJ,domestica,4829 6978 6984,si,3
EFY,SKBO,SKFL,domestica,9034 9036 9038,si,1
EFY,SKBO,SKGP,domestica,6908 6910,no,0
EFY,SKBO,SKLC,domestica,8972 8978 9104 9112 9116 9126,no,0
EFY,SKBO,SKMD,domestica,9104 9106 9108 9110 9112 9114 9122 9126 9128 9130,si,1
EFY,SKBO,SKMZ,domestica,7812 7816 7834 7836 7838,no,0
EFY,SKBO,SKNA,domestica,7818,no,0
EFY,SKBO,SKNQ,domestica,6974 6976 9104 9110 9112 9114 9116 9126,no,0
EFY,SKBO,SKNV,domestica,4835 4859 9040 9042 9044 9046 9048,si,2
EFY,SKBO,SKPE,domestica,9188,si,4
EFY,SKBO,SKPI,domestica,9030,no,0
EFY,SKBO,SKPP,domestica,9164 9168,si,1
EFY,SKBO,SKSJ,domestica,6932,no,0
EFY,SKBO,SKTL,domestica,7776 7850 9104 9110 9114,no,0
EFY,SKBO,SKUC,domestica,9170 9172,no,0
EFY,SKBO,SKUI,domestica,4855 8940 8942,no,0
EFY,SKBO,SKVV,domestica,4810 4824 4880 7880,si,3
EFY,SKBO,SKYP,domestica,4857 4873 4895 9010 9014 9016 9020 9026 9028,si,4
EFY,SKBQ,SKFL,domestica,9034 9036 9038,no,0
EFY,SKBQ,SKGP,domestica,6908 6910,no,0
EFY,SKBQ,SKMZ,domestica,7834 7836 7838,no,0
EFY,SKBQ,SKNV,domestica,4835 4859 9042 9044 9046 9048,no,0
EFY,SKBQ,SKPI,domestica,9030,no,0
EFY,SKBQ,SKPP,domestica,9168,no,0
EFY,SKBQ,SKVV,domestica,4824 4880 7880,si,1
EFY,SKBQ,SKYP,domestica,4857 4895 9014 9016 9020 9026 9028,no,0
EFY,SKBS,SKBO,domestica,6951 7865 9113 9131,no,0
EFY,SKBS,SKMD,domestica,6951 7865,si,1
EFY,SKBS,SKMR,domestica,6951 8988,no,0
EFY,SKBS,SKPE,domestica,6951 7865 9058,no,0
EFY,SKCC,SKBG,domestica,9061 9071,si,1
EFY,SKCC,SKFL,domestica,9036 9038,no,0
EFY,SKCC,SKMZ,domestica,7836 7838,no,0
EFY,SKCC,SKNV,domestica,4835 4859 9042 9044 9046 9048,no,0
EFY,SKCC,SKPI,domestica,9030,no,0
EFY,SKCC,SKPP,domestica,9168,no,0
EFY,SKCC,SKUI,domestica,4855 8942,no,0
EFY,SKCC,SKVV,domestica,4824 4880 7880,si,1
EFY,SKCG,SKAS,domestica,8994,no,0
EFY,SKCG,SKFL,domestica,9034 9036 9038,no,0
EFY,SKCG,SKMZ,domestica,7834 7836 7838,no,0
EFY,SKCG,SKNV,domestica,4835 4859 9042 9044 9046 9048,no,0
EFY,SKCG,SKPI,domestica,9030,no,0
EFY,SKCG,SKPP,domestica,9168,no,0
EFY,SKCG,SKVV,domestica,4824 4880 7880,si,1
EFY,SKCG,SKYP,domestica,4857 4895 9014 9016 9020 9026 9028,no,0
EFY,SKCL,SKAS,domestica,6966,si,1
EFY,SKCL,SKBO,domestica,7898 9029,si,7
EFY,SKCL,SKCO,domestica,7794 7798,si,1
EFY,SKCL,SKEJ,domestica,4829 6978 6984,no,0
EFY,SKCL,SKGP,domestica,6908 6910,si,1
EFY,SKCL,SKLC,domestica,6912 6916 6926 8972 8978,no,0
EFY,SKCL,SKMD,domestica,6912 6916 6918 6926,si,1
EFY,SKCL,SKMR,domestica,6916 6918 8988,no,0
EFY,SKCL,SKPS,domestica,6988 6990,si,1
EFY,SKCL,SKTL,domestica,6912 7776 7850,no,0
EFY,SKCL,SKUC,domestica,9172,no,0
EFY,SKCL,SKVV,domestica,4810 4824 4880 7772 7880,si,2
EFY,SKCL,SKYP,domestica,4857 4895 9010 9014 9016 9020 9026 9028,no,0
EFY,SKCO,SKBO,domestica,7795,no,0
EFY,SKCO,SKCL,domestica,7795 7799,si,1
EFY,SKCO,SKMD,domestica,6926 7795,no,0
EFY,SKCO,SKRG,domestica,7795,no,0
EFY,SKCO,SKVV,domestica,7772 7795,no,0
EFY,SKEJ,SKAR,domestica,6985,no,0
EFY,SKEJ,SKBO,domestica,4828 6979 6985,si,3
EFY,SKEJ,SKCL,domestica,4828 6979 6985 7899,no,0
EFY,SKEJ,SKFL,domestica,4828 6979 9036,no,0
EFY,SKEJ,SKIP,domestica,4828 6979,no,0
EFY,SKEJ,SKMZ,domestica,4828 6979 7834 7836,no,0
EFY,SKEJ,SKNV,domestica,4828 4835 6979 6985 9042 9044 9048,no,0
EFY,SKEJ,SKPE,domestica,4828 6979 6985 9188,no,0
EFY,SKEJ,SKPI,domestica,4828 9030,no,0
EFY,SKEJ,SKSP,domestica,4828 6979,no,0
EFY,SKEJ,SKVV,domestica,4880 6979 7880,si,1
EFY,SKFL,SKBG,domestica,9035 9037 9039,no,0
EFY,SKFL,SKBO,domestica,9035 9037 9039,si,1
EFY,SKFL,SKBQ,domestica,9035 9037 9039,no,0
EFY,SKFL,SKCC,domestica,9035 9037 9039,no,0
EFY,SKFL,SKCG,domestica,9035 9037 9039,no,0
EFY,SKFL,SKEJ,domestica,6984 9035 9037,no,0
EFY,SKFL,SKMD,domestica,9035 9037 9122 9128 9130,no,0
EFY,SKFL,SKMR,domestica,9035 9037,no,0
EFY,SKFL,SKMZ,domestica,7836 7838 9035 9037,no,0
EFY,SKFL,SKRG,domestica,9035 9037 9039,no,0
EFY,SKFL,SKRH,domestica,9035 9037,no,0
EFY,SKFL,SKSM,domestica,9035 9037,no,0
EFY,SKFL,SKSP,domestica,9037,no,0
EFY,SKFL,SKUI,domestica,8942 9035,no,0
EFY,SKFL,SKVP,domestica,9037,no,0
EFY,SKFL,SKVV,domestica,4824 9035,si,1
EFY,SKFL,SKYP,domestica,4857 4895 9020 9026 9035 9037,no,0
EFY,SKGP,SKBO,domestica,6909 6911,no,0
EFY,SKGP,SKCL,domestica,6909 6911,si,1
EFY,SKGP,SKRG,domestica,6909 6911,no,0
EFY,SKIB,SKBS,domestica,6950 7864 9157,no,0
EFY,SKIB,SKMD,domestica,9157,si,1
EFY,SKIB,SKMR,domestica,8986 9157,no,0
EFY,SKIB,SKUC,domestica,9172,no,0
EFY,SKIB,SKVV,domestica,4880 7880,si,1
EFY,SKIB,SKYP,domestica,9016 9028,no,0
EFY,SKIP,SKEJ,domestica,6984,no,0
EFY,SKIP,SKMD,domestica,9128 9130,no,0
EFY,SKIP,SKMZ,domestica,7838,no,0
EFY,SKIP,SKUC,domestica,9172,no,0
EFY,SKIP,SKYP,domestica,4895 9020 9026 9028,no,0
EFY,SKLC,SKBO,domestica,8973 9125,no,0
EFY,SKLC,SKMD,domestica,8971 8973 8977 8979,si,1
EFY,SKLC,SKPE,domestica,8973 9054,no,0
EFY,SKLC,SKUI,domestica,8946 8954 8973,no,0
EFY,SKLC,SKVV,domestica,7820 8973,si,1
EFY,SKLT,SKEJ,domestica,6984,no,0
EFY,SKLT,SKMD,domestica,9128 9130,no,0
EFY,SKLT,SKMZ,domestica,7836 7838,no,0
EFY,SKLT,SKNV,domestica,4835 9046,no,0
EFY,SKLT,SKPP,domestica,9168,no,0
EFY,SKLT,SKUI,domestica,8942,no,0
EFY,SKLT,SKVV,domestica,4824,no,0
EFY,SKLT,SKYP,domestica,4857 9020,no,0
EFY,SKMD,SKBG,domestica,9080 9082 9084 9088,si,1
EFY,SKMD,SKBO,domestica,9105 9107 9109 9111 9113 9123 9125 9127 9129 9131,si,1
EFY,SKMD,SKBS,domestica,6950 7864,si,1
EFY,SKMD,SKCC,domestica,9070 9088,si,1
EFY,SKMD,SKCL,domestica,6913 6915 6917 6925,si,1
EFY,SKMD,SKFL,domestica,9034 9036 9038 9105 9109 9111 9113 9127,no,0
EFY,SKMD,SKGP,domestica,6908 6910 6913 6915,no,0
EFY,SKMD,SKIB,domestica,9156,si,1
EFY,SKMD,SKIP,domestica,9107 9113,no,0
EFY,SKMD,SKLC,domestica,8970 8972 8976 8978,si,1
EFY,SKMD,SKMR,domestica,8980 8982 8984 8986 8988,si,1
EFY,SKMD,SKMZ,domestica,7806,si,1
EFY,SKMD,SKNQ,domestica,6970 6974 6976,si,1
EFY,SKMD,SKNV,domestica,4835 4859 9042 9044 9048 9105 9107 9111 9113 9125 9127 9131,si,1
EFY,SKMD,SKPE,domestica,9050 9052 9054 9056 9058,si,1
EFY,SKMD,SKPI,domestica,9030 9107 9111 9113,no,0
EFY,SKMD,SKPS,domestica,6913 6915 6917 6988 6990,si,1
EFY,SKMD,SKSP,domestica,9107 9113 9127,no,0
EFY,SKMD,SKTL,domestica,7776 7778 7850,si,1
EFY,SKMD,SKUC,domestica,9080 9094 9125 9127 9131 9172,no,0
EFY,SKMD,SKUI,domestica,8944 8946 8948 8950 8952 8954 8958,si,1
EFY,SKMD,SKVV,domestica,4824 4880 7820 7880 9105 9107 9109 9111 9113,si,2
EFY,SKMD,SKYP,domestica,4857 4895 9014 9016 9020 9026 9028 9105 9107 9109 9111 9113 9125 9127 9131,no,0
EFY,SKMR,SKBS,domestica,6950 7864 8983,no,0
EFY,SKMR,SKCL,domestica,6917 6925 8981 8987,no,0
EFY,SKMR,SKFL,domestica,9036 9038,no,0
EFY,SKMR,SKMD,domestica,8981 8983 8985 8987 8989,si,1
EFY,SKMR,SKNQ,domestica,6976 8983 8985,no,0
EFY,SKMR,SKNV,domestica,4835 4859 9042 9044 9046 9048,no,0
EFY,SKMR,SKPE,domestica,8981 8987 9054 9058,no,0
EFY,SKMR,SKPI,domestica,9030,no,0
EFY,SKMR,SKPP,domestica,9168,no,0
EFY,SKMR,SKUI,domestica,8948 8954 8958 8981 8987,no,0
EFY,SKMR,SKVV,domestica,4824 4880 7820 7880 8981,si,1
EFY,SKMR,SKYP,domestica,4857 4895 9016 9020 9026 9028,no,0
EFY,SKMZ,SKBG,domestica,7835 7837 7839,no,0
EFY,SKMZ,SKBO,domestica,7813 7817 7835 7837 7839,no,0
EFY,SKMZ,SKBQ,domestica,7835 7837 7839,no,0
EFY,SKMZ,SKCC,domestica,7835 7837 7839,no,0
EFY,SKMZ,SKCG,domestica,7835 7837 7839,no,0
EFY,SKMZ,SKEJ,domestica,6984 7837,no,0
EFY,SKMZ,SKFL,domestica,7813 7837 9036 9038,no,0
EFY,SKMZ,SKIP,domestica,7835,no,0
EFY,SKMZ,SKLT,domestica,7835,no,0
EFY,SKMZ,SKMD,domestica,7807,si,1
EFY,SKMZ,SKMR,domestica,7807 8986,no,0
EFY,SKMZ,SKPI,domestica,7835 9030,no,0
EFY,SKMZ,SKPS,domestica,7835,no,0
EFY,SKMZ,SKRH,domestica,7835 7837,no,0
EFY,SKMZ,SKSM,domestica,7835 7837 7839,no,0
EFY,SKMZ,SKSP,domestica,7835 7837 7839,no,0
EFY,SKMZ,SKUC,domestica,7837 7839 9172,no,0
EFY,SKMZ,SKVP,domestica,7837 7839,no,0
EFY,SKMZ,SKVV,domestica,4824 4880 7813 7835 7880,si,1
EFY,SKMZ,SKYP,domestica,4857 4895 7813 7835 7837 7839 9016 9020 9026 9028,no,0
EFY,SKNA,SKBO,domestica,7819,no,0
EFY,SKNQ,SKBO,domestica,6975 9113 9127,no,0
EFY,SKNQ,SKMD,domestica,6971 6975 6977,si,1
EFY,SKNQ,SKMR,domestica,6975 8988,no,0
EFY,SKNV,SKBG,domestica,4834 4860 9041 9045 9047,no,0
EFY,SKNV,SKBO,domestica,4834 4860 9041 9043 9045 9047 9049,si,2
EFY,SKNV,SKBQ,domestica,4834 4860 9041 9045 9047,no,0
EFY,SKNV,SKCC,domestica,4834 4860 9041 9045 9047 9049,no,0
EFY,SKNV,SKCG,domestica,4834 4860 9041 9043 9045 9047 9049,no,0
EFY,SKNV,SKEJ,domestica,6984 9045,no,0
EFY,SKNV,SKLT,domestica,9045,no,0
EFY,SKNV,SKMD,domestica,9041 9045 9114 9122 9128 9130,si,1
EFY,SKNV,SKMR,domestica,4834 4860 9041 9045 9047,no,0
EFY,SKNV,SKRG,domestica,4834 4860 9041 9043 9045 9047 9049,no,0
EFY,SKNV,SKRH,domestica,4834 9041 9045,no,0
EFY,SKNV,SKSM,domestica,4834 4860 9041 9045 9047,no,0
EFY,SKNV,SKSP,domestica,4834 9041 9045,no,0
EFY,SKNV,SKUC,domestica,4834 9041 9172,no,0
EFY,SKNV,SKVP,domestica,4834 9041 9045 9047,no,0
EFY,SKNV,SKVV,domestica,4824 4880 7880 9041,si,1
EFY,SKNV,SKYP,domestica,4834 4857 4895 9016 9026 9028 9041 9045 9047,no,0
EFY,SKPE,SKBG,domestica,9055 9057 9088,no,0
EFY,SKPE,SKBO,domestica,9189,si,4
EFY,SKPE,SKEJ,domestica,4829 6984,no,0
EFY,SKPE,SKMD,domestica,9051 9053 9055 9057 9059,si,1
EFY,SKPE,SKMR,domestica,8988 9055,no,0
EFY,SKPE,SKRG,domestica,9059 9264,si,1
EFY,SKPE,SKUC,domestica,9172,no,0
EFY,SKPE,SKVV,domestica,4824 4880 7880,si,2
EFY,SKPE,SKYP,domestica,4857 4895 9014 9016 9020 9026 9028,no,0
EFY,SKPI,SKBG,domestica,9031,no,0
EFY,SKPI,SKBO,domestica,9031,no,0
EFY,SKPI,SKBQ,domestica,9031,no,0
EFY,SKPI,SKCC,domestica,9031,no,0
EFY,SKPI,SKCG,domestica,9031,no,0
EFY,SKPI,SKMD,domestica,9031 9122 9128,no,0
EFY,SKPI,SKMR,domestica,9031,no,0
EFY,SKPI,SKRG,domestica,9031,no,0
EFY,SKPI,SKRH,domestica,9031,no,0
EFY,SKPI,SKSM,domestica,9031,no,0
EFY,SKPI,SKSP,domestica,9031,no,0
EFY,SKPI,SKUC,domestica,9031 9172,no,0
EFY,SKPI,SKVP,domestica,9031,no,0
EFY,SKPI,SKYP,domestica,4895 9026 9028 9031,no,0
EFY,SKPP,SKBG,domestica,9165 9169,no,0
EFY,SKPP,SKBO,domestica,9165 9169,si,1
EFY,SKPP,SKBQ,domestica,9165 9169,no,0
EFY,SKPP,SKCC,domestica,9165 9169,no,0
EFY,SKPP,SKCG,domestica,9165 9169,no,0
EFY,SKPP,SKMD,domestica,9114 9165,si,1
EFY,SKPP,SKMR,domestica,9165 9169,no,0
EFY,SKPP,SKRG,domestica,9165 9169,no,0
EFY,SKPP,SKRH,domestica,9165,no,0
EFY,SKPP,SKSM,domestica,9165 9169,no,0
EFY,SKPP,SKSP,domestica,9165,no,0
EFY,SKPP,SKVP,domestica,9165,no,0
EFY,SKPP,SKVV,domestica,4880 7880 9165,si,1
EFY,SKPP,SKYP,domestica,9016 9165,no,0
EFY,SKPS,SKCL,domestica,6987 6989 6991,si,1
EFY,SKPS,SKMD,domestica,6916 6989 9114,si,1
EFY,SKPS,SKMZ,domestica,7836,no,0
EFY,SKPS,SKVV,domestica,4824 4880,si,1
EFY,SKPS,SKYP,domestica,4857 9016 9020 9028,no,0
EFY,SKRG,SKFL,domestica,9034 9036 9038,no,0
EFY,SKRG,SKNV,domestica,4835 4859 9040 9042 9044 9046 9048,no,0
EFY,SKRG,SKPI,domestica,9030,no,0
EFY,SKRG,SKPP,domestica,9168,no,0
EFY,SKRG,SKPS,domestica,6988,si,1
EFY,SKRG,SKUC,domestica,9094 9172,no,0
EFY,SKRG,SKVV,domestica,4810 4824 4880 7880,no,0
EFY,SKRG,SKYP,domestica,4857 4895 9010 9014 9016 9020 9026 9028,no,0
EFY,SKRH,SKFL,domestica,9036 9038,no,0
EFY,SKRH,SKMZ,domestica,7836 7838,no,0
EFY,SKRH,SKNV,domestica,4835 4859 9042 9044 9046 9048,no,0
EFY,SKRH,SKPI,domestica,9030,no,0
EFY,SKRH,SKPP,domestica,9168,no,0
EFY,SKRH,SKUI,domestica,8942,no,0
EFY,SKRH,SKVV,domestica,4824,no,0
EFY,SKRH,SKYP,domestica,4857 4895 9016 9020 9026 9028,no,0
EFY,SKSM,SKFL,domestica,9034 9036 9038,no,0
EFY,SKSM,SKMZ,domestica,7834 7836 7838,no,0
EFY,SKSM,SKNV,domestica,4835 4859 9042 9044 9046 9048,no,0
EFY,SKSM,SKPI,domestica,9030,no,0
EFY,SKSM,SKPP,domestica,9168,no,0
EFY,SKSM,SKVV,domestica,4824 4880 7880,si,1
EFY,SKSM,SKYP,domestica,4857 4895 9014 9016 9020 9026 9028,no,0
EFY,SKSP,SKEJ,domestica,6984,no,0
EFY,SKSP,SKFL,domestica,9038,no,0
EFY,SKSP,SKMD,domestica,9128 9130,no,0
EFY,SKSP,SKMZ,domestica,7836 7838,no,0
EFY,SKSP,SKNV,domestica,4835 4859 9042 9044 9046 9048,no,0
EFY,SKSP,SKPI,domestica,9030,no,0
EFY,SKSP,SKPP,domestica,9168,no,0
EFY,SKSP,SKUC,domestica,9172,no,0
EFY,SKSP,SKVV,domestica,4824,no,0
EFY,SKSP,SKYP,domestica,4857 4895 9016 9020 9026 9028,no,0
EFY,SKTL,SKMD,domestica,7777 7851,si,1
EFY,SKUC,SKBG,domestica,9095 9097,no,0
EFY,SKUC,SKBO,domestica,9171 9173,no,0
EFY,SKUC,SKCG,domestica,9095,no,0
EFY,SKUC,SKCL,domestica,9173,no,0
EFY,SKUC,SKMD,domestica,9089 9095 9128 9130,no,0
EFY,SKUC,SKMZ,domestica,7836 7838,no,0
EFY,SKUC,SKNV,domestica,4835 9046,no,0
EFY,SKUC,SKPE,domestica,9173,no,0
EFY,SKUC,SKPP,domestica,9168,no,0
EFY,SKUC,SKRG,domestica,9173,no,0
EFY,SKUC,SKUI,domestica,8942,no,0
EFY,SKUC,SKVV,domestica,4824,si,1
EFY,SKUI,SKBG,domestica,4854 8941 8943 8951 9088,no,0
EFY,SKUI,SKBO,domestica,4854 8941 8943,no,0
EFY,SKUI,SKCC,domestica,8941 8943,no,0
EFY,SKUI,SKLT,domestica,4854 8941,no,0
EFY,SKUI,SKMD,domestica,8945 8947 8949 8951 8953 8955 8959,si,1
EFY,SKUI,SKMR,domestica,8945 8947 8949 8986 8988,no,0
EFY,SKUI,SKRH,domestica,8941,no,0
EFY,SKUI,SKVP,domestica,4854,no,0
EFY,SKUI,SKVV,domestica,4824 4854 7820 8941 8945 8947,si,1
EFY,SKUI,SKYP,domestica,4854 4857 4895 8941 9016 9020,no,0
EFY,SKVP,SKFL,domestica,9036 9038,no,0
EFY,SKVP,SKMZ,domestica,7836 7838,no,0
EFY,SKVP,SKNV,domestica,4835 4859 9044 9046,no,0
EFY,SKVP,SKPI,domestica,9030,no,0
EFY,SKVP,SKPP,domestica,9168,no,0
EFY,SKVP,SKUI,domestica,8942,no,0
EFY,SKVP,SKVV,domestica,4824,si,1
EFY,SKVP,SKYP,domestica,4857 4895 9016 9026,no,0
EFY,SKVV,SKAR,domestica,4881,si,1
EFY,SKVV,SKBG,domestica,4809 4827 4881 7881,si,2
EFY,SKVV,SKBO,domestica,4809 4827 4881 7881,si,3
EFY,SKVV,SKBQ,domestica,4809 4827 4881 7881,si,1
EFY,SKVV,SKCC,domestica,4809 4827 7881,si,1
EFY,SKVV,SKCG,domestica,4809 4827 4881 7881,si,1
EFY,SKVV,SKCL,domestica,4809 4827 4881 7773 7881,si,2
EFY,SKVV,SKEJ,domestica,4881 6984 7881,si,1
EFY,SKVV,SKFL,domestica,4809 4827 9036 9038,si,1
EFY,SKVV,SKIB,domestica,4881 7881,si,1
EFY,SKVV,SKIP,domestica,4809 7881,si,1
EFY,SKVV,SKLT,domestica,4881 7881,no,0
EFY,SKVV,SKMD,domestica,4809 4881 7821 7881 9114 9122 9128 9130,si,2
EFY,SKVV,SKMR,domestica,4809 4827 4881 7881,si,1
EFY,SKVV,SKMZ,domestica,4809 4881 7836 7838 7881,si,1
EFY,SKVV,SKNV,domestica,4809 4827 4835 4859 4881 7881 9042 9044 9046 9048,si,1
EFY,SKVV,SKPE,domestica,4809 4827 4881 7881 9188,si,2
EFY,SKVV,SKPI,domestica,4809 9030,si,1
EFY,SKVV,SKPP,domestica,4881 9168,si,1
EFY,SKVV,SKPS,domestica,4881 7881,si,1
EFY,SKVV,SKRG,domestica,4809 4827 4881 7881,no,0
EFY,SKVV,SKRH,domestica,4809 4827 7881,no,0
EFY,SKVV,SKSM,domestica,4809 4827 4881 7881,si,1
EFY,SKVV,SKSP,domestica,4809 4827 4881,no,0
EFY,SKVV,SKUC,domestica,4827 9172,si,1
EFY,SKVV,SKUI,domestica,4809 4855 4881 7821 7881 8942 8958,si,1
EFY,SKVV,SKVP,domestica,4809 4827 4881,si,1
EFY,SKYP,SKAR,domestica,4874 9017 9021,no,0
EFY,SKYP,SKBO,domestica,4858 4874 9011 9015 9017 9021 9027 9029,si,4
EFY,SKYP,SKBQ,domestica,4858 4874 9011 9017 9021 9027,no,0
EFY,SKYP,SKCG,domestica,4858 4874 9011 9017 9021 9027 9029,no,0
EFY,SKYP,SKCL,domestica,4858 4874 7899 9011 9017 9021 9027 9029,no,0
EFY,SKYP,SKFL,domestica,4858 9011 9017 9021 9036 9038,no,0
EFY,SKYP,SKIP,domestica,9011,no,0
EFY,SKYP,SKLT,domestica,9017,no,0
EFY,SKYP,SKMD,domestica,9011 9017 9114 9122 9128 9130,no,0
EFY,SKYP,SKMR,domestica,4858 9011 9017 9021,no,0
EFY,SKYP,SKMZ,domestica,7834 7838 9011 9017,no,0
EFY,SKYP,SKNV,domestica,4858 4859 9011 9017 9021 9042 9044 9046 9048,no,0
EFY,SKYP,SKPE,domestica,4858 4874 9011 9017 9021 9027 9029 9188,no,0
EFY,SKYP,SKPI,domestica,9030,no,0
EFY,SKYP,SKPP,domestica,9017 9168,no,0
EFY,SKYP,SKPS,domestica,9017,no,0
EFY,SKYP,SKRG,domestica,4858 4874 9011 9017 9021 9027 9029,no,0
EFY,SKYP,SKRH,domestica,4858 9011 9017 9021,no,0
EFY,SKYP,SKSM,domestica,4858 4874 9011 9017 9021 9027,no,0
EFY,SKYP,SKSP,domestica,4858 9011 9017 9021,no,0
EFY,SKYP,SKUI,domestica,4855 8940 9011,no,0
EFY,SKYP,SKVP,domestica,4858 9011 9017 9021,no,0
NSE,SKAS,SKBO,domestica,8009 8659 8669 8733,no,0
NSE,SKAS,SKCL,domestica,8769,si,1
NSE,SKBO,SKAS,domestica,7704 8658 8732,no,0
NSE,SKBO,SKBG,domestica,8770,si,5
NSE,SKBO,SKBS,domestica,8602 8606 8692,no,0
NSE,SKBO,SKBU,domestica,8725,no,0
NSE,SKBO,SKCO,domestica,8686 8720,no,0
NSE,SKBO,SKCZ,domestica,7724 8602 8604 8690 8700 8722 8778,si,1
NSE,SKBO,SKFL,domestica,8645 8754 8886,si,1
NSE,SKBO,SKLC,domestica,8006 8606 8666 8767 8898,no,0
NSE,SKBO,SKMD,domestica,8602 8604 8606 8616 8767,si,1
NSE,SKBO,SKMU,domestica,8740,no,0
NSE,SKBO,SKNA,domestica,8778,no,0
NSE,SKBO,SKPC,domestica,8702 8778 8796,si,2
NSE,SKBO,SKPD,domestica,8704 8706 8882,no,0
NSE,SKBO,SKPI,domestica,8902,no,0
NSE,SKBO,SKSJ,domestica,8736,no,0
NSE,SKBO,SKTM,domestica,8718,no,0
NSE,SKBO,SKUC,domestica,8710 8712 8714,no,0
NSE,SKBO,SKUI,domestica,8724 8793,no,0
NSE,SKBO,SKVG,domestica,8742,no,0
NSE,SKBO,SKVP,domestica,8910,si,2
NSE,SKBO,SKVV,domestica,8882,si,3
NSE,SKBQ,SKCC,domestica,8761,no,0
NSE,SKBQ,SKMD,domestica,8817,no,0
NSE,SKBQ,SKUI,domestica,8680 8817,no,0
NSE,SKBS,SKBO,domestica,8619 8693 8766,no,0
NSE,SKBS,SKCL,domestica,6545,no,0
NSE,SKBS,SKGP,domestica,6545 8652,no,0
NSE,SKBS,SKMD,domestica,8693,si,1
NSE,SKBU,SKBO,domestica,8726,no,0
NSE,SKCC,SKOC,domestica,8849,no,0
NSE,SKCL,SKAS,domestica,8768,si,1
NSE,SKCL,SKBS,domestica,6544,no,0
NSE,SKCL,SKCO,domestica,8687 8820,si,1
NSE,SKCL,SKFL,domestica,8772,si,1
NSE,SKCL,SKGP,domestica,8652 8890,si,1
NSE,SKCL,SKIP,domestica,8654,si,1
NSE,SKCL,SKNQ,domestica,6548,no,0
NSE,SKCL,SKNV,domestica,6546,no,0
NSE,SKCL,SKPP,domestica,6540,no,0
NSE,SKCO,SKBO,domestica,8685 8721,no,0
NSE,SKCO,SKCL,domestica,8688 8821,si,1
NSE,SKCO,SKMD,domestica,8721 8767,no,0
NSE,SKCO,SKMU,domestica,8721 8740,no,0
NSE,SKCO,SKPD,domestica,8704 8721,no,0
NSE,SKCZ,SKBO,domestica,8701 8723,si,1
NSE,SKFL,SKBO,domestica,8646 8755 8887,si,1
NSE,SKFL,SKCL,domestica,8773,si,1
NSE,SKFL,SKPD,domestica,8704 8755,no,0
NSE,SKGP,SKCL,domestica,8653 8891,si,1
NSE,SKGP,SKPP,domestica,6553,no,0
NSE,SKIP,SKCL,domestica,8655,si,1
NSE,SKLC,SKBO,domestica,8007 8619 8667 8799 8899,no,0
NSE,SKLC,SKMD,domestica,8007 8661 8663 8665 8667,si,1
NSE,SKLC,SKUI,domestica,8007 8680,no,0
NSE,SKMD,SKBO,domestica,8601 8605 8607 8619 8766,si,1
NSE,SKMD,SKBQ,domestica,8816,no,0
NSE,SKMD,SKBS,domestica,8692,si,1
NSE,SKMD,SKCZ,domestica,7724 8844,si,1
NSE,SKMD,SKFL,domestica,8607 8886,no,0
NSE,SKMD,SKLC,domestica,8006 8660 8662 8664 8666,si,1
NSE,SKMD,SKML,domestica,8844 8912 8926,si,1
NSE,SKMD,SKMR,domestica,6756,si,1
NSE,SKMD,SKNQ,domestica,8730,si,1
NSE,SKMD,SKOC,domestica,8846,no,0
NSE,SKMD,SKPI,domestica,8766 8902,no,0
NSE,SKMD,SKUC,domestica,8712 8766,no,0
NSE,SKMD,SKUI,domestica,8670 8676 8678 8680 8876,si,1
NSE,SKMD,SKVP,domestica,6758,si,1
NSE,SKML,SKMD,domestica,8913,si,1
NSE,SKMR,SKBQ,domestica,6763,no,0
NSE,SKMR,SKMD,domestica,6757,si,1
NSE,SKMU,SKBO,domestica,8741,no,0
NSE,SKMU,SKLC,domestica,8741 8898,no,0
NSE,SKNA,SKBO,domestica,8779,no,0
NSE,SKNQ,SKCL,domestica,6549,no,0
NSE,SKNQ,SKCO,domestica,6549 8820,no,0
NSE,SKNQ,SKFL,domestica,6549 8772,no,0
NSE,SKNQ,SKMD,domestica,8731,si,1
NSE,SKNV,SKCL,domestica,6547,no,0
NSE,SKPC,SKBO,domestica,8703 8709 8797 8883,si,2
NSE,SKPC,SKVV,domestica,8709 8739,si,3
NSE,SKPI,SKBO,domestica,8903,no,0
NSE,SKPP,SKCL,domestica,6551,si,1
NSE,SKPV,SKSP,domestica,8807 8809 8815,si,1
NSE,SKSP,SKPV,domestica,8806 8808 8814,si,1
NSE,SKUC,SKBG,domestica,8623,no,0
NSE,SKUC,SKBO,domestica,8711 8715,no,0
NSE,SKUI,SKBO,domestica,8729 8734 8794,no,0
NSE,SKUI,SKMD,domestica,8671 8673 8677 8679 8875,si,1
NSE,SKUI,SKMR,domestica,6756 8673 8875,no,0
NSE,SKUI,SKRG,domestica,8679,no,0
NSE,SKVP,SKBQ,domestica,6753,no,0
NSE,SKVP,SKMD,domestica,6759,si,1
NSE,SKVV,SKBO,domestica,8883,si,3
NSE,SKVV,SKCZ,domestica,8700 8883,si,1
NSE,SKVV,SKFL,domestica,8883 8886,si,1
NSE,SKVV,SKLC,domestica,8883 8898,si,1
NSE,SKVV,SKPC,domestica,8708,si,2
NSE,SKVV,SKUI,domestica,8724 8883,si,1
